MSRMNT_Date,Depth_To_Water_At_Msrmnt_Point,Well_Depth,Well_Location_Latitude,Well_Location_Longitude,Well_Location_Elevation
2023-08-08T14:38:27,361.16,400,34.978287,-106.326764,7525.396
2024-03-19T15:58:22,290.44,400,34.978287,-106.326764,7525.396
2019-11-14T00:00:00,711.11,740,35.071526,-106.778477,5642.196
2019-08-01T00:00:00,711.1,740,35.071526,-106.778477,5642.196
2019-05-02T00:00:00,711.68,740,35.071526,-106.778477,5642.196
2019-03-04T00:00:00,711.28,740,35.071526,-106.778477,5642.196
2018-11-08T00:00:00,712.49,740,35.071526,-106.778477,5642.196
2018-10-16T00:00:00,712.65,740,35.071526,-106.778477,5642.196
2018-07-12T00:00:00,712.51,740,35.071526,-106.778477,5642.196
2018-05-14T00:00:00,711.77,740,35.071526,-106.778477,5642.196
2017-11-30T00:00:00,713.27,740,35.071526,-106.778477,5642.196
2017-08-10T00:00:00,712.72,740,35.071526,-106.778477,5642.196
2017-06-01T00:00:00,711.64,740,35.071526,-106.778477,5642.196
2016-08-12T00:00:00,712.58,740,35.071526,-106.778477,5642.196
2016-04-15T00:00:00,711.79,740,35.071526,-106.778477,5642.196
2016-02-05T00:00:00,713.49,740,35.071526,-106.778477,5642.196
2015-10-29T00:00:00,712.65,740,35.071526,-106.778477,5642.196
2015-09-10T00:00:00,713.63,740,35.071526,-106.778477,5642.196
2015-04-16T00:00:00,713.39,740,35.071526,-106.778477,5642.196
2015-01-27T00:00:00,715.7,740,35.071526,-106.778477,5642.196
2014-11-13T00:00:00,715.71,740,35.071526,-106.778477,5642.196
2014-09-08T00:00:00,714.91,740,35.071526,-106.778477,5642.196
2014-06-02T00:00:00,716.14,740,35.071526,-106.778477,5642.196
2014-01-22T00:00:00,716.5,740,35.071526,-106.778477,5642.196
2013-11-07T00:00:00,717.53,740,35.071526,-106.778477,5642.196
2013-08-06T00:00:00,716.88,740,35.071526,-106.778477,5642.196
2013-05-15T00:00:00,716.48,740,35.071526,-106.778477,5642.196
2013-03-13T00:00:00,717.51,740,35.071526,-106.778477,5642.196
2012-11-07T00:00:00,717.74,740,35.071526,-106.778477,5642.196
2012-08-20T00:00:00,717.39,740,35.071526,-106.778477,5642.196
2012-05-03T00:00:00,717.02,740,35.071526,-106.778477,5642.196
2012-02-09T00:00:00,717.66,740,35.071526,-106.778477,5642.196
2011-10-04T00:00:00,718.05,740,35.071526,-106.778477,5642.196
2011-08-01T00:00:00,718.16,740,35.071526,-106.778477,5642.196
2011-04-27T00:00:00,717.85,740,35.071526,-106.778477,5642.196
2011-01-25T00:00:00,718.37,740,35.071526,-106.778477,5642.196
2010-11-01T00:00:00,718.73,740,35.071526,-106.778477,5642.196
2010-09-09T00:00:00,718.27,740,35.071526,-106.778477,5642.196
2010-05-04T00:00:00,716.69,740,35.071526,-106.778477,5642.196
2010-02-04T00:00:00,716.91,740,35.071526,-106.778477,5642.196
2009-11-09T00:00:00,717.95,740,35.071526,-106.778477,5642.196
2009-08-26T00:00:00,718,740,35.071526,-106.778477,5642.196
2009-05-13T00:00:00,714.94,740,35.071526,-106.778477,5642.196
2009-01-13T00:00:00,716.58,740,35.071526,-106.778477,5642.196
2008-10-21T00:00:00,716.85,740,35.071526,-106.778477,5642.196
2008-03-04T00:00:00,714.76,740,35.071526,-106.778477,5642.196
2006-10-19T00:00:00,719.55,740,35.071526,-106.778477,5642.196
2006-07-07T00:00:00,719.95,740,35.071526,-106.778477,5642.196
2005-10-27T00:00:00,718.97,740,35.071526,-106.778477,5642.196
2004-07-21T00:00:00,687.6,740,35.071526,-106.778477,5642.196
2003-12-01T00:00:00,690,740,35.071526,-106.778477,5642.196
2021-12-13T19:43:00,710.78,740,35.071526,-106.778477,5642.196
2023-07-31T19:25:55,710.08,740,35.071526,-106.778477,5642.196
2024-01-02T20:48:38,709.99,740,35.071526,-106.778477,5642.196
2024-03-01T20:35:49,709.92,740,35.071526,-106.778477,5642.196
2024-07-29T21:59:50,709.99,740,35.071526,-106.778477,5642.196
2024-09-17T22:21:33,709.76,740,35.071526,-106.778477,5642.196
2024-10-02T19:56:45,710.01,740,35.071526,-106.778477,5642.196
2025-01-10T18:18:29,710.13,740,35.071526,-106.778477,5642.196
2025-03-14T16:13:08,709.47,740,35.071526,-106.778477,5642.196
2025-06-09T15:48:54,709.98,740,35.071526,-106.778477,5642.196
2025-09-03T15:58:00,710.05,740,35.071526,-106.778477,5642.196
2019-12-05T00:00:00,819.09,1010,35.17610167,-106.5263,5711.241
2019-08-01T00:00:00,816.78,1010,35.17610167,-106.5263,5711.241
2019-06-06T00:00:00,839.88,1010,35.17610167,-106.5263,5711.241
2019-02-27T00:00:00,835.26,1010,35.17610167,-106.5263,5711.241
2018-10-16T00:00:00,832.95,1010,35.17610167,-106.5263,5711.241
2018-08-27T00:00:00,826.02,1010,35.17610167,-106.5263,5711.241
2018-04-19T00:00:00,853.74,1010,35.17610167,-106.5263,5711.241
2018-02-15T00:00:00,842.19,1010,35.17610167,-106.5263,5711.241
2017-12-07T00:00:00,826.02,1010,35.17610167,-106.5263,5711.241
2017-09-15T00:00:00,839.88,1010,35.17610167,-106.5263,5711.241
2017-05-31T00:00:00,802.92,1010,35.17610167,-106.5263,5711.241
2017-02-23T00:00:00,802.92,1010,35.17610167,-106.5263,5711.241
2016-10-20T00:00:00,807.54,1010,35.17610167,-106.5263,5711.241
2016-01-29T00:00:00,809.85,1010,35.17610167,-106.5263,5711.241
2015-10-22T00:00:00,805.23,1010,35.17610167,-106.5263,5711.241
2015-07-23T00:00:00,793.68,1010,35.17610167,-106.5263,5711.241
2015-05-19T00:00:00,809.85,1010,35.17610167,-106.5263,5711.241
2015-05-13T00:00:00,798.3,1010,35.17610167,-106.5263,5711.241
2015-02-12T00:00:00,819.09,1010,35.17610167,-106.5263,5711.241
2014-08-21T00:00:00,805.23,1010,35.17610167,-106.5263,5711.241
2014-04-08T00:00:00,805.23,1010,35.17610167,-106.5263,5711.241
2014-01-06T00:00:00,809.85,1010,35.17610167,-106.5263,5711.241
2013-11-25T00:00:00,798.3,1010,35.17610167,-106.5263,5711.241
2013-08-22T00:00:00,795.99,1010,35.17610167,-106.5263,5711.241
2013-06-17T00:00:00,828.33,1010,35.17610167,-106.5263,5711.241
2012-05-10T00:00:00,800.61,1010,35.17610167,-106.5263,5711.241
2012-02-09T00:00:00,784.44,1010,35.17610167,-106.5263,5711.241
2012-02-07T00:00:00,830.64,1010,35.17610167,-106.5263,5711.241
2011-11-29T00:00:00,795.99,1010,35.17610167,-106.5263,5711.241
2011-07-27T00:00:00,789.06,1010,35.17610167,-106.5263,5711.241
2011-04-28T00:00:00,778.665,1010,35.17610167,-106.5263,5711.241
2011-04-05T00:00:00,777.51,1010,35.17610167,-106.5263,5711.241
2011-01-20T00:00:00,828.33,1010,35.17610167,-106.5263,5711.241
2010-10-26T00:00:00,812.16,1010,35.17610167,-106.5263,5711.241
2010-08-20T00:00:00,812.16,1010,35.17610167,-106.5263,5711.241
2010-06-07T00:00:00,795.99,1010,35.17610167,-106.5263,5711.241
2008-10-14T00:00:00,800.61,1010,35.17610167,-106.5263,5711.241
2008-05-19T00:00:00,795.07,1010,35.17610167,-106.5263,5711.241
2025-03-21T21:58:38,823.71,1010,35.17610167,-106.5263,5711.241
2025-06-09T17:53:00,827.18,1010,35.17610167,-106.5263,5711.241
2025-09-03T18:33:00,835.26,1010,35.17610167,-106.5263,5711.241
2020-11-08T00:00:00,327,340,34.9871611,-106.293375,7360.077
2020-08-02T00:00:00,304.1,340,34.9871611,-106.293375,7360.077
2021-03-14T18:29:51,316,340,34.9871611,-106.293375,7360.077
2021-11-06T19:10:28,323.7,340,34.9871611,-106.293375,7360.077
2023-04-12T20:16:42,288.35,340,34.9871611,-106.293375,7360.077
2020-11-08T00:00:00,228.3,600,34.9831167,-106.3021028,7423.936
2020-08-02T00:00:00,227.8,600,34.9831167,-106.3021028,7423.936
2020-05-02T00:00:00,228.1,600,34.9831167,-106.3021028,7423.936
2021-03-14T18:42:16,228.1,600,34.9831167,-106.3021028,7423.936
2021-11-06T19:19:40,231.1,600,34.9831167,-106.3021028,7423.936
2023-04-12T20:09:11,190.88,600,34.9831167,-106.3021028,7423.936
2024-03-11T18:11:08,233.42,600,34.9831167,-106.3021028,7423.936
2025-03-11T15:58:00,237.87,600,34.9831167,-106.3021028,7423.936
2019-11-14T00:00:00,397.73,1424,35.097785,-106.7463583,5313.667
2019-07-01T00:00:00,397.77,1424,35.097785,-106.7463583,5313.667
2019-04-25T00:00:00,397.66,1424,35.097785,-106.7463583,5313.667
2019-03-21T00:00:00,397.77,1424,35.097785,-106.7463583,5313.667
2018-10-16T00:00:00,395.76,1424,35.097785,-106.7463583,5313.667
2018-07-12T00:00:00,397.94,1424,35.097785,-106.7463583,5313.667
2018-05-14T00:00:00,397.72,1424,35.097785,-106.7463583,5313.667
2018-01-04T00:00:00,397.9,1424,35.097785,-106.7463583,5313.667
2017-12-07T00:00:00,397.94,1424,35.097785,-106.7463583,5313.667
2017-08-10T00:00:00,397.94,1424,35.097785,-106.7463583,5313.667
2017-05-25T00:00:00,397.72,1424,35.097785,-106.7463583,5313.667
2017-01-26T00:00:00,397.78,1424,35.097785,-106.7463583,5313.667
2016-11-21T00:00:00,397.82,1424,35.097785,-106.7463583,5313.667
2016-02-05T00:00:00,397.98,1424,35.097785,-106.7463583,5313.667
2015-10-29T00:00:00,397.88,1424,35.097785,-106.7463583,5313.667
2015-09-10T00:00:00,397.97,1424,35.097785,-106.7463583,5313.667
2015-04-16T00:00:00,397.81,1424,35.097785,-106.7463583,5313.667
2015-01-27T00:00:00,398.05,1424,35.097785,-106.7463583,5313.667
2014-11-13T00:00:00,397.95,1424,35.097785,-106.7463583,5313.667
2014-09-02T00:00:00,397.91,1424,35.097785,-106.7463583,5313.667
2014-06-02T00:00:00,397.94,1424,35.097785,-106.7463583,5313.667
2014-01-22T00:00:00,397.98,1424,35.097785,-106.7463583,5313.667
2013-10-07T00:00:00,397.95,1424,35.097785,-106.7463583,5313.667
2013-08-06T00:00:00,398.01,1424,35.097785,-106.7463583,5313.667
2013-05-15T00:00:00,397.97,1424,35.097785,-106.7463583,5313.667
2013-03-06T00:00:00,397.98,1424,35.097785,-106.7463583,5313.667
2012-11-07T00:00:00,398.04,1424,35.097785,-106.7463583,5313.667
2012-08-20T00:00:00,398.98,1424,35.097785,-106.7463583,5313.667
2012-05-03T00:00:00,397.89,1424,35.097785,-106.7463583,5313.667
2012-02-13T00:00:00,397.92,1424,35.097785,-106.7463583,5313.667
2011-10-04T00:00:00,398.25,1424,35.097785,-106.7463583,5313.667
2011-08-01T00:00:00,398.28,1424,35.097785,-106.7463583,5313.667
2011-04-27T00:00:00,397.98,1424,35.097785,-106.7463583,5313.667
2011-01-25T00:00:00,398.17,1424,35.097785,-106.7463583,5313.667
2010-11-01T00:00:00,398.31,1424,35.097785,-106.7463583,5313.667
2010-09-09T00:00:00,398.25,1424,35.097785,-106.7463583,5313.667
2010-05-04T00:00:00,398.35,1424,35.097785,-106.7463583,5313.667
2010-02-03T00:00:00,398.58,1424,35.097785,-106.7463583,5313.667
2009-11-04T00:00:00,398.95,1424,35.097785,-106.7463583,5313.667
2009-08-26T00:00:00,398.95,1424,35.097785,-106.7463583,5313.667
2021-12-13T19:46:00,397.53,1424,35.097785,-106.7463583,5313.667
2023-08-01T19:50:54,397.51,1424,35.097785,-106.7463583,5313.667
2024-01-02T21:10:17,397.32,1424,35.097785,-106.7463583,5313.667
2024-01-30T19:27:36,397.36,1424,35.097785,-106.7463583,5313.667
2024-02-16T22:51:00,397.22,1424,35.097785,-106.7463583,5313.667
2024-03-01T20:59:22,397.29,1424,35.097785,-106.7463583,5313.667
2016-03-10T20:56:00,398.88,1424,35.097785,-106.7463583,5313.667
2016-08-24T20:46:00,397.94,1424,35.097785,-106.7463583,5313.667
2024-04-03T22:24:36,397.21,1424,35.097785,-106.7463583,5313.667
2024-07-29T16:10:00,397.31,1424,35.097785,-106.7463583,5313.667
2024-08-12T18:38:14,397.35,1424,35.097785,-106.7463583,5313.667
2024-09-17T14:26:00,397.11,1424,35.097785,-106.7463583,5313.667
2024-10-02T20:26:56,397.23,1424,35.097785,-106.7463583,5313.667
2024-11-05T16:51:25,397.08,1424,35.097785,-106.7463583,5313.667
2024-12-09T18:11:06,397.12,1424,35.097785,-106.7463583,5313.667
2025-03-14T14:57:56,396.86,1424,35.097785,-106.7463583,5313.667
2025-04-04T15:34:33,396.91,1424,35.097785,-106.7463583,5313.667
2025-05-01T16:20:00,397.02,1424,35.097785,-106.7463583,5313.667
2025-07-02T17:05:00,396.61,1424,35.097785,-106.7463583,5313.667
2025-08-01T14:25:00,397.27,1424,35.097785,-106.7463583,5313.667
2025-09-03T15:35:52,397.72,1424,35.097785,-106.7463583,5313.667
2020-11-08T00:00:00,344.61,600,34.978561,-106.321527,7516.934
2020-08-02T00:00:00,342.7,600,34.978561,-106.321527,7516.934
2020-05-02T00:00:00,340.98,600,34.978561,-106.321527,7516.934
2019-11-03T00:00:00,340.29,600,34.978561,-106.321527,7516.934
2019-07-25T00:00:00,339.21,600,34.978561,-106.321527,7516.934
2019-04-25T00:00:00,338.33,600,34.978561,-106.321527,7516.934
2019-01-11T00:00:00,338.88,600,34.978561,-106.321527,7516.934
2018-04-08T00:00:00,335.35,600,34.978561,-106.321527,7516.934
2017-10-03T00:00:00,333.86,600,34.978561,-106.321527,7516.934
2017-06-26T00:00:00,332.88,600,34.978561,-106.321527,7516.934
2017-02-02T00:00:00,332.02,600,34.978561,-106.321527,7516.934
2016-06-15T00:00:00,329.69,600,34.978561,-106.321527,7516.934
2016-03-30T00:00:00,324.62,600,34.978561,-106.321527,7516.934
2015-09-08T00:00:00,329.25,600,34.978561,-106.321527,7516.934
2015-06-08T00:00:00,328.8,600,34.978561,-106.321527,7516.934
2015-03-09T00:00:00,327.49,600,34.978561,-106.321527,7516.934
2014-10-16T00:00:00,327.471,600,34.978561,-106.321527,7516.934
2014-08-05T00:00:00,326.779,600,34.978561,-106.321527,7516.934
2014-05-06T00:00:00,325.296,600,34.978561,-106.321527,7516.934
2014-01-29T00:00:00,324.669,600,34.978561,-106.321527,7516.934
2013-11-13T00:00:00,323.777,600,34.978561,-106.321527,7516.934
2013-08-19T00:00:00,322.361,600,34.978561,-106.321527,7516.934
2013-05-16T00:00:00,320.082,600,34.978561,-106.321527,7516.934
2013-03-25T00:00:00,318.67,600,34.978561,-106.321527,7516.934
2012-11-14T00:00:00,316.54,600,34.978561,-106.321527,7516.934
2012-08-09T00:00:00,312.217,600,34.978561,-106.321527,7516.934
2012-04-24T00:00:00,311.49,600,34.978561,-106.321527,7516.934
2012-02-24T00:00:00,311.87,600,34.978561,-106.321527,7516.934
2021-03-14T19:34:31,344.47,600,34.978561,-106.321527,7516.934
2021-11-10T15:33:08,347.4,600,34.978561,-106.321527,7516.934
2023-03-16T17:51:43,348.25,600,34.978561,-106.321527,7516.934
2023-08-03T20:57:13,345.5,600,34.978561,-106.321527,7516.934
2023-11-07T17:40:14,349.87,600,34.978561,-106.321527,7516.934
2023-11-07T17:40:14,349.87,600,34.978561,-106.321527,7516.934
2023-12-06T21:23:30,349.92,600,34.978561,-106.321527,7516.934
2024-01-11T17:19:26,350.5,600,34.978561,-106.321527,7516.934
2024-02-01T22:24:36,350.13,600,34.978561,-106.321527,7516.934
2024-02-15T18:38:46,350.15,600,34.978561,-106.321527,7516.934
2024-02-15T22:40:00,350.15,600,34.978561,-106.321527,7516.934
2024-03-21T20:54:17,343.44,600,34.978561,-106.321527,7516.934
2024-04-03T18:03:47,347.96,600,34.978561,-106.321527,7516.934
2024-05-09T15:39:00,350.55,600,34.978561,-106.321527,7516.934
2024-06-03T23:31:51,349.9,600,34.978561,-106.321527,7516.934
2024-07-26T16:35:21,351.25,600,34.978561,-106.321527,7516.934
2024-08-15T19:07:17,351.33,600,34.978561,-106.321527,7516.934
2024-09-12T16:59:42,351.36,600,34.978561,-106.321527,7516.934
2024-10-07T21:05:00,351.41,600,34.978561,-106.321527,7516.934
2024-11-14T17:55:47,351.7,600,34.978561,-106.321527,7516.934
2024-12-10T18:09:28,351.65,600,34.978561,-106.321527,7516.934
2025-01-16T15:45:00,351.63,600,34.978561,-106.321527,7516.934
2025-02-10T15:39:00,351.81,600,34.978561,-106.321527,7516.934
2025-03-11T21:14:28,351.9,600,34.978561,-106.321527,7516.934
2025-05-08T15:47:51,351.8,600,34.978561,-106.321527,7516.934
2025-06-16T18:52:23,351.81,600,34.978561,-106.321527,7516.934
2025-07-10T18:49:04,352.09,600,34.978561,-106.321527,7516.934
2025-08-04T07:22:00,352.31,600,34.978561,-106.321527,7516.934
2025-09-04T15:35:04,352.32,600,34.978561,-106.321527,7516.934
2020-11-08T00:00:00,204.33,600,34.98553,-106.260748,7256.632
2020-08-02T00:00:00,203.85,600,34.98553,-106.260748,7256.632
2020-05-02T00:00:00,203.89,600,34.98553,-106.260748,7256.632
2019-11-03T00:00:00,202.9,600,34.98553,-106.260748,7256.632
2019-07-25T00:00:00,204.5,600,34.98553,-106.260748,7256.632
2019-04-25T00:00:00,204.3,600,34.98553,-106.260748,7256.632
2019-01-05T00:00:00,207.2,600,34.98553,-106.260748,7256.632
2018-09-24T00:00:00,203.3,600,34.98553,-106.260748,7256.632
2018-04-08T00:00:00,202.1,600,34.98553,-106.260748,7256.632
2017-10-03T00:00:00,203.02,600,34.98553,-106.260748,7256.632
2017-06-26T00:00:00,202.1,600,34.98553,-106.260748,7256.632
2017-02-01T00:00:00,202.51,600,34.98553,-106.260748,7256.632
2016-06-15T00:00:00,203.88,600,34.98553,-106.260748,7256.632
2016-03-30T00:00:00,202.284,600,34.98553,-106.260748,7256.632
2015-09-09T00:00:00,203.624,600,34.98553,-106.260748,7256.632
2015-06-08T00:00:00,206.7,600,34.98553,-106.260748,7256.632
2014-10-16T00:00:00,203.868,600,34.98553,-106.260748,7256.632
2014-08-05T00:00:00,203.693,600,34.98553,-106.260748,7256.632
2014-05-06T00:00:00,203.14,600,34.98553,-106.260748,7256.632
2014-01-30T00:00:00,203.151,600,34.98553,-106.260748,7256.632
2013-11-13T00:00:00,205.504,600,34.98553,-106.260748,7256.632
2013-08-14T00:00:00,203.077,600,34.98553,-106.260748,7256.632
2013-05-21T00:00:00,203.17,600,34.98553,-106.260748,7256.632
2013-03-25T00:00:00,202.697,600,34.98553,-106.260748,7256.632
2012-11-14T00:00:00,202.746,600,34.98553,-106.260748,7256.632
2012-08-09T00:00:00,202.827,600,34.98553,-106.260748,7256.632
2012-04-24T00:00:00,204.452,600,34.98553,-106.260748,7256.632
2012-02-22T00:00:00,207.24,600,34.98553,-106.260748,7256.632
2021-03-14T16:07:35,204.48,600,34.98553,-106.260748,7256.632
2023-03-21T20:13:22,206.05,600,34.98553,-106.260748,7256.632
2023-08-03T19:56:19,204.55,600,34.98553,-106.260748,7256.632
2023-10-17T19:40:10,204.29,600,34.98553,-106.260748,7256.632
2023-11-07T16:53:16,204.34,600,34.98553,-106.260748,7256.632
2023-12-06T22:18:49,204.32,600,34.98553,-106.260748,7256.632
2024-01-11T16:21:00,204.58,600,34.98553,-106.260748,7256.632
2024-02-01T21:33:30,204.45,600,34.98553,-106.260748,7256.632
2024-03-21T19:10:35,204.28,600,34.98553,-106.260748,7256.632
2024-04-10T22:44:37,204.36,600,34.98553,-106.260748,7256.632
2024-05-09T15:41:00,204.32,600,34.98553,-106.260748,7256.632
2024-06-03T22:06:04,207.01,600,34.98553,-106.260748,7256.632
2024-07-25T17:59:24,204.85,600,34.98553,-106.260748,7256.632
2024-07-25T18:25:40,204.85,600,34.98553,-106.260748,7256.632
2024-08-14T22:15:33,204.62,600,34.98553,-106.260748,7256.632
2024-09-12T15:44:34,204,600,34.98553,-106.260748,7256.632
2024-10-09T20:30:18,204.83,600,34.98553,-106.260748,7256.632
2024-11-14T17:11:24,204.81,600,34.98553,-106.260748,7256.632
2024-12-10T21:48:00,204.84,600,34.98553,-106.260748,7256.632
2025-01-06T23:03:02,204.81,600,34.98553,-106.260748,7256.632
2025-02-10T16:12:40,204.81,600,34.98553,-106.260748,7256.632
2025-03-11T20:59:24,204.71,600,34.98553,-106.260748,7256.632
2025-04-07T20:21:10,204.67,600,34.98553,-106.260748,7256.632
2025-05-07T20:45:30,204.66,600,34.98553,-106.260748,7256.632
2025-07-10T17:13:27,204.77,600,34.98553,-106.260748,7256.632
2025-09-04T15:10:25,206.29,600,34.98553,-106.260748,7256.632
2020-11-05T00:00:00,110.35,0,35.162703,-106.343116,6811.818
2020-08-01T00:00:00,110.44,0,35.162703,-106.343116,6811.818
2020-04-24T00:00:00,109.93,0,35.162703,-106.343116,6811.818
2019-11-15T00:00:00,109.95,0,35.162703,-106.343116,6811.818
2019-07-22T00:00:00,109.73,0,35.162703,-106.343116,6811.818
2019-04-22T00:00:00,109.12,0,35.162703,-106.343116,6811.818
2018-12-21T00:00:00,105.78,0,35.162703,-106.343116,6811.818
2018-10-05T00:00:00,111.21,0,35.162703,-106.343116,6811.818
2018-04-06T00:00:00,110.88,0,35.162703,-106.343116,6811.818
2017-10-03T00:00:00,110.91,0,35.162703,-106.343116,6811.818
2017-06-20T00:00:00,110.93,0,35.162703,-106.343116,6811.818
2017-01-30T00:00:00,111.61,0,35.162703,-106.343116,6811.818
2016-06-29T00:00:00,109.79,0,35.162703,-106.343116,6811.818
2016-03-09T00:00:00,108.54,0,35.162703,-106.343116,6811.818
2015-12-02T00:00:00,108.36,0,35.162703,-106.343116,6811.818
2015-09-02T00:00:00,110.83,0,35.162703,-106.343116,6811.818
2015-06-02T00:00:00,110.56,0,35.162703,-106.343116,6811.818
2015-03-05T00:00:00,109.6,0,35.162703,-106.343116,6811.818
2014-11-06T00:00:00,109.33,0,35.162703,-106.343116,6811.818
2014-08-19T00:00:00,109.48,0,35.162703,-106.343116,6811.818
2014-01-02T00:00:00,110.68,0,35.162703,-106.343116,6811.818
2013-10-01T00:00:00,105,0,35.162703,-106.343116,6811.818
2013-07-30T00:00:00,109.15,0,35.162703,-106.343116,6811.818
2013-05-07T00:00:00,107.75,0,35.162703,-106.343116,6811.818
2013-02-11T00:00:00,108.12,0,35.162703,-106.343116,6811.818
2012-11-14T00:00:00,107.9,0,35.162703,-106.343116,6811.818
2012-07-24T00:00:00,107.35,0,35.162703,-106.343116,6811.818
2012-05-22T00:00:00,106.85,0,35.162703,-106.343116,6811.818
2012-02-22T00:00:00,106.65,0,35.162703,-106.343116,6811.818
2021-03-13T20:59:35,109.69,0,35.162703,-106.343116,6811.818
2021-10-30T21:23:39,110.29,0,35.162703,-106.343116,6811.818
2020-11-05T00:00:00,581.1,640,35.14094,-106.25482,6915.065
2020-08-01T00:00:00,581.3,640,35.14094,-106.25482,6915.065
2020-04-30T00:00:00,578.4,640,35.14094,-106.25482,6915.065
2019-11-02T00:00:00,576,640,35.14094,-106.25482,6915.065
2019-07-24T00:00:00,578,640,35.14094,-106.25482,6915.065
2019-04-23T00:00:00,577.7,640,35.14094,-106.25482,6915.065
2019-01-05T00:00:00,575.6,640,35.14094,-106.25482,6915.065
2018-09-23T00:00:00,577.6,640,35.14094,-106.25482,6915.065
2018-04-07T00:00:00,578.1,640,35.14094,-106.25482,6915.065
2017-10-03T00:00:00,578.9,640,35.14094,-106.25482,6915.065
2017-06-21T00:00:00,582.7,640,35.14094,-106.25482,6915.065
2017-01-17T00:00:00,576.4,640,35.14094,-106.25482,6915.065
2016-06-07T00:00:00,581.31,640,35.14094,-106.25482,6915.065
2016-03-07T00:00:00,581.01,640,35.14094,-106.25482,6915.065
2015-12-03T00:00:00,581.42,640,35.14094,-106.25482,6915.065
2015-09-02T00:00:00,581.51,640,35.14094,-106.25482,6915.065
2015-06-02T00:00:00,581.3,640,35.14094,-106.25482,6915.065
2015-03-17T00:00:00,581.31,640,35.14094,-106.25482,6915.065
2014-11-06T00:00:00,581.11,640,35.14094,-106.25482,6915.065
2014-08-18T00:00:00,581.96,640,35.14094,-106.25482,6915.065
2014-06-02T00:00:00,581.54,640,35.14094,-106.25482,6915.065
2014-01-02T00:00:00,581.11,640,35.14094,-106.25482,6915.065
2013-11-18T00:00:00,581.51,640,35.14094,-106.25482,6915.065
2013-08-06T00:00:00,582.42,640,35.14094,-106.25482,6915.065
2013-05-16T00:00:00,582.22,640,35.14094,-106.25482,6915.065
2013-02-14T00:00:00,582.13,640,35.14094,-106.25482,6915.065
2012-10-30T00:00:00,582.13,640,35.14094,-106.25482,6915.065
2012-07-23T00:00:00,581.87,640,35.14094,-106.25482,6915.065
2012-05-22T00:00:00,581.32,640,35.14094,-106.25482,6915.065
2012-02-22T00:00:00,581.04,640,35.14094,-106.25482,6915.065
2021-03-13T16:23:02,578.1,640,35.14094,-106.25482,6915.065
2021-10-30T15:43:27,577.8,640,35.14094,-106.25482,6915.065
2023-03-28T14:38:28,581.53,640,35.14094,-106.25482,6915.065
2023-08-15T18:11:41,581.3,640,35.14094,-106.25482,6915.065
2023-10-18T19:15:56,581.33,640,35.14094,-106.25482,6915.065
2023-11-07T16:23:32,579.17,640,35.14094,-106.25482,6915.065
2023-12-06T23:18:11,581.15,640,35.14094,-106.25482,6915.065
2024-01-04T16:56:16,581.08,640,35.14094,-106.25482,6915.065
2024-02-01T20:48:08,581.01,640,35.14094,-106.25482,6915.065
2024-03-14T19:34:00,581.11,640,35.14094,-106.25482,6915.065
2024-04-08T21:49:35,581.08,640,35.14094,-106.25482,6915.065
2024-05-16T15:53:26,581.05,640,35.14094,-106.25482,6915.065
2024-06-03T21:13:48,581.09,640,35.14094,-106.25482,6915.065
2024-07-30T20:28:27,581.29,640,35.14094,-106.25482,6915.065
2024-08-15T17:37:29,581.42,640,35.14094,-106.25482,6915.065
2024-09-17T14:48:00,580.99,640,35.14094,-106.25482,6915.065
2024-10-07T17:16:00,580.78,640,35.14094,-106.25482,6915.065
2024-11-18T19:42:00,580.21,640,35.14094,-106.25482,6915.065
2024-12-12T22:23:56,580.14,640,35.14094,-106.25482,6915.065
2025-01-13T18:45:15,580.34,640,35.14094,-106.25482,6915.065
2025-02-03T18:39:00,580.48,640,35.14094,-106.25482,6915.065
2025-03-17T20:34:20,580.64,640,35.14094,-106.25482,6915.065
2025-04-04T20:19:11,580.79,640,35.14094,-106.25482,6915.065
2025-05-02T18:36:00,581.02,640,35.14094,-106.25482,6915.065
2025-06-11T18:46:31,581.1,640,35.14094,-106.25482,6915.065
2025-07-14T16:40:00,581.12,640,35.14094,-106.25482,6915.065
2025-08-01T17:00:00,581.08,640,35.14094,-106.25482,6915.065
2025-09-08T18:40:23,580.69,640,35.14094,-106.25482,6915.065
2020-11-05T00:00:00,57.92,301,35.118025,-106.373254,6728.875
2020-08-04T00:00:00,57.95,301,35.118025,-106.373254,6728.875
2020-04-24T00:00:00,57.59,301,35.118025,-106.373254,6728.875
2019-10-31T00:00:00,58.08,301,35.118025,-106.373254,6728.875
2019-07-21T00:00:00,58.13,301,35.118025,-106.373254,6728.875
2019-04-18T00:00:00,57.96,301,35.118025,-106.373254,6728.875
2019-01-10T00:00:00,57.98,301,35.118025,-106.373254,6728.875
2018-09-12T00:00:00,58.11,301,35.118025,-106.373254,6728.875
2018-04-04T00:00:00,57.89,301,35.118025,-106.373254,6728.875
2017-10-02T00:00:00,57.8,301,35.118025,-106.373254,6728.875
2017-06-13T00:00:00,57.79,301,35.118025,-106.373254,6728.875
2017-01-19T00:00:00,57.52,301,35.118025,-106.373254,6728.875
2016-06-01T00:00:00,57.53,301,35.118025,-106.373254,6728.875
2016-03-07T00:00:00,57.41,301,35.118025,-106.373254,6728.875
2015-12-07T00:00:00,57.62,301,35.118025,-106.373254,6728.875
2015-08-31T00:00:00,57.72,301,35.118025,-106.373254,6728.875
2015-06-01T00:00:00,57.82,301,35.118025,-106.373254,6728.875
2015-03-03T00:00:00,57.77,301,35.118025,-106.373254,6728.875
2014-12-04T00:00:00,58.05,301,35.118025,-106.373254,6728.875
2014-07-23T00:00:00,58.36,301,35.118025,-106.373254,6728.875
2014-04-16T00:00:00,58.23,301,35.118025,-106.373254,6728.875
2014-02-10T00:00:00,58.35,301,35.118025,-106.373254,6728.875
2013-10-01T00:00:00,58.5,301,35.118025,-106.373254,6728.875
2013-05-07T00:00:00,58.54,301,35.118025,-106.373254,6728.875
2013-02-05T00:00:00,58.54,301,35.118025,-106.373254,6728.875
2012-11-28T00:00:00,58.68,301,35.118025,-106.373254,6728.875
2012-08-01T00:00:00,58.69,301,35.118025,-106.373254,6728.875
2012-04-11T00:00:00,58.46,301,35.118025,-106.373254,6728.875
2012-02-22T00:00:00,58.48,301,35.118025,-106.373254,6728.875
2021-03-06T22:39:37,57.78,301,35.118025,-106.373254,6728.875
2021-10-24T21:01:16,57.13,301,35.118025,-106.373254,6728.875
2024-01-22T18:21:09,56.18,301,35.118025,-106.373254,6728.875
2024-02-01T17:39:28,56.27,301,35.118025,-106.373254,6728.875
2024-02-16T22:59:00,56.17,301,35.118025,-106.373254,6728.875
2024-03-26T15:44:19,56.2,301,35.118025,-106.373254,6728.875
2024-04-10T17:17:31,56.28,301,35.118025,-106.373254,6728.875
2024-05-06T15:30:00,56.38,301,35.118025,-106.373254,6728.875
2024-06-03T19:28:15,56.55,301,35.118025,-106.373254,6728.875
2024-07-15T20:36:09,56.55,301,35.118025,-106.373254,6728.875
2024-09-12T14:42:00,56.64,301,35.118025,-106.373254,6728.875
2024-10-04T18:30:08,56.63,301,35.118025,-106.373254,6728.875
2024-11-05T19:56:03,56.5,301,35.118025,-106.373254,6728.875
2024-12-16T20:41:59,56.54,301,35.118025,-106.373254,6728.875
2025-01-13T22:15:00,56.51,301,35.118025,-106.373254,6728.875
2025-02-03T22:07:11,56.48,301,35.118025,-106.373254,6728.875
2025-04-07T17:46:40,56.7,301,35.118025,-106.373254,6728.875
2025-03-05T15:02:00,56.68,301,35.118025,-106.373254,6728.875
2025-05-02T19:42:00,56.8,301,35.118025,-106.373254,6728.875
2025-06-10T23:54:31,56.88,301,35.118025,-106.373254,6728.875
2025-07-11T17:48:00,57.05,301,35.118025,-106.373254,6728.875
2025-08-01T19:20:00,57.14,301,35.118025,-106.373254,6728.875
2025-09-12T17:00:47,57.08,301,35.118025,-106.373254,6728.875
2020-11-10T00:00:00,48.13,123,35.095994,-106.369678,6440.233
2020-07-24T00:00:00,46.26,123,35.095994,-106.369678,6440.233
2020-04-30T00:00:00,39.65,123,35.095994,-106.369678,6440.233
2019-11-04T00:00:00,49.38,123,35.095994,-106.369678,6440.233
2019-07-31T00:00:00,44.78,123,35.095994,-106.369678,6440.233
2019-04-16T00:00:00,39.65,123,35.095994,-106.369678,6440.233
2019-01-12T00:00:00,44.6,123,35.095994,-106.369678,6440.233
2018-09-23T00:00:00,47.49,123,35.095994,-106.369678,6440.233
2018-04-07T00:00:00,41.8,123,35.095994,-106.369678,6440.233
2017-09-29T00:00:00,44.31,123,35.095994,-106.369678,6440.233
2017-06-16T00:00:00,41.02,123,35.095994,-106.369678,6440.233
2017-01-17T00:00:00,43.02,123,35.095994,-106.369678,6440.233
2016-06-14T00:00:00,44.38,123,35.095994,-106.369678,6440.233
2016-03-10T00:00:00,41.88,123,35.095994,-106.369678,6440.233
2015-12-08T00:00:00,41.3,123,35.095994,-106.369678,6440.233
2015-09-08T00:00:00,41.9,123,35.095994,-106.369678,6440.233
2015-06-03T00:00:00,40.8,123,35.095994,-106.369678,6440.233
2015-03-09T00:00:00,42.04,123,35.095994,-106.369678,6440.233
2014-12-04T00:00:00,45.7,123,35.095994,-106.369678,6440.233
2014-08-12T00:00:00,40.07,123,35.095994,-106.369678,6440.233
2014-04-21T00:00:00,42.86,123,35.095994,-106.369678,6440.233
2014-02-10T00:00:00,42.76,123,35.095994,-106.369678,6440.233
2013-10-02T00:00:00,39,123,35.095994,-106.369678,6440.233
2013-07-24T00:00:00,45.67,123,35.095994,-106.369678,6440.233
2013-05-06T00:00:00,43.71,123,35.095994,-106.369678,6440.233
2013-02-11T00:00:00,45.67,123,35.095994,-106.369678,6440.233
2012-11-28T00:00:00,47.89,123,35.095994,-106.369678,6440.233
2012-08-15T00:00:00,47.2,123,35.095994,-106.369678,6440.233
2012-05-30T00:00:00,42.54,123,35.095994,-106.369678,6440.233
2012-02-13T00:00:00,41.51,123,35.095994,-106.369678,6440.233
2021-03-21T17:12:30,46.25,123,35.095994,-106.369678,6440.233
2021-12-15T21:16:44,48.91,123,35.095994,-106.369678,6440.233
2023-03-21T22:32:09,37.62,123,35.095994,-106.369678,6440.233
2023-11-07T15:16:15,44.16,123,35.095994,-106.369678,6440.233
2023-12-07T16:52:59,42.03,123,35.095994,-106.369678,6440.233
2024-01-04T15:33:20,41.96,123,35.095994,-106.369678,6440.233
2024-02-02T16:53:22,40.81,123,35.095994,-106.369678,6440.233
2024-03-04T18:40:19,40.95,123,35.095994,-106.369678,6440.233
2024-04-04T16:57:28,40.52,123,35.095994,-106.369678,6440.233
2024-05-06T17:00:00,40.89,123,35.095994,-106.369678,6440.233
2024-06-04T16:48:29,41.89,123,35.095994,-106.369678,6440.233
2024-07-24T15:52:21,45.32,123,35.095994,-106.369678,6440.233
2024-08-19T22:16:27,45.63,123,35.095994,-106.369678,6440.233
2024-09-12T15:01:00,46.14,123,35.095994,-106.369678,6440.233
2024-10-07T18:31:00,47.26,123,35.095994,-106.369678,6440.233
2024-11-15T19:33:05,47.8,123,35.095994,-106.369678,6440.233
2024-12-09T22:01:04,47.02,123,35.095994,-106.369678,6440.233
2025-01-15T22:25:31,46.04,123,35.095994,-106.369678,6440.233
2025-02-03T22:46:56,45.37,123,35.095994,-106.369678,6440.233
2025-03-05T22:50:08,44.42,123,35.095994,-106.369678,6440.233
2025-04-04T18:55:45,43.48,123,35.095994,-106.369678,6440.233
2025-05-02T20:40:00,42.94,123,35.095994,-106.369678,6440.233
2025-06-11T15:24:34,43.57,123,35.095994,-106.369678,6440.233
2025-07-10T19:47:00,45.58,123,35.095994,-106.369678,6440.233
2025-08-01T20:53:00,45.47,123,35.095994,-106.369678,6440.233
2025-09-09T19:24:47,46.5,123,35.095994,-106.369678,6440.233
2020-11-10T00:00:00,50.14,300,35.098765,-106.361525,6468.615
2020-07-24T00:00:00,49.08,300,35.098765,-106.361525,6468.615
2020-05-03T00:00:00,47.66,300,35.098765,-106.361525,6468.615
2019-11-04T00:00:00,47.44,300,35.098765,-106.361525,6468.615
2019-07-31T00:00:00,45.39,300,35.098765,-106.361525,6468.615
2019-04-16T00:00:00,44.1,300,35.098765,-106.361525,6468.615
2019-01-12T00:00:00,45,300,35.098765,-106.361525,6468.615
2018-09-28T00:00:00,44.68,300,35.098765,-106.361525,6468.615
2018-04-07T00:00:00,41.36,300,35.098765,-106.361525,6468.615
2017-09-29T00:00:00,41.93,300,35.098765,-106.361525,6468.615
2017-06-16T00:00:00,41.42,300,35.098765,-106.361525,6468.615
2017-01-17T00:00:00,42.9,300,35.098765,-106.361525,6468.615
2016-06-14T00:00:00,41.05,300,35.098765,-106.361525,6468.615
2016-03-10T00:00:00,40.53,300,35.098765,-106.361525,6468.615
2015-12-08T00:00:00,41.81,300,35.098765,-106.361525,6468.615
2015-09-08T00:00:00,42.1,300,35.098765,-106.361525,6468.615
2015-06-03T00:00:00,43.94,300,35.098765,-106.361525,6468.615
2015-03-09T00:00:00,44.82,300,35.098765,-106.361525,6468.615
2014-10-16T00:00:00,44.882,300,35.098765,-106.361525,6468.615
2014-07-21T00:00:00,47.989,300,35.098765,-106.361525,6468.615
2014-05-06T00:00:00,46.786,300,35.098765,-106.361525,6468.615
2014-01-29T00:00:00,46.75,300,35.098765,-106.361525,6468.615
2013-11-12T00:00:00,47.004,300,35.098765,-106.361525,6468.615
2013-08-19T00:00:00,50.363,300,35.098765,-106.361525,6468.615
2013-05-21T00:00:00,49.162,300,35.098765,-106.361525,6468.615
2013-02-11T00:00:00,49.1,300,35.098765,-106.361525,6468.615
2012-11-28T00:00:00,48.508,300,35.098765,-106.361525,6468.615
2012-08-01T00:00:00,47.602,300,35.098765,-106.361525,6468.615
2012-04-11T00:00:00,45.823,300,35.098765,-106.361525,6468.615
2012-02-22T00:00:00,45.85,300,35.098765,-106.361525,6468.615
2021-03-21T13:51:40,49.24,300,35.098765,-106.361525,6468.615
2021-12-15T21:09:31,50.35,300,35.098765,-106.361525,6468.615
2023-03-21T22:49:59,44.53,300,35.098765,-106.361525,6468.615
2025-04-04T19:13:08,44.27,300,35.098765,-106.361525,6468.615
2007-10-19T15:39:00,35,300,35.098765,-106.361525,6468.615
2008-05-12T15:46:00,36.97,300,35.098765,-106.361525,6468.615
2008-08-25T15:52:00,39.78,300,35.098765,-106.361525,6468.615
2009-05-18T17:15:00,41.21,300,35.098765,-106.361525,6468.615
2009-08-20T21:51:00,43.58,300,35.098765,-106.361525,6468.615
2010-02-05T17:34:00,41.8,300,35.098765,-106.361525,6468.615
2010-06-15T19:05:00,40.68,300,35.098765,-106.361525,6468.615
2010-08-25T16:45:00,41.6,300,35.098765,-106.361525,6468.615
2010-11-25T21:38:00,42.48,300,35.098765,-106.361525,6468.615
2011-02-17T20:15:00,42.318,300,35.098765,-106.361525,6468.615
2011-04-12T17:12:00,42.8,300,35.098765,-106.361525,6468.615
2011-08-15T16:31:00,45.34,300,35.098765,-106.361525,6468.615
2011-11-03T14:15:00,46.32,300,35.098765,-106.361525,6468.615
2012-02-22T20:30:00,45.85,300,35.098765,-106.361525,6468.615
2025-05-05T16:57:13,45.4,300,35.098765,-106.361525,6468.615
2025-06-12T19:51:20,45.67,300,35.098765,-106.361525,6468.615
2025-07-11T15:01:00,45.79,300,35.098765,-106.361525,6468.615
2025-08-04T22:01:00,45.61,300,35.098765,-106.361525,6468.615
2025-09-09T19:00:42,45.87,300,35.098765,-106.361525,6468.615
2025-04-04T19:30:10,130.06,483,35.099459,-106.361557,6464.102
2025-03-24T20:36:00,126.96,483,35.099459,-106.361557,6464.102
2025-03-19T20:43:00,126.67,483,35.099459,-106.361557,6464.102
2025-02-07T21:45:00,129.99,483,35.099459,-106.361557,6464.102
2025-01-16T21:49:00,129.98,483,35.099459,-106.361557,6464.102
2024-12-19T21:54:00,130.17,483,35.099459,-106.361557,6464.102
2024-11-15T21:54:00,132.56,483,35.099459,-106.361557,6464.102
2025-04-07T20:59:00,138.22,483,35.099459,-106.361557,6464.102
2024-10-07T21:03:00,138.22,483,35.099459,-106.361557,6464.102
2024-06-04T21:06:00,127.51,483,35.099459,-106.361557,6464.102
2024-05-09T21:10:00,122.9,483,35.099459,-106.361557,6464.102
2024-04-04T21:14:00,118.09,483,35.099459,-106.361557,6464.102
2024-03-21T21:21:00,109.97,483,35.099459,-106.361557,6464.102
2024-01-04T22:23:00,90.19,483,35.099459,-106.361557,6464.102
2023-11-07T23:31:00,72.3,483,35.099459,-106.361557,6464.102
2011-07-01T22:27:00,149.4,483,35.099459,-106.361557,6464.102
2011-07-07T20:36:00,147.8,483,35.099459,-106.361557,6464.102
2011-11-03T14:07:00,128.19,483,35.099459,-106.361557,6464.102
2025-05-05T16:55:33,131.93,483,35.099459,-106.361557,6464.102
2025-08-15T15:45:48,146.77,483,35.099459,-106.361557,6464.102
2025-09-18T16:24:01,136.53,483,35.099459,-106.361557,6464.102
2019-09-12T00:00:00,12.14,125,35.19230833,-106.6398517,4995.491
2019-05-09T00:00:00,10.9,125,35.19230833,-106.6398517,4995.491
2019-02-20T00:00:00,12.15,125,35.19230833,-106.6398517,4995.491
2018-11-15T00:00:00,12.95,125,35.19230833,-106.6398517,4995.491
2018-08-15T00:00:00,12.56,125,35.19230833,-106.6398517,4995.491
2018-05-09T00:00:00,12.4,125,35.19230833,-106.6398517,4995.491
2018-01-25T00:00:00,12.24,125,35.19230833,-106.6398517,4995.491
2017-11-02T00:00:00,12.1,125,35.19230833,-106.6398517,4995.491
2017-04-06T00:00:00,11.44,125,35.19230833,-106.6398517,4995.491
2017-02-27T00:00:00,12.33,125,35.19230833,-106.6398517,4995.491
2017-01-19T00:00:00,11.09,125,35.19230833,-106.6398517,4995.491
2016-10-20T00:00:00,12.1,125,35.19230833,-106.6398517,4995.491
2016-07-22T00:00:00,12.6,125,35.19230833,-106.6398517,4995.491
2016-04-28T00:00:00,12.15,125,35.19230833,-106.6398517,4995.491
2016-01-29T00:00:00,12.4,125,35.19230833,-106.6398517,4995.491
2015-10-22T00:00:00,11.83,125,35.19230833,-106.6398517,4995.491
2015-04-08T00:00:00,12.6,125,35.19230833,-106.6398517,4995.491
2015-01-22T00:00:00,12.57,125,35.19230833,-106.6398517,4995.491
2014-10-21T00:00:00,12.5,125,35.19230833,-106.6398517,4995.491
2014-07-30T00:00:00,12.82,125,35.19230833,-106.6398517,4995.491
2014-04-07T00:00:00,12.96,125,35.19230833,-106.6398517,4995.491
2014-01-06T00:00:00,11.78,125,35.19230833,-106.6398517,4995.491
2013-10-08T00:00:00,12.74,125,35.19230833,-106.6398517,4995.491
2013-07-17T00:00:00,12.92,125,35.19230833,-106.6398517,4995.491
2013-05-08T00:00:00,13.04,125,35.19230833,-106.6398517,4995.491
2013-03-06T00:00:00,13.02,125,35.19230833,-106.6398517,4995.491
2012-11-07T00:00:00,12.8,125,35.19230833,-106.6398517,4995.491
2012-08-15T00:00:00,13.28,125,35.19230833,-106.6398517,4995.491
2012-04-10T00:00:00,12.49,125,35.19230833,-106.6398517,4995.491
2012-01-19T00:00:00,12.71,125,35.19230833,-106.6398517,4995.491
2011-11-22T00:00:00,12.48,125,35.19230833,-106.6398517,4995.491
2011-07-19T00:00:00,14.73,125,35.19230833,-106.6398517,4995.491
2011-04-14T00:00:00,14.88,125,35.19230833,-106.6398517,4995.491
2011-01-27T00:00:00,14.98,125,35.19230833,-106.6398517,4995.491
2010-10-28T00:00:00,14.72,125,35.19230833,-106.6398517,4995.491
2010-08-09T00:00:00,14.55,125,35.19230833,-106.6398517,4995.491
2010-05-05T00:00:00,14.3,125,35.19230833,-106.6398517,4995.491
2010-02-03T00:00:00,14.97,125,35.19230833,-106.6398517,4995.491
2009-11-20T00:00:00,14.55,125,35.19230833,-106.6398517,4995.491
2009-08-17T00:00:00,14.45,125,35.19230833,-106.6398517,4995.491
2008-01-14T00:00:00,13.79,125,35.19230833,-106.6398517,4995.491
2021-12-13T19:01:00,12.25,125,35.19230833,-106.6398517,4995.491
2023-03-13T21:08:34,12.4,125,35.19230833,-106.6398517,4995.491
2023-08-01T20:31:21,12.68,125,35.19230833,-106.6398517,4995.491
2024-01-02T22:25:08,12.21,125,35.19230833,-106.6398517,4995.491
2024-07-30T14:35:35,12.79,125,35.19230833,-106.6398517,4995.491
2024-10-02T18:04:53,12.6,125,35.19230833,-106.6398517,4995.491
2025-01-10T22:00:00,12.57,125,35.19230833,-106.6398517,4995.491
2025-06-09T18:07:26,12.45,125,35.19230833,-106.6398517,4995.491
2025-09-03T18:00:00,13.29,125,35.19230833,-106.6398517,4995.491
2019-09-12T00:00:00,16.45,47,35.19258167,-106.639535,4995.789
2019-05-09T00:00:00,16.36,47,35.19258167,-106.639535,4995.789
2019-02-20T00:00:00,16.84,47,35.19258167,-106.639535,4995.789
2018-11-27T00:00:00,16.85,47,35.19258167,-106.639535,4995.789
2018-08-15T00:00:00,16.6,47,35.19258167,-106.639535,4995.789
2018-05-09T00:00:00,16.87,47,35.19258167,-106.639535,4995.789
2018-01-25T00:00:00,16.95,47,35.19258167,-106.639535,4995.789
2017-11-02T00:00:00,16.61,47,35.19258167,-106.639535,4995.789
2017-07-27T00:00:00,16.65,47,35.19258167,-106.639535,4995.789
2017-04-06T00:00:00,16.49,47,35.19258167,-106.639535,4995.789
2017-01-19T00:00:00,16.8,47,35.19258167,-106.639535,4995.789
2016-10-20T00:00:00,16.55,47,35.19258167,-106.639535,4995.789
2016-07-22T00:00:00,16.86,47,35.19258167,-106.639535,4995.789
2016-04-28T00:00:00,17,47,35.19258167,-106.639535,4995.789
2016-01-29T00:00:00,18.34,47,35.19258167,-106.639535,4995.789
2015-11-13T00:00:00,16.47,47,35.19258167,-106.639535,4995.789
2015-04-09T00:00:00,16.96,47,35.19258167,-106.639535,4995.789
2015-02-18T00:00:00,17.29,47,35.19258167,-106.639535,4995.789
2014-10-21T00:00:00,16.57,47,35.19258167,-106.639535,4995.789
2014-07-30T00:00:00,16.98,47,35.19258167,-106.639535,4995.789
2014-04-08T00:00:00,18.43,47,35.19258167,-106.639535,4995.789
2014-01-07T00:00:00,17.21,47,35.19258167,-106.639535,4995.789
2013-10-28T00:00:00,18.09,47,35.19258167,-106.639535,4995.789
2013-07-23T00:00:00,16.88,47,35.19258167,-106.639535,4995.789
2013-05-08T00:00:00,17.2,47,35.19258167,-106.639535,4995.789
2013-03-06T00:00:00,17.42,47,35.19258167,-106.639535,4995.789
2012-11-07T00:00:00,16.85,47,35.19258167,-106.639535,4995.789
2012-08-15T00:00:00,17,47,35.19258167,-106.639535,4995.789
2012-04-10T00:00:00,16.98,47,35.19258167,-106.639535,4995.789
2012-01-23T00:00:00,17.03,47,35.19258167,-106.639535,4995.789
2011-11-22T00:00:00,15.79,47,35.19258167,-106.639535,4995.789
2011-07-19T00:00:00,16.03,47,35.19258167,-106.639535,4995.789
2011-04-14T00:00:00,16.94,47,35.19258167,-106.639535,4995.789
2011-01-27T00:00:00,17.35,47,35.19258167,-106.639535,4995.789
2010-10-28T00:00:00,16.71,47,35.19258167,-106.639535,4995.789
2010-08-09T00:00:00,16.02,47,35.19258167,-106.639535,4995.789
2010-05-05T00:00:00,14.91,47,35.19258167,-106.639535,4995.789
2010-02-03T00:00:00,16.5,47,35.19258167,-106.639535,4995.789
2009-11-20T00:00:00,16.02,47,35.19258167,-106.639535,4995.789
2009-08-17T00:00:00,15.81,47,35.19258167,-106.639535,4995.789
2008-01-14T00:00:00,16.27,47,35.19258167,-106.639535,4995.789
2021-12-13T19:03:00,17.1,47,35.19258167,-106.639535,4995.789
2023-03-13T21:17:21,16.2,47,35.19258167,-106.639535,4995.789
2023-08-01T20:41:03,15.6,47,35.19258167,-106.639535,4995.789
2024-01-02T22:34:56,16.1,47,35.19258167,-106.639535,4995.789
2024-07-30T14:31:26,15.91,47,35.19258167,-106.639535,4995.789
2024-10-02T18:03:26,15.64,47,35.19258167,-106.639535,4995.789
2025-01-07T21:30:00,18.66,47,35.19258167,-106.639535,4995.789
2025-06-09T18:06:05,16.17,47,35.19258167,-106.639535,4995.789
2025-09-03T18:05:00,16.29,47,35.19258167,-106.639535,4995.789
2020-10-31T00:00:00,166.46,330,35.0563056,-106.4650944,5895.803
2020-07-24T00:00:00,163.74,330,35.0563056,-106.4650944,5895.803
2020-04-24T00:00:00,158.59,330,35.0563056,-106.4650944,5895.803
2019-10-27T00:00:00,163.94,330,35.0563056,-106.4650944,5895.803
2019-07-21T00:00:00,162.39,330,35.0563056,-106.4650944,5895.803
2019-04-16T00:00:00,159.83,330,35.0563056,-106.4650944,5895.803
2018-12-17T00:00:00,163.73,330,35.0563056,-106.4650944,5895.803
2018-09-05T00:00:00,168.3,330,35.0563056,-106.4650944,5895.803
2018-04-02T00:00:00,162.44,330,35.0563056,-106.4650944,5895.803
2017-09-29T00:00:00,165.85,330,35.0563056,-106.4650944,5895.803
2017-06-12T00:00:00,166.46,330,35.0563056,-106.4650944,5895.803
2021-03-06T15:36:26,164.12,330,35.0563056,-106.4650944,5895.803
2021-10-18T15:30:32,168.28,330,35.0563056,-106.4650944,5895.803
2023-03-16T20:40:46,167.36,330,35.0563056,-106.4650944,5895.803
2023-10-17T15:22:45,172.23,330,35.0563056,-106.4650944,5895.803
2023-11-06T19:05:51,172.5,330,35.0563056,-106.4650944,5895.803
2023-12-07T15:25:06,172.04,330,35.0563056,-106.4650944,5895.803
2024-01-03T20:14:47,171.45,330,35.0563056,-106.4650944,5895.803
2024-02-01T15:35:01,170.57,330,35.0563056,-106.4650944,5895.803
2024-03-04T17:23:25,169.79,330,35.0563056,-106.4650944,5895.803
2024-04-04T14:21:37,169.26,330,35.0563056,-106.4650944,5895.803
2024-05-16T14:56:43,168.92,330,35.0563056,-106.4650944,5895.803
2024-06-03T17:37:24,169.84,330,35.0563056,-106.4650944,5895.803
2024-07-16T00:29:44,172.8,330,35.0563056,-106.4650944,5895.803
2024-08-12T17:18:00,173.97,330,35.0563056,-106.4650944,5895.803
2024-09-12T22:24:32,173.41,330,35.0563056,-106.4650944,5895.803
2024-10-04T15:35:53,174.4,330,35.0563056,-106.4650944,5895.803
2024-11-15T20:25:26,174.01,330,35.0563056,-106.4650944,5895.803
2024-12-09T20:14:39,173.24,330,35.0563056,-106.4650944,5895.803
2025-01-13T23:00:51,172.84,330,35.0563056,-106.4650944,5895.803
2025-02-06T16:44:22,172.54,330,35.0563056,-106.4650944,5895.803
2025-03-01T19:33:23,172.7,330,35.0563056,-106.4650944,5895.803
2025-04-04T17:50:42,171.72,330,35.0563056,-106.4650944,5895.803
2025-05-01T18:30:00,172.14,330,35.0563056,-106.4650944,5895.803
2025-06-11T14:35:37,173.37,330,35.0563056,-106.4650944,5895.803
2025-07-11T19:50:00,175.07,330,35.0563056,-106.4650944,5895.803
2025-08-08T14:54:29,175.92,330,35.0563056,-106.4650944,5895.803
2025-09-05T19:45:00,176.55,330,35.0563056,-106.4650944,5895.803
2021-10-18T15:44:32,209.21,400,35.056504,-106.464048,5916.714
2023-03-16T20:50:57,196.91,400,35.056504,-106.464048,5916.714
2024-04-02T18:31:56,200.14,400,35.056504,-106.464048,5916.714
2025-03-01T19:26:26,196.31,400,35.056504,-106.464048,5916.714
2019-11-13T00:00:00,498.5,900,35.1815333,-106.51952,5787.271
2019-08-01T00:00:00,503.12,900,35.1815333,-106.51952,5787.271
2019-06-24T00:00:00,496.19,900,35.1815333,-106.51952,5787.271
2019-02-27T00:00:00,493.88,900,35.1815333,-106.51952,5787.271
2018-10-16T00:00:00,505.43,900,35.1815333,-106.51952,5787.271
2018-08-22T00:00:00,496.19,900,35.1815333,-106.51952,5787.271
2018-04-19T00:00:00,507.74,900,35.1815333,-106.51952,5787.271
2018-02-15T00:00:00,498.5,900,35.1815333,-106.51952,5787.271
2017-11-30T00:00:00,496.19,900,35.1815333,-106.51952,5787.271
2017-09-15T00:00:00,512.36,900,35.1815333,-106.51952,5787.271
2017-05-31T00:00:00,496.19,900,35.1815333,-106.51952,5787.271
2017-02-23T00:00:00,493.88,900,35.1815333,-106.51952,5787.271
2016-10-20T00:00:00,498.5,900,35.1815333,-106.51952,5787.271
2016-08-25T00:00:00,498.5,900,35.1815333,-106.51952,5787.271
2016-05-19T00:00:00,496.19,900,35.1815333,-106.51952,5787.271
2016-01-29T00:00:00,493.88,900,35.1815333,-106.51952,5787.271
2015-10-22T00:00:00,503.12,900,35.1815333,-106.51952,5787.271
2015-05-13T00:00:00,503.12,900,35.1815333,-106.51952,5787.271
2015-02-11T00:00:00,491.57,900,35.1815333,-106.51952,5787.271
2014-08-21T00:00:00,496.19,900,35.1815333,-106.51952,5787.271
2014-04-08T00:00:00,496.19,900,35.1815333,-106.51952,5787.271
2014-01-06T00:00:00,491.57,900,35.1815333,-106.51952,5787.271
2013-11-25T00:00:00,496.19,900,35.1815333,-106.51952,5787.271
2013-08-22T00:00:00,493.88,900,35.1815333,-106.51952,5787.271
2013-06-18T00:00:00,496.19,900,35.1815333,-106.51952,5787.271
2013-02-13T00:00:00,490.415,900,35.1815333,-106.51952,5787.271
2012-09-04T00:00:00,496.19,900,35.1815333,-106.51952,5787.271
2012-05-10T00:00:00,491.57,900,35.1815333,-106.51952,5787.271
2012-02-07T00:00:00,489.26,900,35.1815333,-106.51952,5787.271
2011-11-29T00:00:00,489.26,900,35.1815333,-106.51952,5787.271
2011-07-27T00:00:00,493.88,900,35.1815333,-106.51952,5787.271
2011-04-28T00:00:00,492.725,900,35.1815333,-106.51952,5787.271
2011-04-05T00:00:00,492.725,900,35.1815333,-106.51952,5787.271
2011-01-20T00:00:00,489.26,900,35.1815333,-106.51952,5787.271
2010-10-26T00:00:00,491.57,900,35.1815333,-106.51952,5787.271
2010-08-20T00:00:00,493.88,900,35.1815333,-106.51952,5787.271
2010-07-15T00:00:00,496.19,900,35.1815333,-106.51952,5787.271
2010-06-07T00:00:00,493.88,900,35.1815333,-106.51952,5787.271
2010-02-03T00:00:00,484.64,900,35.1815333,-106.51952,5787.271
2009-11-20T00:00:00,486.95,900,35.1815333,-106.51952,5787.271
2009-08-26T00:00:00,491.57,900,35.1815333,-106.51952,5787.271
2009-05-14T00:00:00,489.26,900,35.1815333,-106.51952,5787.271
2009-01-14T00:00:00,486.95,900,35.1815333,-106.51952,5787.271
2008-10-14T00:00:00,491.57,900,35.1815333,-106.51952,5787.271
2008-05-19T00:00:00,489.26,900,35.1815333,-106.51952,5787.271
2025-03-21T21:55:56,477.71,900,35.1815333,-106.51952,5787.271
2025-06-09T17:54:00,501.96,900,35.1815333,-106.51952,5787.271
2025-09-03T18:35:00,500.81,900,35.1815333,-106.51952,5787.271
2020-11-01T00:00:00,305.79,370,35.133486,-106.377306,7058.816
2020-07-25T00:00:00,305.5,370,35.133486,-106.377306,7058.816
2020-04-25T00:00:00,304.33,370,35.133486,-106.377306,7058.816
2019-10-28T00:00:00,305.07,370,35.133486,-106.377306,7058.816
2019-07-22T00:00:00,304.85,370,35.133486,-106.377306,7058.816
2019-04-18T00:00:00,304.13,370,35.133486,-106.377306,7058.816
2018-12-18T00:00:00,303.96,370,35.133486,-106.377306,7058.816
2018-09-12T00:00:00,303.86,370,35.133486,-106.377306,7058.816
2018-04-03T00:00:00,302.36,370,35.133486,-106.377306,7058.816
2017-10-02T00:00:00,302.26,370,35.133486,-106.377306,7058.816
2017-06-29T00:00:00,302.07,370,35.133486,-106.377306,7058.816
2021-03-07T18:54:26,305.49,370,35.133486,-106.377306,7058.816
2021-10-20T20:16:45,306.72,370,35.133486,-106.377306,7058.816
2023-03-27T15:48:34,307.43,370,35.133486,-106.377306,7058.816
2024-03-19T17:08:45,301.83,370,35.133486,-106.377306,7058.816
2025-03-03T21:06:41,305.2,370,35.133486,-106.377306,7058.816
2020-11-01T00:00:00,311.1,400,35.133117,-106.377386,7066.634
2020-07-25T00:00:00,311,400,35.133117,-106.377386,7066.634
2020-04-25T00:00:00,308.2,400,35.133117,-106.377386,7066.634
2019-10-28T00:00:00,308.6,400,35.133117,-106.377386,7066.634
2019-07-22T00:00:00,309.7,400,35.133117,-106.377386,7066.634
2019-04-18T00:00:00,306.4,400,35.133117,-106.377386,7066.634
2018-12-18T00:00:00,308.4,400,35.133117,-106.377386,7066.634
2018-09-12T00:00:00,307.8,400,35.133117,-106.377386,7066.634
2018-04-03T00:00:00,306.6,400,35.133117,-106.377386,7066.634
2017-10-02T00:00:00,307,400,35.133117,-106.377386,7066.634
2017-06-29T00:00:00,307.3,400,35.133117,-106.377386,7066.634
2021-03-07T18:51:55,308.6,400,35.133117,-106.377386,7066.634
2021-10-20T20:14:58,310.1,400,35.133117,-106.377386,7066.634
2023-03-27T15:54:39,315.23,400,35.133117,-106.377386,7066.634
2024-03-01T22:16:20,301.93,400,35.133117,-106.377386,7066.634
2025-03-03T21:07:23,301.93,400,35.133117,-106.377386,7066.634
2020-11-01T00:00:00,314.6,370,35.134061,-106.379125,7100.462
2020-07-25T00:00:00,314.1,370,35.134061,-106.379125,7100.462
2020-04-25T00:00:00,312.8,370,35.134061,-106.379125,7100.462
2019-10-28T00:00:00,312.1,370,35.134061,-106.379125,7100.462
2019-07-22T00:00:00,313.5,370,35.134061,-106.379125,7100.462
2019-04-18T00:00:00,310.6,370,35.134061,-106.379125,7100.462
2018-12-18T00:00:00,313.4,370,35.134061,-106.379125,7100.462
2018-09-12T00:00:00,313.4,370,35.134061,-106.379125,7100.462
2018-04-03T00:00:00,313,370,35.134061,-106.379125,7100.462
2017-10-02T00:00:00,314,370,35.134061,-106.379125,7100.462
2017-06-29T00:00:00,313.8,370,35.134061,-106.379125,7100.462
2021-03-07T18:59:46,312.9,370,35.134061,-106.379125,7100.462
2021-10-20T20:44:17,312.9,370,35.134061,-106.379125,7100.462
2023-08-02T16:41:35,317.65,370,35.134061,-106.379125,7100.462
2024-03-01T20:56:14,315.7,370,35.134061,-106.379125,7100.462
2025-03-26T19:12:33,313,370,35.134061,-106.379125,7100.462
2020-11-01T00:00:00,272.6,320,35.132233,-106.3733,7015.032
2020-07-25T00:00:00,270.9,320,35.132233,-106.3733,7015.032
2020-04-25T00:00:00,269.9,320,35.132233,-106.3733,7015.032
2019-10-28T00:00:00,269.1,320,35.132233,-106.3733,7015.032
2019-07-22T00:00:00,268.5,320,35.132233,-106.3733,7015.032
2019-04-18T00:00:00,267.95,320,35.132233,-106.3733,7015.032
2018-12-18T00:00:00,268.9,320,35.132233,-106.3733,7015.032
2018-09-12T00:00:00,269,320,35.132233,-106.3733,7015.032
2018-04-03T00:00:00,266.2,320,35.132233,-106.3733,7015.032
2017-10-02T00:00:00,266,320,35.132233,-106.3733,7015.032
2017-06-29T00:00:00,264.7,320,35.132233,-106.3733,7015.032
2021-03-07T18:26:01,273.8,320,35.132233,-106.3733,7015.032
2021-10-20T19:56:43,277.9,320,35.132233,-106.3733,7015.032
2024-03-19T17:49:09,275.08,320,35.132233,-106.3733,7015.032
2025-03-03T22:47:20,276.57,320,35.132233,-106.3733,7015.032
2020-11-01T00:00:00,272.95,500,35.132075,-106.375436,7032.442
2020-07-25T00:00:00,273,500,35.132075,-106.375436,7032.442
2020-04-25T00:00:00,273.6,500,35.132075,-106.375436,7032.442
2019-10-28T00:00:00,276.1,500,35.132075,-106.375436,7032.442
2019-07-22T00:00:00,272.2,500,35.132075,-106.375436,7032.442
2019-04-18T00:00:00,270.6,500,35.132075,-106.375436,7032.442
2018-12-18T00:00:00,274.8,500,35.132075,-106.375436,7032.442
2018-09-12T00:00:00,271.1,500,35.132075,-106.375436,7032.442
2018-04-03T00:00:00,269.1,500,35.132075,-106.375436,7032.442
2017-10-02T00:00:00,267,500,35.132075,-106.375436,7032.442
2017-06-29T00:00:00,269.13,500,35.132075,-106.375436,7032.442
2021-03-07T18:43:14,272.5,500,35.132075,-106.375436,7032.442
2021-10-20T20:07:35,273.7,500,35.132075,-106.375436,7032.442
2023-03-27T16:24:35,274.5,500,35.132075,-106.375436,7032.442
2024-03-01T22:35:13,268.9,500,35.132075,-106.375436,7032.442
2025-03-03T21:32:42,268.94,500,35.132075,-106.375436,7032.442
2020-11-01T00:00:00,274.8,285,35.132347,-106.372909,7008.348
2020-07-25T00:00:00,263,285,35.132347,-106.372909,7008.348
2020-04-25T00:00:00,272.9,285,35.132347,-106.372909,7008.348
2019-10-28T00:00:00,268.5,285,35.132347,-106.372909,7008.348
2019-07-22T00:00:00,271.1,285,35.132347,-106.372909,7008.348
2019-04-18T00:00:00,264.6,285,35.132347,-106.372909,7008.348
2018-12-18T00:00:00,267,285,35.132347,-106.372909,7008.348
2018-09-12T00:00:00,267.1,285,35.132347,-106.372909,7008.348
2018-04-03T00:00:00,261.6,285,35.132347,-106.372909,7008.348
2017-10-02T00:00:00,262.32,285,35.132347,-106.372909,7008.348
2017-06-14T00:00:00,260.1,285,35.132347,-106.372909,7008.348
2017-01-23T00:00:00,244.7,285,35.132347,-106.372909,7008.348
2016-06-01T00:00:00,254.88,285,35.132347,-106.372909,7008.348
2016-03-07T00:00:00,254.2,285,35.132347,-106.372909,7008.348
2015-08-31T00:00:00,255.21,285,35.132347,-106.372909,7008.348
2015-06-01T00:00:00,253.54,285,35.132347,-106.372909,7008.348
2015-03-02T00:00:00,253.69,285,35.132347,-106.372909,7008.348
2014-12-01T00:00:00,254.59,285,35.132347,-106.372909,7008.348
2014-09-02T00:00:00,261.77,285,35.132347,-106.372909,7008.348
2014-06-02T00:00:00,255.12,285,35.132347,-106.372909,7008.348
2014-03-03T00:00:00,253.98,285,35.132347,-106.372909,7008.348
2013-12-02T00:00:00,253.65,285,35.132347,-106.372909,7008.348
2013-09-09T00:00:00,254.3,285,35.132347,-106.372909,7008.348
2013-06-10T00:00:00,252.78,285,35.132347,-106.372909,7008.348
2013-03-11T00:00:00,248.83,285,35.132347,-106.372909,7008.348
2021-03-07T18:15:38,264.5,285,35.132347,-106.372909,7008.348
2021-10-20T19:45:17,267.5,285,35.132347,-106.372909,7008.348
2023-03-27T17:03:03,273.16,285,35.132347,-106.372909,7008.348
2024-03-01T23:11:16,273.69,285,35.132347,-106.372909,7008.348
2025-03-03T22:09:47,268.6,285,35.132347,-106.372909,7008.348
2020-11-08T00:00:00,316,360,34.955972,-106.308379,7410.214
2020-08-02T00:00:00,300.8,360,34.955972,-106.308379,7410.214
2020-05-02T00:00:00,300.8,360,34.955972,-106.308379,7410.214
2019-11-03T00:00:00,307,360,34.955972,-106.308379,7410.214
2019-07-25T00:00:00,303.2,360,34.955972,-106.308379,7410.214
2019-04-25T00:00:00,301.7,360,34.955972,-106.308379,7410.214
2019-01-11T00:00:00,298.4,360,34.955972,-106.308379,7410.214
2018-09-24T00:00:00,298.2,360,34.955972,-106.308379,7410.214
2018-04-08T00:00:00,307.4,360,34.955972,-106.308379,7410.214
2017-10-14T00:00:00,310.2,360,34.955972,-106.308379,7410.214
2017-06-28T00:00:00,310.6,360,34.955972,-106.308379,7410.214
2016-06-15T00:00:00,305.5,360,34.955972,-106.308379,7410.214
2016-03-14T00:00:00,306.7,360,34.955972,-106.308379,7410.214
2015-12-07T00:00:00,313.5,360,34.955972,-106.308379,7410.214
2015-09-09T00:00:00,313.5,360,34.955972,-106.308379,7410.214
2015-06-08T00:00:00,316.6,360,34.955972,-106.308379,7410.214
2015-03-10T00:00:00,324.4,360,34.955972,-106.308379,7410.214
2014-12-09T00:00:00,322.6,360,34.955972,-106.308379,7410.214
2014-09-24T00:00:00,321.9,360,34.955972,-106.308379,7410.214
2014-06-11T00:00:00,331.3,360,34.955972,-106.308379,7410.214
2014-03-12T00:00:00,313.9,360,34.955972,-106.308379,7410.214
2013-12-26T00:00:00,313.2,360,34.955972,-106.308379,7410.214
2013-09-04T00:00:00,322.2,360,34.955972,-106.308379,7410.214
2013-06-18T00:00:00,318.2,360,34.955972,-106.308379,7410.214
2013-03-18T00:00:00,318.8,360,34.955972,-106.308379,7410.214
2021-03-14T19:16:40,302.6,360,34.955972,-106.308379,7410.214
2021-11-06T20:37:13,302,360,34.955972,-106.308379,7410.214
2023-04-04T20:40:24,328.52,360,34.955972,-106.308379,7410.214
2023-11-08T21:31:12,320.96,360,34.955972,-106.308379,7410.214
2023-12-13T21:38:49,321.18,360,34.955972,-106.308379,7410.214
2024-01-17T23:33:16,321.31,360,34.955972,-106.308379,7410.214
2024-02-08T23:38:08,321.34,360,34.955972,-106.308379,7410.214
2024-02-15T22:36:00,321.32,360,34.955972,-106.308379,7410.214
2024-03-11T19:18:53,320.8,360,34.955972,-106.308379,7410.214
2024-04-12T19:08:33,320.54,360,34.955972,-106.308379,7410.214
2024-05-09T17:38:00,321.65,360,34.955972,-106.308379,7410.214
2024-06-13T17:38:53,319.3,360,34.955972,-106.308379,7410.214
2024-07-26T16:04:17,319.73,360,34.955972,-106.308379,7410.214
2024-08-14T23:27:56,319.83,360,34.955972,-106.308379,7410.214
2024-09-12T17:00:40,320.15,360,34.955972,-106.308379,7410.214
2024-10-09T21:30:29,320.29,360,34.955972,-106.308379,7410.214
2024-11-14T17:46:34,320.52,360,34.955972,-106.308379,7410.214
2024-12-10T19:14:35,320.57,360,34.955972,-106.308379,7410.214
2025-01-16T16:42:23,320.64,360,34.955972,-106.308379,7410.214
2025-02-10T17:33:25,320.7,360,34.955972,-106.308379,7410.214
2025-03-11T18:30:56,320.61,360,34.955972,-106.308379,7410.214
2025-05-08T15:30:24,320.11,360,34.955972,-106.308379,7410.214
2025-06-16T18:26:00,319.78,360,34.955972,-106.308379,7410.214
2025-07-10T18:22:28,319.56,360,34.955972,-106.308379,7410.214
2025-08-04T20:35:00,319.37,360,34.955972,-106.308379,7410.214
2025-09-04T19:33:22,219.29,360,34.955972,-106.308379,7410.214
2020-11-08T00:00:00,264.5,330,34.9593417,-106.3087889,7321.721
2020-08-02T00:00:00,264,330,34.9593417,-106.3087889,7321.721
2020-05-02T00:00:00,260.8,330,34.9593417,-106.3087889,7321.721
2019-11-03T00:00:00,261.2,330,34.9593417,-106.3087889,7321.721
2019-07-25T00:00:00,260.2,330,34.9593417,-106.3087889,7321.721
2019-04-25T00:00:00,258.9,330,34.9593417,-106.3087889,7321.721
2019-01-11T00:00:00,257.8,330,34.9593417,-106.3087889,7321.721
2018-09-24T00:00:00,258,330,34.9593417,-106.3087889,7321.721
2021-03-14T19:25:06,265.6,330,34.9593417,-106.3087889,7321.721
2021-11-06T20:46:18,268.2,330,34.9593417,-106.3087889,7321.721
2023-04-04T20:10:49,270.55,330,34.9593417,-106.3087889,7321.721
2025-03-11T16:55:00,266.57,330,34.9593417,-106.3087889,7321.721
2020-10-31T00:00:00,181.2,305,35.085908,-106.391488,6525.968
2020-07-24T00:00:00,178.1,305,35.085908,-106.391488,6525.968
2020-04-24T00:00:00,177.1,305,35.085908,-106.391488,6525.968
2019-10-27T00:00:00,181.2,305,35.085908,-106.391488,6525.968
2019-07-21T00:00:00,181.2,305,35.085908,-106.391488,6525.968
2019-04-16T00:00:00,184.8,305,35.085908,-106.391488,6525.968
2018-12-17T00:00:00,184.6,305,35.085908,-106.391488,6525.968
2018-09-05T00:00:00,180.6,305,35.085908,-106.391488,6525.968
2018-04-02T00:00:00,176.95,305,35.085908,-106.391488,6525.968
2017-10-02T00:00:00,177.73,305,35.085908,-106.391488,6525.968
2017-06-13T00:00:00,174.24,305,35.085908,-106.391488,6525.968
2017-01-19T00:00:00,177.82,305,35.085908,-106.391488,6525.968
2016-06-08T00:00:00,175.7,305,35.085908,-106.391488,6525.968
2016-03-15T00:00:00,176.6,305,35.085908,-106.391488,6525.968
2015-12-11T00:00:00,180.5,305,35.085908,-106.391488,6525.968
2015-09-04T00:00:00,184.8,305,35.085908,-106.391488,6525.968
2015-06-12T00:00:00,172.9,305,35.085908,-106.391488,6525.968
2015-03-06T00:00:00,172.8,305,35.085908,-106.391488,6525.968
2014-12-12T00:00:00,172.4,305,35.085908,-106.391488,6525.968
2014-09-23T00:00:00,172,305,35.085908,-106.391488,6525.968
2014-06-05T00:00:00,171.35,305,35.085908,-106.391488,6525.968
2014-03-05T00:00:00,171.5,305,35.085908,-106.391488,6525.968
2013-12-19T00:00:00,171.2,305,35.085908,-106.391488,6525.968
2013-09-05T00:00:00,171.15,305,35.085908,-106.391488,6525.968
2013-06-13T00:00:00,169.8,305,35.085908,-106.391488,6525.968
2013-03-12T00:00:00,169.08,305,35.085908,-106.391488,6525.968
2021-03-06T20:18:10,182.7,305,35.085908,-106.391488,6525.968
2021-10-18T19:29:23,185.8,305,35.085908,-106.391488,6525.968
2023-03-21T17:32:40,193.79,305,35.085908,-106.391488,6525.968
2023-11-09T15:24:55,176.4,305,35.085908,-106.391488,6525.968
2023-12-12T16:58:00,180.03,305,35.085908,-106.391488,6525.968
2024-01-11T22:31:43,174.49,305,35.085908,-106.391488,6525.968
2024-02-06T18:40:45,174.03,305,35.085908,-106.391488,6525.968
2024-03-05T16:34:29,173.48,305,35.085908,-106.391488,6525.968
2024-04-03T15:11:56,173.08,305,35.085908,-106.391488,6525.968
2024-05-07T16:09:00,172.47,305,35.085908,-106.391488,6525.968
2024-06-10T17:55:16,172.49,305,35.085908,-106.391488,6525.968
2024-07-16T16:59:16,173.05,305,35.085908,-106.391488,6525.968
2024-08-13T15:59:36,173.98,305,35.085908,-106.391488,6525.968
2024-09-10T16:47:58,173.18,305,35.085908,-106.391488,6525.968
2024-10-09T14:52:48,173.59,305,35.085908,-106.391488,6525.968
2024-11-12T18:30:22,174.03,305,35.085908,-106.391488,6525.968
2024-12-11T20:11:11,173.14,305,35.085908,-106.391488,6525.968
2025-01-14T15:52:18,172.85,305,35.085908,-106.391488,6525.968
2025-02-05T23:25:00,172.46,305,35.085908,-106.391488,6525.968
2025-03-19T15:50:07,171.87,305,35.085908,-106.391488,6525.968
2025-04-08T14:52:51,171.67,305,35.085908,-106.391488,6525.968
2025-05-06T15:05:37,171.39,305,35.085908,-106.391488,6525.968
2025-06-10T14:50:00,171.92,305,35.085908,-106.391488,6525.968
2025-07-11T15:41:00,171.88,305,35.085908,-106.391488,6525.968
2025-08-05T15:20:00,173.04,305,35.085908,-106.391488,6525.968
2025-08-08T18:38:35,173.19,305,35.085908,-106.391488,6525.968
2025-09-10T13:52:02,174.7,305,35.085908,-106.391488,6525.968
2013-06-06T13:51:00,247.8,300,35.087094,-106.388472,6595.024
2013-09-05T14:20:00,246.8,300,35.087094,-106.388472,6595.024
2013-12-19T15:23:00,245.6,300,35.087094,-106.388472,6595.024
2014-03-05T15:24:00,245.4,300,35.087094,-106.388472,6595.024
2014-06-05T14:27:00,247.5,300,35.087094,-106.388472,6595.024
2014-09-23T14:30:00,248.1,300,35.087094,-106.388472,6595.024
2014-12-12T15:32:00,247.8,300,35.087094,-106.388472,6595.024
2015-03-06T15:35:00,248,300,35.087094,-106.388472,6595.024
2015-06-12T14:37:00,248,300,35.087094,-106.388472,6595.024
2015-09-04T14:39:00,249,300,35.087094,-106.388472,6595.024
2015-12-11T15:43:00,248.4,300,35.087094,-106.388472,6595.024
2016-03-15T14:46:00,247.6,300,35.087094,-106.388472,6595.024
2016-06-08T14:49:00,247.6,300,35.087094,-106.388472,6595.024
2017-01-19T15:51:00,248.7,300,35.087094,-106.388472,6595.024
2017-06-13T14:53:00,249.37,300,35.087094,-106.388472,6595.024
2017-10-02T14:56:00,251.44,300,35.087094,-106.388472,6595.024
2018-04-02T15:58:00,248.4,300,35.087094,-106.388472,6595.024
2018-09-05T16:00:00,252.6,300,35.087094,-106.388472,6595.024
2018-12-17T17:03:00,250.7,300,35.087094,-106.388472,6595.024
2019-04-16T16:05:00,249.7,300,35.087094,-106.388472,6595.024
2019-07-21T16:09:00,254.95,300,35.087094,-106.388472,6595.024
2019-10-27T16:11:00,253.4,300,35.087094,-106.388472,6595.024
2020-04-24T16:14:00,252.1,300,35.087094,-106.388472,6595.024
2020-10-31T16:17:00,255,300,35.087094,-106.388472,6595.024
2021-03-06T17:19:00,256.6,300,35.087094,-106.388472,6595.024
2021-10-19T02:48:00,256.7,300,35.087094,-106.388472,6595.024
2023-03-21T16:23:00,254.97,300,35.087094,-106.388472,6595.024
2024-03-19T21:56:00,251,300,35.087094,-106.388472,6595.024
2025-03-26T18:04:05,249.44,300,35.087094,-106.388472,6595.024
2020-10-31T00:00:00,142.8,200,35.085017,-106.386384,6452.674
2020-08-04T00:00:00,141.4,200,35.085017,-106.386384,6452.674
2020-04-24T00:00:00,139.4,200,35.085017,-106.386384,6452.674
2019-10-27T00:00:00,141.2,200,35.085017,-106.386384,6452.674
2019-07-22T00:00:00,140.2,200,35.085017,-106.386384,6452.674
2019-04-16T00:00:00,139.5,200,35.085017,-106.386384,6452.674
2018-12-17T00:00:00,142.8,200,35.085017,-106.386384,6452.674
2018-09-12T00:00:00,141.95,200,35.085017,-106.386384,6452.674
2018-04-02T00:00:00,140.8,200,35.085017,-106.386384,6452.674
2017-10-02T00:00:00,140.81,200,35.085017,-106.386384,6452.674
2017-06-16T00:00:00,139.81,200,35.085017,-106.386384,6452.674
2017-01-19T00:00:00,141,200,35.085017,-106.386384,6452.674
2016-06-08T00:00:00,139.91,200,35.085017,-106.386384,6452.674
2016-03-15T00:00:00,138.64,200,35.085017,-106.386384,6452.674
2015-12-11T00:00:00,139.33,200,35.085017,-106.386384,6452.674
2015-09-04T00:00:00,138.9,200,35.085017,-106.386384,6452.674
2015-06-12T00:00:00,137.87,200,35.085017,-106.386384,6452.674
2015-03-06T00:00:00,138.52,200,35.085017,-106.386384,6452.674
2021-03-13T21:57:00,143.3,200,35.085017,-106.386384,6452.674
2021-10-18T19:22:39,142.6,200,35.085017,-106.386384,6452.674
2023-03-21T18:13:19,139.2,200,35.085017,-106.386384,6452.674
2024-03-19T16:09:38,139.79,200,35.085017,-106.386384,6452.674
2025-03-26T18:20:16,143.38,200,35.085017,-106.386384,6452.674
2021-03-06T22:08:00,98.3,165,35.087824,-106.384675,6438.647
2021-10-18T19:14:05,101.1,165,35.087824,-106.384675,6438.647
2023-08-02T15:16:34,90.4,165,35.087824,-106.384675,6438.647
2024-03-19T16:33:23,88.96,165,35.087824,-106.384675,6438.647
2025-03-26T18:43:23,93.47,165,35.087824,-106.384675,6438.647
2020-04-24T00:00:00,31.36,40,35.087931,-106.399657,6698.827
2019-10-31T00:00:00,31.78,40,35.087931,-106.399657,6698.827
2019-07-21T00:00:00,31.89,40,35.087931,-106.399657,6698.827
2019-04-16T00:00:00,31.03,40,35.087931,-106.399657,6698.827
2018-09-05T00:00:00,40.02,40,35.087931,-106.399657,6698.827
2018-04-02T00:00:00,31.77,40,35.087931,-106.399657,6698.827
2017-06-12T00:00:00,34.28,40,35.087931,-106.399657,6698.827
2017-01-17T00:00:00,31.52,40,35.087931,-106.399657,6698.827
2016-06-14T00:00:00,36.52,40,35.087931,-106.399657,6698.827
2016-03-30T00:00:00,30.96,40,35.087931,-106.399657,6698.827
2015-12-10T00:00:00,30.5,40,35.087931,-106.399657,6698.827
2015-09-28T00:00:00,38.75,40,35.087931,-106.399657,6698.827
2015-06-08T00:00:00,33,40,35.087931,-106.399657,6698.827
2015-03-10T00:00:00,30.32,40,35.087931,-106.399657,6698.827
2014-11-26T00:00:00,28.74,40,35.087931,-106.399657,6698.827
2014-04-21T00:00:00,30.44,40,35.087931,-106.399657,6698.827
2014-01-15T00:00:00,28.95,40,35.087931,-106.399657,6698.827
2013-11-13T00:00:00,29.33,40,35.087931,-106.399657,6698.827
2013-08-19T00:00:00,36.59,40,35.087931,-106.399657,6698.827
2013-05-06T00:00:00,29.2,40,35.087931,-106.399657,6698.827
2013-02-14T00:00:00,28.14,40,35.087931,-106.399657,6698.827
2012-11-16T00:00:00,28.27,40,35.087931,-106.399657,6698.827
2012-08-09T00:00:00,28,40,35.087931,-106.399657,6698.827
2012-05-24T00:00:00,27.6,40,35.087931,-106.399657,6698.827
2012-02-02T00:00:00,27.73,40,35.087931,-106.399657,6698.827
2023-03-21T16:53:04,30.05,40,35.087931,-106.399657,6698.827
2023-06-13T19:17:22,28.36,40,35.087931,-106.399657,6698.827
2023-11-06T20:21:09,30.47,40,35.087931,-106.399657,6698.827
2023-11-06T20:44:18,30.47,40,35.087931,-106.399657,6698.827
2023-12-06T19:18:21,30.07,40,35.087931,-106.399657,6698.827
2024-01-23T18:25:20,29.7,40,35.087931,-106.399657,6698.827
2024-02-02T16:36:41,30.02,40,35.087931,-106.399657,6698.827
2024-03-22T16:16:51,24.89,40,35.087931,-106.399657,6698.827
2024-04-10T17:47:00,30.01,40,35.087931,-106.399657,6698.827
2024-05-13T17:48:00,30.23,40,35.087931,-106.399657,6698.827
2024-02-28T22:05:00,29.87,40,35.087931,-106.399657,6698.827
2024-07-31T16:54:00,30.64,40,35.087931,-106.399657,6698.827
2024-08-21T16:00:00,30.73,40,35.087931,-106.399657,6698.827
2024-09-18T14:31:00,29.21,40,35.087931,-106.399657,6698.827
2024-10-01T15:43:00,30.92,40,35.087931,-106.399657,6698.827
2024-11-15T17:05:00,30.28,40,35.087931,-106.399657,6698.827
2025-01-17T18:34:00,30.51,40,35.087931,-106.399657,6698.827
2025-02-11T18:40:00,30.48,40,35.087931,-106.399657,6698.827
2025-04-30T15:22:00,30.61,40,35.087931,-106.399657,6698.827
2025-05-09T17:01:31,30.2,40,35.087931,-106.399657,6698.827
2025-06-18T20:27:00,32.11,40,35.087931,-106.399657,6698.827
2025-07-18T18:46:00,32,40,35.087931,-106.399657,6698.827
2025-08-08T17:17:00,32.13,40,35.087931,-106.399657,6698.827
2025-09-18T18:54:00,31.47,40,35.087931,-106.399657,6698.827
2021-10-20T16:21:35,67.2,75,35.111489,-106.382405,6825.175
2023-03-23T19:44:47,69.38,75,35.111489,-106.382405,6825.175
2019-11-20T00:00:00,465.73,500,35.183198,-106.498026,6055.667
2019-07-29T00:00:00,465.39,500,35.183198,-106.498026,6055.667
2019-04-02T00:00:00,463.94,500,35.183198,-106.498026,6055.667
2019-02-20T00:00:00,464.02,500,35.183198,-106.498026,6055.667
2018-10-10T00:00:00,464.58,500,35.183198,-106.498026,6055.667
2018-08-06T00:00:00,463.98,500,35.183198,-106.498026,6055.667
2018-04-19T00:00:00,462.77,500,35.183198,-106.498026,6055.667
2018-01-25T00:00:00,462.26,500,35.183198,-106.498026,6055.667
2017-11-30T00:00:00,462.74,500,35.183198,-106.498026,6055.667
2017-07-27T00:00:00,462.02,500,35.183198,-106.498026,6055.667
2017-04-06T00:00:00,460.84,500,35.183198,-106.498026,6055.667
2017-01-05T00:00:00,460.44,500,35.183198,-106.498026,6055.667
2016-11-17T00:00:00,460.7,500,35.183198,-106.498026,6055.667
2016-07-08T00:00:00,460.09,500,35.183198,-106.498026,6055.667
2016-05-20T00:00:00,459.57,500,35.183198,-106.498026,6055.667
2016-01-29T00:00:00,459.01,500,35.183198,-106.498026,6055.667
2015-10-29T20:00:00,459.32,500,35.183198,-106.498026,6055.667
2015-07-13T00:00:00,458.72,500,35.183198,-106.498026,6055.667
2015-04-30T00:00:00,458.23,500,35.183198,-106.498026,6055.667
2015-02-05T00:00:00,458,500,35.183198,-106.498026,6055.667
2014-10-23T00:00:00,458.48,500,35.183198,-106.498026,6055.667
2014-08-13T00:00:00,457.92,500,35.183198,-106.498026,6055.667
2014-08-13T00:00:00,457.92,500,35.183198,-106.498026,6055.667
2014-04-08T00:00:00,456.89,500,35.183198,-106.498026,6055.667
2014-01-02T00:00:00,456.65,500,35.183198,-106.498026,6055.667
2013-10-23T00:00:00,457,500,35.183198,-106.498026,6055.667
2013-08-01T00:00:00,456.74,500,35.183198,-106.498026,6055.667
2013-05-07T00:00:00,455.85,500,35.183198,-106.498026,6055.667
2013-02-13T00:00:00,455.17,500,35.183198,-106.498026,6055.667
2012-11-19T00:00:00,455.84,500,35.183198,-106.498026,6055.667
2012-08-15T00:00:00,455.19,500,35.183198,-106.498026,6055.667
2012-04-10T00:00:00,452.88,500,35.183198,-106.498026,6055.667
2012-02-09T00:00:00,453.12,500,35.183198,-106.498026,6055.667
2011-11-17T00:00:00,454.11,500,35.183198,-106.498026,6055.667
2011-07-07T00:00:00,453.38,500,35.183198,-106.498026,6055.667
2011-04-27T00:00:00,452.41,500,35.183198,-106.498026,6055.667
2010-10-22T00:00:00,452.58,500,35.183198,-106.498026,6055.667
2010-08-09T00:00:00,452.11,500,35.183198,-106.498026,6055.667
2010-06-07T00:00:00,451.29,500,35.183198,-106.498026,6055.667
2010-02-03T00:00:00,450.72,500,35.183198,-106.498026,6055.667
2009-11-20T00:00:00,451.58,500,35.183198,-106.498026,6055.667
2009-08-21T00:00:00,451.74,500,35.183198,-106.498026,6055.667
2009-04-22T00:00:00,450.3,500,35.183198,-106.498026,6055.667
2009-01-14T00:00:00,450.82,500,35.183198,-106.498026,6055.667
2008-10-14T00:00:00,452.08,500,35.183198,-106.498026,6055.667
2008-03-06T00:00:00,451.62,500,35.183198,-106.498026,6055.667
2007-05-09T00:00:00,453.16,500,35.183198,-106.498026,6055.667
2006-07-07T00:00:00,456.23,500,35.183198,-106.498026,6055.667
2006-02-16T00:00:00,455.07,500,35.183198,-106.498026,6055.667
2005-10-26T00:00:00,455.4,500,35.183198,-106.498026,6055.667
2004-12-16T00:00:00,453.72,500,35.183198,-106.498026,6055.667
2004-05-05T00:00:00,452.55,500,35.183198,-106.498026,6055.667
2004-02-01T00:00:00,451.25,500,35.183198,-106.498026,6055.667
2003-08-01T00:00:00,451.6,500,35.183198,-106.498026,6055.667
2003-06-01T00:00:00,450.6,500,35.183198,-106.498026,6055.667
2003-04-01T00:00:00,449.6,500,35.183198,-106.498026,6055.667
2002-09-01T00:00:00,448.6,500,35.183198,-106.498026,6055.667
2002-04-15T00:00:00,447.72,500,35.183198,-106.498026,6055.667
2002-01-15T00:00:00,446.84,500,35.183198,-106.498026,6055.667
2001-08-12T00:00:00,445.96,500,35.183198,-106.498026,6055.667
2001-02-01T00:00:00,445.08,500,35.183198,-106.498026,6055.667
2000-08-01T00:00:00,444.2,500,35.183198,-106.498026,6055.667
2000-04-01T00:00:00,443.32,500,35.183198,-106.498026,6055.667
2000-02-01T00:00:00,443.25,500,35.183198,-106.498026,6055.667
1999-12-01T00:00:00,443.1,500,35.183198,-106.498026,6055.667
1999-07-01T00:00:00,444.2,500,35.183198,-106.498026,6055.667
1999-02-01T00:00:00,444,500,35.183198,-106.498026,6055.667
1998-09-17T00:00:00,443.71,500,35.183198,-106.498026,6055.667
1998-06-16T00:00:00,442.86,500,35.183198,-106.498026,6055.667
1998-03-16T00:00:00,440.48,500,35.183198,-106.498026,6055.667
1997-12-09T00:00:00,442.96,500,35.183198,-106.498026,6055.667
2021-12-13T19:53:00,469.79,500,35.183198,-106.498026,6055.667
2023-08-01T15:49:50,472.53,500,35.183198,-106.498026,6055.667
2024-01-03T18:07:13,472.99,500,35.183198,-106.498026,6055.667
2024-02-28T16:54:08,473.09,500,35.183198,-106.498026,6055.667
2024-03-04T15:31:55,472.84,500,35.183198,-106.498026,6055.667
2024-04-04T00:22:53,472.87,500,35.183198,-106.498026,6055.667
2024-04-08T17:26:12,472.95,500,35.183198,-106.498026,6055.667
2024-07-03T20:00:00,473.82,500,35.183198,-106.498026,6055.667
2024-07-15T23:34:00,473.72,500,35.183198,-106.498026,6055.667
2024-08-12T19:57:13,474.16,500,35.183198,-106.498026,6055.667
2024-09-17T14:27:00,474.36,500,35.183198,-106.498026,6055.667
2024-10-01T20:33:34,474.8,500,35.183198,-106.498026,6055.667
2024-11-05T18:05:08,475.01,500,35.183198,-106.498026,6055.667
2024-12-09T19:35:13,474.5,500,35.183198,-106.498026,6055.667
2025-01-07T19:07:26,474.52,500,35.183198,-106.498026,6055.667
2025-02-06T21:30:57,474.31,500,35.183198,-106.498026,6055.667
2025-03-14T20:21:43,474.32,500,35.183198,-106.498026,6055.667
2025-04-04T17:01:18,474.4,500,35.183198,-106.498026,6055.667
2025-05-01T21:30:00,474.85,500,35.183198,-106.498026,6055.667
2025-06-09T21:42:52,475.03,500,35.183198,-106.498026,6055.667
2025-07-11T21:27:00,475.58,500,35.183198,-106.498026,6055.667
2025-08-01T15:33:00,475.87,500,35.183198,-106.498026,6055.667
2025-09-03T20:56:40,475.96,500,35.183198,-106.498026,6055.667
2020-11-01T00:00:00,42.6,200,35.122519,-106.373269,6780.52
2020-07-25T00:00:00,48.4,200,35.122519,-106.373269,6780.52
2020-04-25T00:00:00,42.9,200,35.122519,-106.373269,6780.52
2019-10-28T00:00:00,38.7,200,35.122519,-106.373269,6780.52
2019-07-22T00:00:00,35,200,35.122519,-106.373269,6780.52
2019-04-18T00:00:00,33.6,200,35.122519,-106.373269,6780.52
2018-12-18T00:00:00,35.5,200,35.122519,-106.373269,6780.52
2018-09-12T00:00:00,36.1,200,35.122519,-106.373269,6780.52
2018-04-03T00:00:00,32.8,200,35.122519,-106.373269,6780.52
2017-10-02T00:00:00,31.81,200,35.122519,-106.373269,6780.52
2017-06-13T00:00:00,28.81,200,35.122519,-106.373269,6780.52
2017-01-19T00:00:00,29.43,200,35.122519,-106.373269,6780.52
2016-06-01T00:00:00,25.74,200,35.122519,-106.373269,6780.52
2016-03-07T00:00:00,24.87,200,35.122519,-106.373269,6780.52
2015-11-30T00:00:00,27.55,200,35.122519,-106.373269,6780.52
2015-08-31T00:00:00,28.15,200,35.122519,-106.373269,6780.52
2015-06-01T00:00:00,29.48,200,35.122519,-106.373269,6780.52
2015-03-02T00:00:00,29.13,200,35.122519,-106.373269,6780.52
2014-12-01T00:00:00,30.39,200,35.122519,-106.373269,6780.52
2014-09-02T00:00:00,30.7,200,35.122519,-106.373269,6780.52
2014-06-02T00:00:00,31.45,200,35.122519,-106.373269,6780.52
2014-03-03T00:00:00,31.68,200,35.122519,-106.373269,6780.52
2013-12-02T00:00:00,30.38,200,35.122519,-106.373269,6780.52
2013-09-09T00:00:00,30.65,200,35.122519,-106.373269,6780.52
2013-06-10T00:00:00,30.33,200,35.122519,-106.373269,6780.52
2013-03-11T00:00:00,25.52,200,35.122519,-106.373269,6780.52
2012-12-10T00:00:00,28.28,200,35.122519,-106.373269,6780.52
2012-09-11T00:00:00,24.04,200,35.122519,-106.373269,6780.52
2012-06-07T00:00:00,21.04,200,35.122519,-106.373269,6780.52
2021-03-07T15:40:49,45.5,200,35.122519,-106.373269,6780.52
2021-10-20T18:03:16,51.3,200,35.122519,-106.373269,6780.52
2023-08-02T16:20:21,46.4,200,35.122519,-106.373269,6780.52
2024-03-05T20:55:20,40.41,200,35.122519,-106.373269,6780.52
2025-03-05T17:48:20,44.55,200,35.122519,-106.373269,6780.52
2020-11-01T00:00:00,371.1,420,35.124779,-106.373188,6832.262
2020-07-25T00:00:00,355,420,35.124779,-106.373188,6832.262
2020-04-25T00:00:00,226.8,420,35.124779,-106.373188,6832.262
2019-10-28T00:00:00,251.2,420,35.124779,-106.373188,6832.262
2019-07-22T00:00:00,257.5,420,35.124779,-106.373188,6832.262
2019-04-18T00:00:00,214.5,420,35.124779,-106.373188,6832.262
2018-12-18T00:00:00,261.3,420,35.124779,-106.373188,6832.262
2018-09-12T00:00:00,334.6,420,35.124779,-106.373188,6832.262
2018-04-03T00:00:00,189.2,420,35.124779,-106.373188,6832.262
2017-10-02T00:00:00,259.3,420,35.124779,-106.373188,6832.262
2017-06-13T00:00:00,339,420,35.124779,-106.373188,6832.262
2017-01-19T00:00:00,259,420,35.124779,-106.373188,6832.262
2016-06-01T00:00:00,352.3,420,35.124779,-106.373188,6832.262
2016-03-07T00:00:00,323.9,420,35.124779,-106.373188,6832.262
2015-11-30T00:00:00,293.8,420,35.124779,-106.373188,6832.262
2015-08-31T00:00:00,209.5,420,35.124779,-106.373188,6832.262
2015-06-01T00:00:00,250.3,420,35.124779,-106.373188,6832.262
2015-03-02T00:00:00,246.8,420,35.124779,-106.373188,6832.262
2014-12-01T00:00:00,231.2,420,35.124779,-106.373188,6832.262
2014-09-02T00:00:00,223.3,420,35.124779,-106.373188,6832.262
2014-06-02T00:00:00,164.32,420,35.124779,-106.373188,6832.262
2014-03-03T00:00:00,162.47,420,35.124779,-106.373188,6832.262
2013-12-02T00:00:00,168.32,420,35.124779,-106.373188,6832.262
2013-09-09T00:00:00,178.15,420,35.124779,-106.373188,6832.262
2013-06-10T00:00:00,166.31,420,35.124779,-106.373188,6832.262
2013-03-11T00:00:00,167.13,420,35.124779,-106.373188,6832.262
2012-12-10T00:00:00,168.85,420,35.124779,-106.373188,6832.262
2021-03-07T16:02:45,343.6,420,35.124779,-106.373188,6832.262
2021-10-20T18:24:31,366.6,420,35.124779,-106.373188,6832.262
2023-08-02T15:41:40,354.6,420,35.124779,-106.373188,6832.262
2024-03-05T20:07:23,303.92,420,35.124779,-106.373188,6832.262
2025-03-05T17:54:01,281,420,35.124779,-106.373188,6832.262
2020-11-01T00:00:00,82.05,260,35.12412,-106.374826,6817.683
2020-07-25T00:00:00,109.1,260,35.12412,-106.374826,6817.683
2020-04-25T00:00:00,73.4,260,35.12412,-106.374826,6817.683
2019-10-28T00:00:00,77.95,260,35.12412,-106.374826,6817.683
2019-07-22T00:00:00,80.95,260,35.12412,-106.374826,6817.683
2019-04-18T00:00:00,75.6,260,35.12412,-106.374826,6817.683
2018-12-18T00:00:00,75.1,260,35.12412,-106.374826,6817.683
2018-09-12T00:00:00,81.4,260,35.12412,-106.374826,6817.683
2018-04-03T00:00:00,81.3,260,35.12412,-106.374826,6817.683
2017-10-02T00:00:00,79.06,260,35.12412,-106.374826,6817.683
2017-06-13T00:00:00,77.21,260,35.12412,-106.374826,6817.683
2017-01-27T00:00:00,72.6,260,35.12412,-106.374826,6817.683
2016-06-01T00:00:00,82.37,260,35.12412,-106.374826,6817.683
2016-03-07T00:00:00,76.34,260,35.12412,-106.374826,6817.683
2015-11-30T00:00:00,70.69,260,35.12412,-106.374826,6817.683
2015-08-31T00:00:00,80.29,260,35.12412,-106.374826,6817.683
2015-06-01T00:00:00,76.29,260,35.12412,-106.374826,6817.683
2015-03-02T00:00:00,72.48,260,35.12412,-106.374826,6817.683
2014-12-01T00:00:00,90.71,260,35.12412,-106.374826,6817.683
2014-09-02T00:00:00,117.94,260,35.12412,-106.374826,6817.683
2014-06-02T00:00:00,112.55,260,35.12412,-106.374826,6817.683
2014-03-03T00:00:00,104.67,260,35.12412,-106.374826,6817.683
2013-12-02T00:00:00,118.16,260,35.12412,-106.374826,6817.683
2013-09-09T00:00:00,129.21,260,35.12412,-106.374826,6817.683
2013-06-10T00:00:00,135.07,260,35.12412,-106.374826,6817.683
2013-03-11T00:00:00,138.28,260,35.12412,-106.374826,6817.683
2012-12-10T00:00:00,129.78,260,35.12412,-106.374826,6817.683
2012-09-11T00:00:00,142.7,260,35.12412,-106.374826,6817.683
2012-06-12T00:00:00,143.2,260,35.12412,-106.374826,6817.683
2021-03-07T16:13:18,79.4,260,35.12412,-106.374826,6817.683
2021-10-20T18:33:12,86.2,260,35.12412,-106.374826,6817.683
2023-03-23T16:27:37,79.9,260,35.12412,-106.374826,6817.683
2024-03-05T15:07:22,79.36,260,35.12412,-106.374826,6817.683
2025-03-05T15:59:29,80.86,260,35.12412,-106.374826,6817.683
2020-11-01T00:00:00,129.95,540,35.127757,-106.375034,6891.692
2020-07-25T00:00:00,129.7,540,35.127757,-106.375034,6891.692
2020-04-25T00:00:00,128.48,540,35.127757,-106.375034,6891.692
2019-10-28T00:00:00,129.31,540,35.127757,-106.375034,6891.692
2019-07-22T00:00:00,129.05,540,35.127757,-106.375034,6891.692
2019-04-18T00:00:00,128.33,540,35.127757,-106.375034,6891.692
2018-12-18T00:00:00,128.15,540,35.127757,-106.375034,6891.692
2018-09-12T00:00:00,128.21,540,35.127757,-106.375034,6891.692
2018-04-03T00:00:00,126.62,540,35.127757,-106.375034,6891.692
2017-10-02T00:00:00,126.5,540,35.127757,-106.375034,6891.692
2017-06-13T00:00:00,126,540,35.127757,-106.375034,6891.692
2017-01-19T00:00:00,125.31,540,35.127757,-106.375034,6891.692
2016-06-01T00:00:00,124.91,540,35.127757,-106.375034,6891.692
2016-03-07T00:00:00,124.55,540,35.127757,-106.375034,6891.692
2015-11-30T00:00:00,124.32,540,35.127757,-106.375034,6891.692
2015-08-31T00:00:00,124.14,540,35.127757,-106.375034,6891.692
2015-06-01T00:00:00,123.5,540,35.127757,-106.375034,6891.692
2015-03-02T00:00:00,122.97,540,35.127757,-106.375034,6891.692
2014-12-01T00:00:00,123.12,540,35.127757,-106.375034,6891.692
2014-09-02T00:00:00,123.06,540,35.127757,-106.375034,6891.692
2014-06-02T00:00:00,122.56,540,35.127757,-106.375034,6891.692
2014-03-03T00:00:00,121.49,540,35.127757,-106.375034,6891.692
2013-12-02T00:00:00,121.61,540,35.127757,-106.375034,6891.692
2013-09-09T00:00:00,122.32,540,35.127757,-106.375034,6891.692
2013-06-10T00:00:00,121.7,540,35.127757,-106.375034,6891.692
2021-03-07T16:31:13,129.74,540,35.127757,-106.375034,6891.692
2021-10-20T18:50:59,130.88,540,35.127757,-106.375034,6891.692
2023-03-23T15:51:34,131.49,540,35.127757,-106.375034,6891.692
2024-02-06T20:24:47,126.42,540,35.127757,-106.375034,6891.692
2024-03-05T17:48:17,126.25,540,35.127757,-106.375034,6891.692
2025-03-05T16:15:39,126.11,540,35.127757,-106.375034,6891.692
2020-11-01T00:00:00,151.62,270,35.127739,-106.37513,6889.994
2020-07-25T00:00:00,167.29,270,35.127739,-106.37513,6889.994
2020-04-25T00:00:00,143.12,270,35.127739,-106.37513,6889.994
2019-10-28T00:00:00,146.81,270,35.127739,-106.37513,6889.994
2019-07-22T00:00:00,149.34,270,35.127739,-106.37513,6889.994
2019-04-18T00:00:00,142.14,270,35.127739,-106.37513,6889.994
2018-12-18T00:00:00,144.22,270,35.127739,-106.37513,6889.994
2018-09-12T00:00:00,148.97,270,35.127739,-106.37513,6889.994
2018-04-03T00:00:00,150.38,270,35.127739,-106.37513,6889.994
2017-10-02T00:00:00,148.06,270,35.127739,-106.37513,6889.994
2017-06-13T00:00:00,146.09,270,35.127739,-106.37513,6889.994
2017-01-19T00:00:00,142.91,270,35.127739,-106.37513,6889.994
2016-06-01T00:00:00,151.55,270,35.127739,-106.37513,6889.994
2016-03-07T00:00:00,143.89,270,35.127739,-106.37513,6889.994
2015-11-30T00:00:00,141.09,270,35.127739,-106.37513,6889.994
2015-08-31T00:00:00,148.67,270,35.127739,-106.37513,6889.994
2015-06-01T00:00:00,145.3,270,35.127739,-106.37513,6889.994
2015-03-02T00:00:00,142.96,270,35.127739,-106.37513,6889.994
2014-12-01T00:00:00,161.88,270,35.127739,-106.37513,6889.994
2014-09-02T00:00:00,172.48,270,35.127739,-106.37513,6889.994
2014-06-02T00:00:00,172.13,270,35.127739,-106.37513,6889.994
2014-03-03T00:00:00,171.48,270,35.127739,-106.37513,6889.994
2013-12-02T00:00:00,173.15,270,35.127739,-106.37513,6889.994
2013-09-09T00:00:00,174.26,270,35.127739,-106.37513,6889.994
2013-06-10T00:00:00,177.9,270,35.127739,-106.37513,6889.994
2021-03-07T16:38:07,149.11,270,35.127739,-106.37513,6889.994
2021-10-20T18:44:54,154.64,270,35.127739,-106.37513,6889.994
2023-03-23T15:50:43,149.99,270,35.127739,-106.37513,6889.994
2023-11-09T17:09:25,152.5,270,35.127739,-106.37513,6889.994
2023-12-08T18:38:09,149.86,270,35.127739,-106.37513,6889.994
2024-03-05T17:40:37,148.62,270,35.127739,-106.37513,6889.994
2024-04-03T18:41:57,147.98,270,35.127739,-106.37513,6889.994
2024-01-16T18:38:00,148.91,270,35.127739,-106.37513,6889.994
2024-02-06T20:10:00,148.84,270,35.127739,-106.37513,6889.994
2024-03-05T18:40:00,148.62,270,35.127739,-106.37513,6889.994
2024-04-03T18:51:00,147.98,270,35.127739,-106.37513,6889.994
2024-06-10T17:50:00,152.57,270,35.127739,-106.37513,6889.994
2024-07-26T20:51:00,153.48,270,35.127739,-106.37513,6889.994
2024-08-13T16:56:26,152.42,270,35.127739,-106.37513,6889.994
2024-09-17T14:58:03,152.83,270,35.127739,-106.37513,6889.994
2024-10-08T18:45:31,154.88,270,35.127739,-106.37513,6889.994
2024-11-05T22:47:16,152.31,270,35.127739,-106.37513,6889.994
2024-12-16T21:14:00,151.81,270,35.127739,-106.37513,6889.994
2025-01-13T21:56:43,151.37,270,35.127739,-106.37513,6889.994
2025-02-03T21:06:56,150.82,270,35.127739,-106.37513,6889.994
2025-03-05T16:18:06,151.62,270,35.127739,-106.37513,6889.994
2025-04-07T16:57:33,149.87,270,35.127739,-106.37513,6889.994
2025-05-05T19:03:32,150.98,270,35.127739,-106.37513,6889.994
2025-06-10T19:10:30,153.38,270,35.127739,-106.37513,6889.994
2025-07-14T22:09:00,156.31,270,35.127739,-106.37513,6889.994
2025-08-05T16:37:51,155.8,270,35.127739,-106.37513,6889.994
2025-09-12T17:12:49,155.8,270,35.127739,-106.37513,6889.994
2020-11-01T00:00:00,133.7,260,35.124048,-106.373567,6811.86
2020-07-25T00:00:00,153.9,260,35.124048,-106.373567,6811.86
2020-04-25T00:00:00,147.8,260,35.124048,-106.373567,6811.86
2019-10-28T00:00:00,130.5,260,35.124048,-106.373567,6811.86
2019-07-22T00:00:00,139.8,260,35.124048,-106.373567,6811.86
2019-04-18T00:00:00,120.2,260,35.124048,-106.373567,6811.86
2018-12-18T00:00:00,114.5,260,35.124048,-106.373567,6811.86
2018-09-12T00:00:00,72.3,260,35.124048,-106.373567,6811.86
2018-04-03T00:00:00,66.84,260,35.124048,-106.373567,6811.86
2017-10-02T00:00:00,66.05,260,35.124048,-106.373567,6811.86
2017-06-13T00:00:00,62.14,260,35.124048,-106.373567,6811.86
2017-01-19T00:00:00,61.47,260,35.124048,-106.373567,6811.86
2016-06-01T00:00:00,58.67,260,35.124048,-106.373567,6811.86
2016-03-07T00:00:00,56.61,260,35.124048,-106.373567,6811.86
2015-11-30T00:00:00,58.43,260,35.124048,-106.373567,6811.86
2015-08-31T00:00:00,59.51,260,35.124048,-106.373567,6811.86
2015-06-01T00:00:00,64.4,260,35.124048,-106.373567,6811.86
2015-03-03T00:00:00,62.2,260,35.124048,-106.373567,6811.86
2014-12-01T00:00:00,63.13,260,35.124048,-106.373567,6811.86
2014-09-02T00:00:00,75.22,260,35.124048,-106.373567,6811.86
2014-06-02T00:00:00,81.77,260,35.124048,-106.373567,6811.86
2014-03-03T00:00:00,64.5,260,35.124048,-106.373567,6811.86
2013-12-02T00:00:00,63.38,260,35.124048,-106.373567,6811.86
2021-03-07T15:57:40,126.8,260,35.124048,-106.373567,6811.86
2021-10-20T18:20:40,159.9,260,35.124048,-106.373567,6811.86
2023-08-02T16:03:16,149,260,35.124048,-106.373567,6811.86
2024-03-05T19:40:26,118.86,260,35.124048,-106.373567,6811.86
2025-03-05T16:47:41,151.53,260,35.124048,-106.373567,6811.86
2020-11-01T00:00:00,75.9,160,35.123948,-106.375639,6811.735
2020-07-25T00:00:00,103.6,160,35.123948,-106.375639,6811.735
2020-04-25T00:00:00,67.2,160,35.123948,-106.375639,6811.735
2019-10-28T00:00:00,71.6,160,35.123948,-106.375639,6811.735
2019-07-22T00:00:00,75.1,160,35.123948,-106.375639,6811.735
2019-04-18T00:00:00,65.8,160,35.123948,-106.375639,6811.735
2018-12-18T00:00:00,69,160,35.123948,-106.375639,6811.735
2018-09-12T00:00:00,74.6,160,35.123948,-106.375639,6811.735
2018-04-03T00:00:00,75.6,160,35.123948,-106.375639,6811.735
2017-10-02T00:00:00,73.4,160,35.123948,-106.375639,6811.735
2017-06-13T00:00:00,70.22,160,35.123948,-106.375639,6811.735
2017-01-19T00:00:00,68,160,35.123948,-106.375639,6811.735
2016-06-01T00:00:00,75.66,160,35.123948,-106.375639,6811.735
2016-03-07T00:00:00,70.09,160,35.123948,-106.375639,6811.735
2016-03-07T00:00:00,70.09,160,35.123948,-106.375639,6811.735
2015-11-30T00:00:00,63.7,160,35.123948,-106.375639,6811.735
2015-08-31T00:00:00,73.29,160,35.123948,-106.375639,6811.735
2015-06-01T00:00:00,69.67,160,35.123948,-106.375639,6811.735
2015-03-02T00:00:00,65.54,160,35.123948,-106.375639,6811.735
2014-12-01T00:00:00,84.04,160,35.123948,-106.375639,6811.735
2014-09-02T00:00:00,110.56,160,35.123948,-106.375639,6811.735
2014-06-02T00:00:00,106.28,160,35.123948,-106.375639,6811.735
2014-03-03T00:00:00,99.03,160,35.123948,-106.375639,6811.735
2013-12-02T00:00:00,110.55,160,35.123948,-106.375639,6811.735
2021-03-07T16:20:20,73.2,160,35.123948,-106.375639,6811.735
2021-10-20T18:38:00,79.1,160,35.123948,-106.375639,6811.735
2023-03-23T16:09:05,74.7,160,35.123948,-106.375639,6811.735
2024-03-05T20:38:54,85.08,160,35.123948,-106.375639,6811.735
2025-03-05T15:36:20,73.88,160,35.123948,-106.375639,6811.735
2020-11-01T00:00:00,57.4,500,35.123104,-106.373629,6792.763
2020-07-25T00:00:00,61.5,500,35.123104,-106.373629,6792.763
2020-04-25T00:00:00,55.88,500,35.123104,-106.373629,6792.763
2019-10-28T00:00:00,51.74,500,35.123104,-106.373629,6792.763
2019-07-22T00:00:00,49.65,500,35.123104,-106.373629,6792.763
2019-04-18T00:00:00,47.6,500,35.123104,-106.373629,6792.763
2018-12-18T00:00:00,49.38,500,35.123104,-106.373629,6792.763
2018-09-12T00:00:00,49.31,500,35.123104,-106.373629,6792.763
2018-04-03T00:00:00,45.75,500,35.123104,-106.373629,6792.763
2017-10-02T00:00:00,46.28,500,35.123104,-106.373629,6792.763
2017-06-13T00:00:00,42.84,500,35.123104,-106.373629,6792.763
2017-01-19T00:00:00,42.4,500,35.123104,-106.373629,6792.763
2016-06-01T00:00:00,39.57,500,35.123104,-106.373629,6792.763
2016-03-07T00:00:00,37.91,500,35.123104,-106.373629,6792.763
2015-11-30T00:00:00,39.52,500,35.123104,-106.373629,6792.763
2015-08-31T00:00:00,40.64,500,35.123104,-106.373629,6792.763
2015-06-01T00:00:00,42.53,500,35.123104,-106.373629,6792.763
2015-03-02T00:00:00,43.03,500,35.123104,-106.373629,6792.763
2021-03-07T15:46:21,58.4,500,35.123104,-106.373629,6792.763
2021-10-20T18:09:58,66,500,35.123104,-106.373629,6792.763
2023-03-24T14:27:25,59.8,500,35.123104,-106.373629,6792.763
2024-03-05T21:07:11,53.6,500,35.123104,-106.373629,6792.763
2025-03-05T18:00:31,57.45,500,35.123104,-106.373629,6792.763
2020-11-01T00:00:00,184.5,179,35.126133,-106.379953,6930.938
2020-07-26T00:00:00,184.2,179,35.126133,-106.379953,6930.938
2020-04-26T00:00:00,180.05,179,35.126133,-106.379953,6930.938
2019-10-27T00:00:00,173,179,35.126133,-106.379953,6930.938
2019-07-21T00:00:00,187.2,179,35.126133,-106.379953,6930.938
2019-04-22T00:00:00,177.05,179,35.126133,-106.379953,6930.938
2018-12-18T00:00:00,182.2,179,35.126133,-106.379953,6930.938
2018-09-23T00:00:00,169.6,179,35.126133,-106.379953,6930.938
2018-04-04T00:00:00,196.5,179,35.126133,-106.379953,6930.938
2017-06-13T00:00:00,188.15,179,35.126133,-106.379953,6930.938
2017-01-19T00:00:00,166.95,179,35.126133,-106.379953,6930.938
2016-06-01T00:00:00,166.27,179,35.126133,-106.379953,6930.938
2016-03-07T00:00:00,165.93,179,35.126133,-106.379953,6930.938
2015-11-30T00:00:00,167.39,179,35.126133,-106.379953,6930.938
2021-03-07T16:53:57,181.5,179,35.126133,-106.379953,6930.938
2021-10-24T14:29:12,186.4,179,35.126133,-106.379953,6930.938
2023-03-23T15:20:21,193.5,179,35.126133,-106.379953,6930.938
2024-03-05T15:37:33,181.74,179,35.126133,-106.379953,6930.938
2025-03-05T15:49:11,167.84,179,35.126133,-106.379953,6930.938
2024-11-12T17:40:00,153.49,397,35.12565,-106.37432,6887.825
2025-03-03T19:20:30,150.81,397,35.12565,-106.37432,6887.825
2025-07-14T18:38:00,15.43,NaN,35.12178,-106.37149,NaN
2025-07-14T18:45:00,22.3,225,35.12181,-106.37168,NaN
2019-11-07T00:00:00,20.85,152,34.962425,-106.7194817,4915.75
2019-07-01T00:00:00,21.81,152,34.962425,-106.7194817,4915.75
2019-04-25T00:00:00,21.9,152,34.962425,-106.7194817,4915.75
2019-02-28T00:00:00,21.85,152,34.962425,-106.7194817,4915.75
2018-11-08T00:00:00,21.56,152,34.962425,-106.7194817,4915.75
2018-08-02T00:00:00,21.7,152,34.962425,-106.7194817,4915.75
2018-05-17T00:00:00,21.92,152,34.962425,-106.7194817,4915.75
2018-01-18T00:00:00,21.4,152,34.962425,-106.7194817,4915.75
2017-10-05T00:00:00,21.18,152,34.962425,-106.7194817,4915.75
2017-08-10T00:00:00,21.6,152,34.962425,-106.7194817,4915.75
2017-05-25T00:00:00,21.44,152,34.962425,-106.7194817,4915.75
2017-01-12T00:00:00,21.38,152,34.962425,-106.7194817,4915.75
2016-12-08T00:00:00,21.15,152,34.962425,-106.7194817,4915.75
2016-05-20T00:00:00,27.35,152,34.962425,-106.7194817,4915.75
2016-01-22T00:00:00,20.48,152,34.962425,-106.7194817,4915.75
2015-10-29T00:00:00,21.38,152,34.962425,-106.7194817,4915.75
2015-07-23T00:00:00,21.88,152,34.962425,-106.7194817,4915.75
2015-04-08T00:00:00,21.93,152,34.962425,-106.7194817,4915.75
2015-01-21T00:00:00,21.44,152,34.962425,-106.7194817,4915.75
2014-11-20T00:00:00,21.39,152,34.962425,-106.7194817,4915.75
2014-08-20T00:00:00,21.82,152,34.962425,-106.7194817,4915.75
2014-05-05T00:00:00,22.02,152,34.962425,-106.7194817,4915.75
2014-01-16T00:00:00,21.61,152,34.962425,-106.7194817,4915.75
2013-10-09T00:00:00,21.76,152,34.962425,-106.7194817,4915.75
2013-07-25T00:00:00,22.11,152,34.962425,-106.7194817,4915.75
2013-04-23T00:00:00,21.96,152,34.962425,-106.7194817,4915.75
2013-02-13T00:00:00,21.69,152,34.962425,-106.7194817,4915.75
2012-11-29T00:00:00,21.48,152,34.962425,-106.7194817,4915.75
2012-08-27T00:00:00,21.85,152,34.962425,-106.7194817,4915.75
2012-04-30T00:00:00,21.82,152,34.962425,-106.7194817,4915.75
2012-01-31T00:00:00,21.32,152,34.962425,-106.7194817,4915.75
2011-10-05T00:00:00,21.36,152,34.962425,-106.7194817,4915.75
2011-07-18T00:00:00,22.22,152,34.962425,-106.7194817,4915.75
2011-04-27T00:00:00,21.81,152,34.962425,-106.7194817,4915.75
2011-02-07T00:00:00,21.76,152,34.962425,-106.7194817,4915.75
2010-10-21T00:00:00,22.87,152,34.962425,-106.7194817,4915.75
2010-07-15T00:00:00,22.86,152,34.962425,-106.7194817,4915.75
2010-05-23T00:00:00,21.86,152,34.962425,-106.7194817,4915.75
2010-02-03T00:00:00,21.54,152,34.962425,-106.7194817,4915.75
2009-11-23T00:00:00,21.31,152,34.962425,-106.7194817,4915.75
2009-08-26T00:00:00,21.43,152,34.962425,-106.7194817,4915.75
2009-05-13T00:00:00,21.73,152,34.962425,-106.7194817,4915.75
2009-03-19T00:00:00,21.78,152,34.962425,-106.7194817,4915.75
2009-01-09T00:00:00,21.4,152,34.962425,-106.7194817,4915.75
2005-10-21T00:00:00,21.38,152,34.962425,-106.7194817,4915.75
2021-03-05T18:05:10,21.49,152,34.962425,-106.7194817,4915.75
2021-11-08T18:21:51,21.66,152,34.962425,-106.7194817,4915.75
2023-03-14T15:35:04,21.56,152,34.962425,-106.7194817,4915.75
2023-07-31T21:16:19,21.75,152,34.962425,-106.7194817,4915.75
2024-01-02T16:03:16,21.13,152,34.962425,-106.7194817,4915.75
2024-03-01T15:30:45,21.21,152,34.962425,-106.7194817,4915.75
2024-07-29T18:37:42,21.52,152,34.962425,-106.7194817,4915.75
2024-10-03T20:35:05,21.64,152,34.962425,-106.7194817,4915.75
2025-01-08T17:16:15,19.26,152,34.962425,-106.7194817,4915.75
2025-03-18T14:47:24,21.3,152,34.962425,-106.7194817,4915.75
2025-06-04T17:46:35,21.62,152,34.962425,-106.7194817,4915.75
2025-09-02T16:30:48,22.39,152,34.962425,-106.7194817,4915.75
2019-11-14T00:00:00,8,20,35.003595,-106.688934,4921.694
2019-07-01T00:00:00,7.2,20,35.003595,-106.688934,4921.694
2019-04-25T00:00:00,8.09,20,35.003595,-106.688934,4921.694
2019-03-18T00:00:00,8.21,20,35.003595,-106.688934,4921.694
2018-12-04T00:00:00,8.4,20,35.003595,-106.688934,4921.694
2018-08-15T00:00:00,8.95,20,35.003595,-106.688934,4921.694
2018-05-17T00:00:00,10.2,20,35.003595,-106.688934,4921.694
2018-01-18T00:00:00,8.75,20,35.003595,-106.688934,4921.694
2017-12-07T00:00:00,8.38,20,35.003595,-106.688934,4921.694
2017-09-14T00:00:00,8.84,20,35.003595,-106.688934,4921.694
2017-05-25T00:00:00,8.1,20,35.003595,-106.688934,4921.694
2017-01-19T00:00:00,8.86,20,35.003595,-106.688934,4921.694
2016-12-08T00:00:00,8.87,20,35.003595,-106.688934,4921.694
2016-08-12T00:00:00,9.41,20,35.003595,-106.688934,4921.694
2016-06-17T00:00:00,8.47,20,35.003595,-106.688934,4921.694
2016-01-22T00:00:00,9.02,20,35.003595,-106.688934,4921.694
2015-10-22T00:00:00,8.78,20,35.003595,-106.688934,4921.694
2015-08-13T00:00:00,9.19,20,35.003595,-106.688934,4921.694
2015-04-30T00:00:00,9.45,20,35.003595,-106.688934,4921.694
2015-02-19T00:00:00,9.51,20,35.003595,-106.688934,4921.694
2014-10-24T00:00:00,6.91,20,35.003595,-106.688934,4921.694
2014-09-04T00:00:00,6.91,20,35.003595,-106.688934,4921.694
2014-04-28T00:00:00,9.61,20,35.003595,-106.688934,4921.694
2014-01-07T00:00:00,9.18,20,35.003595,-106.688934,4921.694
2013-10-09T00:00:00,9.4,20,35.003595,-106.688934,4921.694
2013-07-24T00:00:00,9.88,20,35.003595,-106.688934,4921.694
2013-04-23T00:00:00,9.71,20,35.003595,-106.688934,4921.694
2013-02-13T00:00:00,9.86,20,35.003595,-106.688934,4921.694
2012-11-29T00:00:00,9.63,20,35.003595,-106.688934,4921.694
2012-08-23T00:00:00,9.28,20,35.003595,-106.688934,4921.694
2012-05-02T00:00:00,9.13,20,35.003595,-106.688934,4921.694
2012-01-31T00:00:00,9.13,20,35.003595,-106.688934,4921.694
2011-12-15T00:00:00,9.51,20,35.003595,-106.688934,4921.694
2011-04-26T00:00:00,6.75,20,35.003595,-106.688934,4921.694
2010-10-20T00:00:00,7.92,20,35.003595,-106.688934,4921.694
2010-07-15T00:00:00,7.45,20,35.003595,-106.688934,4921.694
2010-05-03T00:00:00,7.42,20,35.003595,-106.688934,4921.694
2010-02-04T00:00:00,7.58,20,35.003595,-106.688934,4921.694
2009-11-23T00:00:00,7.6,20,35.003595,-106.688934,4921.694
2009-08-31T00:00:00,7.94,20,35.003595,-106.688934,4921.694
2009-05-13T00:00:00,7.19,20,35.003595,-106.688934,4921.694
2021-03-19T15:35:09,10.03,20,35.003595,-106.688934,4921.694
2021-11-08T17:10:00,7.7,20,35.003595,-106.688934,4921.694
2023-08-01T17:32:02,7.61,20,35.003595,-106.688934,4921.694
2024-01-02T18:04:13,7.38,20,35.003595,-106.688934,4921.694
2024-03-01T17:31:24,7.54,20,35.003595,-106.688934,4921.694
2024-07-29T18:17:00,7.8,20,35.003595,-106.688934,4921.694
2024-10-03T19:24:57,8,20,35.003595,-106.688934,4921.694
2025-01-08T19:36:56,7.65,20,35.003595,-106.688934,4921.694
2025-03-18T16:19:41,7.82,20,35.003595,-106.688934,4921.694
2025-06-04T19:32:04,8.13,20,35.003595,-106.688934,4921.694
2025-09-02T18:30:00,8.58,20,35.003595,-106.688934,4921.694
2019-11-07T00:00:00,9.3,20,35.00373,-106.689989,4920.91
2019-07-01T00:00:00,8.58,20,35.00373,-106.689989,4920.91
2019-04-25T00:00:00,9.5,20,35.00373,-106.689989,4920.91
2019-03-18T00:00:00,9.85,20,35.00373,-106.689989,4920.91
2018-03-01T00:00:00,10.3,20,35.00373,-106.689989,4920.91
2017-11-03T00:00:00,9.95,20,35.00373,-106.689989,4920.91
2017-09-14T00:00:00,9.94,20,35.00373,-106.689989,4920.91
2017-05-25T00:00:00,9.58,20,35.00373,-106.689989,4920.91
2017-01-19T00:00:00,10.22,20,35.00373,-106.689989,4920.91
2016-12-08T00:00:00,10.11,20,35.00373,-106.689989,4920.91
2016-07-29T00:00:00,10.53,20,35.00373,-106.689989,4920.91
2016-06-17T00:00:00,10.18,20,35.00373,-106.689989,4920.91
2016-01-22T00:00:00,10.28,20,35.00373,-106.689989,4920.91
2015-10-22T00:00:00,10.29,20,35.00373,-106.689989,4920.91
2015-07-23T00:00:00,10.13,20,35.00373,-106.689989,4920.91
2015-04-30T00:00:00,10.85,20,35.00373,-106.689989,4920.91
2015-02-19T00:00:00,10.63,20,35.00373,-106.689989,4920.91
2014-10-24T00:00:00,10.9,20,35.00373,-106.689989,4920.91
2014-09-04T00:00:00,10.78,20,35.00373,-106.689989,4920.91
2014-04-28T00:00:00,10.84,20,35.00373,-106.689989,4920.91
2014-01-07T00:00:00,10.96,20,35.00373,-106.689989,4920.91
2013-10-09T00:00:00,10.79,20,35.00373,-106.689989,4920.91
2013-07-24T00:00:00,11.28,20,35.00373,-106.689989,4920.91
2013-04-23T00:00:00,10.97,20,35.00373,-106.689989,4920.91
2013-02-13T00:00:00,12.04,20,35.00373,-106.689989,4920.91
2012-11-29T00:00:00,11.27,20,35.00373,-106.689989,4920.91
2012-08-23T00:00:00,10.48,20,35.00373,-106.689989,4920.91
2012-05-02T00:00:00,11.11,20,35.00373,-106.689989,4920.91
2012-01-31T00:00:00,11.29,20,35.00373,-106.689989,4920.91
2011-10-20T00:00:00,11.09,20,35.00373,-106.689989,4920.91
2011-07-07T00:00:00,10.67,20,35.00373,-106.689989,4920.91
2011-04-21T00:00:00,10.48,20,35.00373,-106.689989,4920.91
2011-02-08T00:00:00,11.32,20,35.00373,-106.689989,4920.91
2010-07-15T00:00:00,9.59,20,35.00373,-106.689989,4920.91
2010-05-03T00:00:00,9.65,20,35.00373,-106.689989,4920.91
2010-02-04T00:00:00,10.47,20,35.00373,-106.689989,4920.91
2009-11-23T00:00:00,10.4,20,35.00373,-106.689989,4920.91
2009-08-31T00:00:00,10.23,20,35.00373,-106.689989,4920.91
2009-05-13T00:00:00,9.4,20,35.00373,-106.689989,4920.91
2009-01-09T00:00:00,10.46,20,35.00373,-106.689989,4920.91
2021-11-08T17:15:36,9.51,20,35.00373,-106.689989,4920.91
2023-08-01T17:23:44,9.43,20,35.00373,-106.689989,4920.91
2024-01-02T18:02:53,9.73,20,35.00373,-106.689989,4920.91
2024-03-01T17:21:27,9.28,20,35.00373,-106.689989,4920.91
2024-07-29T18:15:00,9.45,20,35.00373,-106.689989,4920.91
2024-10-03T19:20:10,9.53,20,35.00373,-106.689989,4920.91
2025-01-08T19:22:36,9.02,20,35.00373,-106.689989,4920.91
2025-03-18T16:15:11,9.11,20,35.00373,-106.689989,4920.91
2025-06-04T19:22:44,9.21,20,35.00373,-106.689989,4920.91
2025-09-02T18:35:00,10.02,20,35.00373,-106.689989,4920.91
2020-10-31T00:00:00,89.5,306,35.06898,-106.44325,6101.655
2020-07-24T00:00:00,86.7,306,35.06898,-106.44325,6101.655
2020-04-24T00:00:00,84.7,306,35.06898,-106.44325,6101.655
2019-10-27T00:00:00,86.24,306,35.06898,-106.44325,6101.655
2019-07-21T00:00:00,84.94,306,35.06898,-106.44325,6101.655
2019-04-16T00:00:00,86.15,306,35.06898,-106.44325,6101.655
2018-12-17T00:00:00,88.05,306,35.06898,-106.44325,6101.655
2018-09-05T00:00:00,86.6,306,35.06898,-106.44325,6101.655
2018-04-02T00:00:00,83.79,306,35.06898,-106.44325,6101.655
2017-09-29T00:00:00,83.58,306,35.06898,-106.44325,6101.655
2017-06-12T00:00:00,81.76,306,35.06898,-106.44325,6101.655
2017-01-18T00:00:00,81.49,306,35.06898,-106.44325,6101.655
2016-06-08T00:00:00,86.58,306,35.06898,-106.44325,6101.655
2016-03-15T00:00:00,77.67,306,35.06898,-106.44325,6101.655
2015-12-11T00:00:00,77.54,306,35.06898,-106.44325,6101.655
2015-09-04T00:00:00,75.98,306,35.06898,-106.44325,6101.655
2015-06-12T00:00:00,76.55,306,35.06898,-106.44325,6101.655
2015-03-06T00:00:00,74.8,306,35.06898,-106.44325,6101.655
2014-12-12T00:00:00,74.82,306,35.06898,-106.44325,6101.655
2014-09-05T00:00:00,73.3,306,35.06898,-106.44325,6101.655
2014-06-05T00:00:00,71.31,306,35.06898,-106.44325,6101.655
2014-03-05T00:00:00,71.74,306,35.06898,-106.44325,6101.655
2013-12-19T00:00:00,71.9,306,35.06898,-106.44325,6101.655
2013-06-14T00:00:00,68.8,306,35.06898,-106.44325,6101.655
2013-03-22T00:00:00,68.1,306,35.06898,-106.44325,6101.655
2012-12-17T00:00:00,68.1,306,35.06898,-106.44325,6101.655
2012-09-11T00:00:00,65.8,306,35.06898,-106.44325,6101.655
2012-06-12T00:00:00,62.4,306,35.06898,-106.44325,6101.655
2012-03-12T00:00:00,62.6,306,35.06898,-106.44325,6101.655
2011-12-13T00:00:00,64.5,306,35.06898,-106.44325,6101.655
2021-03-06T19:38:31,94.5,306,35.06898,-106.44325,6101.655
2021-10-18T21:34:29,95.2,306,35.06898,-106.44325,6101.655
2023-08-03T15:39:00,100.5,306,35.06898,-106.44325,6101.655
2024-03-20T20:27:04,102.16,306,35.06898,-106.44325,6101.655
2024-11-18T22:55:00,106.31,306,35.06898,-106.44325,6101.655
2024-12-13T18:02:59,106.49,306,35.06898,-106.44325,6101.655
2025-01-08T11:05:00,106.31,306,35.06898,-106.44325,6101.655
2025-02-06T22:32:00,106.55,306,35.06898,-106.44325,6101.655
2025-03-08T18:12:00,106.6,306,35.06898,-106.44325,6101.655
2025-04-10T17:33:01,106.3,306,35.06898,-106.44325,6101.655
2025-05-08T21:51:51,106.39,306,35.06898,-106.44325,6101.655
2025-06-12T20:58:53,105.99,306,35.06898,-106.44325,6101.655
2025-07-10T20:01:00,107.44,306,35.06898,-106.44325,6101.655
2025-08-06T15:23:45,108.33,306,35.06898,-106.44325,6101.655
2025-09-15T21:16:03,108.59,306,35.06898,-106.44325,6101.655
2020-10-31T00:00:00,90.5,0,35.067211,-106.442266,6042.247
2020-07-24T00:00:00,89,0,35.067211,-106.442266,6042.247
2020-04-24T00:00:00,93.5,0,35.067211,-106.442266,6042.247
2019-10-27T00:00:00,88.6,0,35.067211,-106.442266,6042.247
2019-07-21T00:00:00,88.6,0,35.067211,-106.442266,6042.247
2019-04-16T00:00:00,86.8,0,35.067211,-106.442266,6042.247
2018-12-17T00:00:00,88.6,0,35.067211,-106.442266,6042.247
2018-09-05T00:00:00,88.6,0,35.067211,-106.442266,6042.247
2018-04-02T00:00:00,87,0,35.067211,-106.442266,6042.247
2017-09-29T00:00:00,86.7,0,35.067211,-106.442266,6042.247
2017-06-12T00:00:00,87.66,0,35.067211,-106.442266,6042.247
2017-01-18T00:00:00,87.45,0,35.067211,-106.442266,6042.247
2016-06-08T00:00:00,83.89,0,35.067211,-106.442266,6042.247
2016-03-15T00:00:00,83.66,0,35.067211,-106.442266,6042.247
2015-12-11T00:00:00,83.73,0,35.067211,-106.442266,6042.247
2015-09-04T00:00:00,85.82,0,35.067211,-106.442266,6042.247
2015-06-12T00:00:00,85.56,0,35.067211,-106.442266,6042.247
2015-03-06T00:00:00,86.48,0,35.067211,-106.442266,6042.247
2014-12-12T00:00:00,87.92,0,35.067211,-106.442266,6042.247
2014-09-05T00:00:00,83.14,0,35.067211,-106.442266,6042.247
2014-06-05T00:00:00,86,0,35.067211,-106.442266,6042.247
2014-03-05T00:00:00,82.98,0,35.067211,-106.442266,6042.247
2013-12-19T00:00:00,81.94,0,35.067211,-106.442266,6042.247
2013-09-06T00:00:00,80.63,0,35.067211,-106.442266,6042.247
2013-06-14T00:00:00,79.3,0,35.067211,-106.442266,6042.247
2013-03-22T00:00:00,77.13,0,35.067211,-106.442266,6042.247
2012-12-17T00:00:00,78.78,0,35.067211,-106.442266,6042.247
2012-09-11T00:00:00,77.8,0,35.067211,-106.442266,6042.247
2012-06-06T00:00:00,74.69,0,35.067211,-106.442266,6042.247
2021-03-06T19:54:09,90.4,0,35.067211,-106.442266,6042.247
2021-10-18T21:43:21,91.8,0,35.067211,-106.442266,6042.247
2023-03-15T20:32:57,93.5,0,35.067211,-106.442266,6042.247
2024-03-20T21:03:57,95.39,0,35.067211,-106.442266,6042.247
2025-03-08T20:23:40,97.7,0,35.067211,-106.442266,6042.247
2020-10-31T00:00:00,64.8,185,35.059237,-106.46539,5790.533
2020-07-24T00:00:00,59.9,185,35.059237,-106.46539,5790.533
2020-04-24T00:00:00,60.9,185,35.059237,-106.46539,5790.533
2019-10-27T00:00:00,64.4,185,35.059237,-106.46539,5790.533
2019-07-21T00:00:00,65.5,185,35.059237,-106.46539,5790.533
2019-04-16T00:00:00,62.6,185,35.059237,-106.46539,5790.533
2018-12-17T00:00:00,62.1,185,35.059237,-106.46539,5790.533
2018-09-05T00:00:00,66.7,185,35.059237,-106.46539,5790.533
2018-04-02T00:00:00,61.3,185,35.059237,-106.46539,5790.533
2017-09-29T00:00:00,64.9,185,35.059237,-106.46539,5790.533
2017-06-12T00:00:00,64.77,185,35.059237,-106.46539,5790.533
2017-01-18T00:00:00,58.74,185,35.059237,-106.46539,5790.533
2016-06-08T00:00:00,61.15,185,35.059237,-106.46539,5790.533
2016-03-15T00:00:00,60.26,185,35.059237,-106.46539,5790.533
2015-12-11T00:00:00,60,185,35.059237,-106.46539,5790.533
2015-09-04T00:00:00,64.06,185,35.059237,-106.46539,5790.533
2015-06-12T00:00:00,62.43,185,35.059237,-106.46539,5790.533
2015-03-06T00:00:00,63.4,185,35.059237,-106.46539,5790.533
2014-12-12T00:00:00,61.91,185,35.059237,-106.46539,5790.533
2014-09-05T00:00:00,68.12,185,35.059237,-106.46539,5790.533
2014-06-05T00:00:00,64.43,185,35.059237,-106.46539,5790.533
2014-03-05T00:00:00,60.7,185,35.059237,-106.46539,5790.533
2013-12-19T00:00:00,60.95,185,35.059237,-106.46539,5790.533
2013-09-05T00:00:00,68.8,185,35.059237,-106.46539,5790.533
2013-06-14T00:00:00,68.93,185,35.059237,-106.46539,5790.533
2013-03-22T00:00:00,64.28,185,35.059237,-106.46539,5790.533
2012-12-17T00:00:00,65.32,185,35.059237,-106.46539,5790.533
2021-03-06T15:31:25,63.7,185,35.059237,-106.46539,5790.533
2021-10-18T15:24:44,65.2,185,35.059237,-106.46539,5790.533
2023-03-15T17:02:52,60.5,185,35.059237,-106.46539,5790.533
2024-03-20T16:41:38,60.89,185,35.059237,-106.46539,5790.533
2025-03-01T18:45:18,66.45,185,35.059237,-106.46539,5790.533
2020-10-31T00:00:00,58.8,85,35.065884,-106.441591,6003.66
2020-07-24T00:00:00,57.3,85,35.065884,-106.441591,6003.66
2020-04-24T00:00:00,56.3,85,35.065884,-106.441591,6003.66
2019-10-27T00:00:00,56.1,85,35.065884,-106.441591,6003.66
2019-07-21T00:00:00,55.95,85,35.065884,-106.441591,6003.66
2019-04-16T00:00:00,55.4,85,35.065884,-106.441591,6003.66
2018-12-17T00:00:00,56.6,85,35.065884,-106.441591,6003.66
2018-09-05T00:00:00,56.9,85,35.065884,-106.441591,6003.66
2018-04-02T00:00:00,55.4,85,35.065884,-106.441591,6003.66
2017-09-29T00:00:00,55.05,85,35.065884,-106.441591,6003.66
2017-06-12T00:00:00,54.01,85,35.065884,-106.441591,6003.66
2017-01-18T00:00:00,53.77,85,35.065884,-106.441591,6003.66
2016-06-08T00:00:00,52.48,85,35.065884,-106.441591,6003.66
2016-03-15T00:00:00,51.69,85,35.065884,-106.441591,6003.66
2015-12-11T00:00:00,52.84,85,35.065884,-106.441591,6003.66
2015-09-04T00:00:00,52.15,85,35.065884,-106.441591,6003.66
2015-06-12T00:00:00,51.84,85,35.065884,-106.441591,6003.66
2015-03-06T00:00:00,51.61,85,35.065884,-106.441591,6003.66
2014-12-12T00:00:00,51.86,85,35.065884,-106.441591,6003.66
2014-09-05T00:00:00,51.27,85,35.065884,-106.441591,6003.66
2014-06-05T00:00:00,50.21,85,35.065884,-106.441591,6003.66
2014-03-05T00:00:00,49.49,85,35.065884,-106.441591,6003.66
2013-12-19T00:00:00,49.49,85,35.065884,-106.441591,6003.66
2013-09-06T00:00:00,49.73,85,35.065884,-106.441591,6003.66
2013-06-14T00:00:00,48.15,85,35.065884,-106.441591,6003.66
2013-03-22T00:00:00,47.16,85,35.065884,-106.441591,6003.66
2012-12-17T00:00:00,46.88,85,35.065884,-106.441591,6003.66
2021-03-06T17:42:51,59.4,85,35.065884,-106.441591,6003.66
2021-10-18T20:28:56,60,85,35.065884,-106.441591,6003.66
2023-03-15T20:20:01,61.5,85,35.065884,-106.441591,6003.66
2024-03-20T21:26:10,64.42,85,35.065884,-106.441591,6003.66
2025-03-08T19:44:25,65.62,85,35.065884,-106.441591,6003.66
2020-10-31T00:00:00,80.56,125,35.066556,-106.441414,6024.047
2020-07-24T00:00:00,79.5,125,35.066556,-106.441414,6024.047
2020-04-24T00:00:00,78.4,125,35.066556,-106.441414,6024.047
2019-10-27T00:00:00,79.05,125,35.066556,-106.441414,6024.047
2019-07-21T00:00:00,78.2,125,35.066556,-106.441414,6024.047
2019-04-16T00:00:00,77.5,125,35.066556,-106.441414,6024.047
2018-12-17T00:00:00,78.7,125,35.066556,-106.441414,6024.047
2018-09-05T00:00:00,78.8,125,35.066556,-106.441414,6024.047
2018-04-02T00:00:00,77.3,125,35.066556,-106.441414,6024.047
2017-09-29T00:00:00,77.15,125,35.066556,-106.441414,6024.047
2017-06-12T00:00:00,75.08,125,35.066556,-106.441414,6024.047
2017-01-20T00:00:00,75.33,125,35.066556,-106.441414,6024.047
2016-06-14T00:00:00,74.43,125,35.066556,-106.441414,6024.047
2015-12-11T00:00:00,73.98,125,35.066556,-106.441414,6024.047
2015-09-11T00:00:00,74.28,125,35.066556,-106.441414,6024.047
2015-06-12T00:00:00,73.76,125,35.066556,-106.441414,6024.047
2015-03-06T00:00:00,73.26,125,35.066556,-106.441414,6024.047
2014-12-12T00:00:00,73.63,125,35.066556,-106.441414,6024.047
2014-09-05T00:00:00,73.17,125,35.066556,-106.441414,6024.047
2014-03-21T00:00:00,71.26,125,35.066556,-106.441414,6024.047
2013-09-06T00:00:00,71.39,125,35.066556,-106.441414,6024.047
2013-06-14T00:00:00,69.91,125,35.066556,-106.441414,6024.047
2013-03-22T00:00:00,68.82,125,35.066556,-106.441414,6024.047
2021-03-06T17:48:55,81.5,125,35.066556,-106.441414,6024.047
2021-10-18T20:33:04,82,125,35.066556,-106.441414,6024.047
2024-03-20T21:15:22,86.78,125,35.066556,-106.441414,6024.047
2025-03-08T19:56:47,87.8,125,35.066556,-106.441414,6024.047
2020-10-31T00:00:00,108.3,267,35.056431,-106.466587,5844.933
2020-07-24T00:00:00,105.5,267,35.056431,-106.466587,5844.933
2020-04-24T00:00:00,102.3,267,35.056431,-106.466587,5844.933
2019-10-27T00:00:00,116.9,267,35.056431,-106.466587,5844.933
2019-07-21T00:00:00,176.4,267,35.056431,-106.466587,5844.933
2019-04-16T00:00:00,104.7,267,35.056431,-106.466587,5844.933
2018-12-17T00:00:00,107.2,267,35.056431,-106.466587,5844.933
2018-09-05T00:00:00,114.1,267,35.056431,-106.466587,5844.933
2018-04-02T00:00:00,106.5,267,35.056431,-106.466587,5844.933
2017-09-29T00:00:00,107.45,267,35.056431,-106.466587,5844.933
2017-06-12T00:00:00,103.25,267,35.056431,-106.466587,5844.933
2017-01-18T00:00:00,105.09,267,35.056431,-106.466587,5844.933
2016-06-08T00:00:00,102.22,267,35.056431,-106.466587,5844.933
2016-03-15T00:00:00,100.86,267,35.056431,-106.466587,5844.933
2015-12-11T00:00:00,104.92,267,35.056431,-106.466587,5844.933
2015-09-04T00:00:00,107.62,267,35.056431,-106.466587,5844.933
2015-06-12T00:00:00,105.34,267,35.056431,-106.466587,5844.933
2015-03-06T00:00:00,111.25,267,35.056431,-106.466587,5844.933
2014-06-05T00:00:00,110.14,267,35.056431,-106.466587,5844.933
2014-03-05T00:00:00,110.26,267,35.056431,-106.466587,5844.933
2013-09-05T00:00:00,117.43,267,35.056431,-106.466587,5844.933
2013-06-14T00:00:00,120.57,267,35.056431,-106.466587,5844.933
2013-03-22T00:00:00,129.35,267,35.056431,-106.466587,5844.933
2021-03-06T15:49:50,108,267,35.056431,-106.466587,5844.933
2021-10-18T16:05:33,105.7,267,35.056431,-106.466587,5844.933
2024-03-20T15:47:49,160.04,267,35.056431,-106.466587,5844.933
2025-03-01T21:15:00,115.25,267,35.056431,-106.466587,5844.933
2020-10-31T00:00:00,66.2,210,35.059129,-106.463842,5818.747
2020-07-24T00:00:00,57.7,210,35.059129,-106.463842,5818.747
2020-04-24T00:00:00,54,210,35.059129,-106.463842,5818.747
2019-10-27T00:00:00,70.4,210,35.059129,-106.463842,5818.747
2019-07-21T00:00:00,64.3,210,35.059129,-106.463842,5818.747
2019-04-16T00:00:00,56.9,210,35.059129,-106.463842,5818.747
2018-12-17T00:00:00,57.1,210,35.059129,-106.463842,5818.747
2018-09-05T00:00:00,61.7,210,35.059129,-106.463842,5818.747
2018-04-02T00:00:00,92.4,210,35.059129,-106.463842,5818.747
2017-09-29T00:00:00,60.89,210,35.059129,-106.463842,5818.747
2017-06-13T00:00:00,73,210,35.059129,-106.463842,5818.747
2017-01-18T00:00:00,59.54,210,35.059129,-106.463842,5818.747
2016-06-08T00:00:00,61.5,210,35.059129,-106.463842,5818.747
2016-03-15T00:00:00,53.26,210,35.059129,-106.463842,5818.747
2015-12-11T00:00:00,54.35,210,35.059129,-106.463842,5818.747
2015-09-04T00:00:00,53.25,210,35.059129,-106.463842,5818.747
2015-06-12T00:00:00,67.5,210,35.059129,-106.463842,5818.747
2015-03-06T00:00:00,52.97,210,35.059129,-106.463842,5818.747
2014-12-12T00:00:00,56,210,35.059129,-106.463842,5818.747
2014-09-05T00:00:00,62.27,210,35.059129,-106.463842,5818.747
2014-06-05T00:00:00,54.93,210,35.059129,-106.463842,5818.747
2014-03-05T00:00:00,52.82,210,35.059129,-106.463842,5818.747
2013-12-19T00:00:00,55,210,35.059129,-106.463842,5818.747
2013-06-14T00:00:00,55.1,210,35.059129,-106.463842,5818.747
2021-03-06T15:21:50,56.4,210,35.059129,-106.463842,5818.747
2021-10-18T15:17:02,65.8,210,35.059129,-106.463842,5818.747
2023-03-15T17:15:58,55.4,210,35.059129,-106.463842,5818.747
2024-03-20T16:51:00,56.74,210,35.059129,-106.463842,5818.747
2025-03-01T18:20:04,56.83,210,35.059129,-106.463842,5818.747
2020-10-31T00:00:00,71.5,108,35.068438,-106.443238,6086.574
2020-07-24T00:00:00,68.95,108,35.068438,-106.443238,6086.574
2020-04-24T00:00:00,68.2,108,35.068438,-106.443238,6086.574
2019-10-27T00:00:00,68.7,108,35.068438,-106.443238,6086.574
2019-07-21T00:00:00,75.8,108,35.068438,-106.443238,6086.574
2019-04-16T00:00:00,73.3,108,35.068438,-106.443238,6086.574
2018-12-17T00:00:00,74.2,108,35.068438,-106.443238,6086.574
2018-09-05T00:00:00,68.5,108,35.068438,-106.443238,6086.574
2018-04-02T00:00:00,65.6,108,35.068438,-106.443238,6086.574
2017-09-29T00:00:00,66.5,108,35.068438,-106.443238,6086.574
2017-06-12T00:00:00,68.95,108,35.068438,-106.443238,6086.574
2017-01-18T00:00:00,65.19,108,35.068438,-106.443238,6086.574
2016-06-08T00:00:00,59.97,108,35.068438,-106.443238,6086.574
2016-03-15T00:00:00,60.97,108,35.068438,-106.443238,6086.574
2015-12-11T00:00:00,59.81,108,35.068438,-106.443238,6086.574
2015-09-04T00:00:00,59.47,108,35.068438,-106.443238,6086.574
2015-06-12T00:00:00,57.41,108,35.068438,-106.443238,6086.574
2015-03-06T00:00:00,57.22,108,35.068438,-106.443238,6086.574
2014-12-12T00:00:00,57.16,108,35.068438,-106.443238,6086.574
2014-09-05T00:00:00,55.73,108,35.068438,-106.443238,6086.574
2014-06-05T00:00:00,55.99,108,35.068438,-106.443238,6086.574
2014-03-05T00:00:00,54.71,108,35.068438,-106.443238,6086.574
2013-12-19T00:00:00,54.82,108,35.068438,-106.443238,6086.574
2013-09-06T00:00:00,53.64,108,35.068438,-106.443238,6086.574
2013-06-04T00:00:00,52,108,35.068438,-106.443238,6086.574
2021-03-06T19:31:29,75.1,108,35.068438,-106.443238,6086.574
2021-10-18T21:28:43,76.8,108,35.068438,-106.443238,6086.574
2024-03-20T20:16:49,83.62,108,35.068438,-106.443238,6086.574
2025-03-08T22:50:29,87.67,108,35.068438,-106.443238,6086.574
2020-10-31T00:00:00,64.3,145,35.073719,-106.44293,6243.036
2020-07-24T00:00:00,62.9,145,35.073719,-106.44293,6243.036
2020-04-24T00:00:00,61.6,145,35.073719,-106.44293,6243.036
2019-10-27T00:00:00,62.6,145,35.073719,-106.44293,6243.036
2019-07-21T00:00:00,61.8,145,35.073719,-106.44293,6243.036
2019-04-16T00:00:00,60.9,145,35.073719,-106.44293,6243.036
2018-12-17T00:00:00,62.3,145,35.073719,-106.44293,6243.036
2018-09-05T00:00:00,63.1,145,35.073719,-106.44293,6243.036
2018-04-02T00:00:00,61.25,145,35.073719,-106.44293,6243.036
2017-09-29T00:00:00,61.9,145,35.073719,-106.44293,6243.036
2017-06-12T00:00:00,60.1,145,35.073719,-106.44293,6243.036
2017-01-18T00:00:00,60.82,145,35.073719,-106.44293,6243.036
2016-06-08T00:00:00,58.81,145,35.073719,-106.44293,6243.036
2016-03-15T00:00:00,58.32,145,35.073719,-106.44293,6243.036
2015-12-11T00:00:00,59.26,145,35.073719,-106.44293,6243.036
2015-09-04T00:00:00,59.08,145,35.073719,-106.44293,6243.036
2015-06-12T00:00:00,57.91,145,35.073719,-106.44293,6243.036
2015-03-06T00:00:00,57.56,145,35.073719,-106.44293,6243.036
2014-12-12T00:00:00,58.48,145,35.073719,-106.44293,6243.036
2014-09-23T00:00:00,58.67,145,35.073719,-106.44293,6243.036
2014-06-05T00:00:00,57.01,145,35.073719,-106.44293,6243.036
2014-03-05T00:00:00,54.59,145,35.073719,-106.44293,6243.036
2021-03-06T18:28:53,64.05,145,35.073719,-106.44293,6243.036
2021-10-18T20:45:31,65.46,145,35.073719,-106.44293,6243.036
2023-03-15T22:27:54,65,145,35.073719,-106.44293,6243.036
2023-11-08T16:06:27,67.14,145,35.073719,-106.44293,6243.036
2023-12-12T16:28:47,66.98,145,35.073719,-106.44293,6243.036
2024-01-16T16:58:45,66.53,145,35.073719,-106.44293,6243.036
2024-02-06T17:49:09,66.4,145,35.073719,-106.44293,6243.036
2024-03-05T15:57:23,65.87,145,35.073719,-106.44293,6243.036
2024-04-04T15:50:39,65.88,145,35.073719,-106.44293,6243.036
2024-05-07T17:21:00,65.86,145,35.073719,-106.44293,6243.036
2024-06-10T17:17:03,66.18,145,35.073719,-106.44293,6243.036
2024-07-16T15:36:13,67.51,145,35.073719,-106.44293,6243.036
2024-08-13T15:18:05,67.42,145,35.073719,-106.44293,6243.036
2024-09-10T16:00:51,67.52,145,35.073719,-106.44293,6243.036
2024-10-10T18:30:00,67.9,145,35.073719,-106.44293,6243.036
2024-12-13T17:30:49,67.7,145,35.073719,-106.44293,6243.036
2025-01-08T22:50:00,67.69,145,35.073719,-106.44293,6243.036
2025-02-06T22:25:00,67.95,145,35.073719,-106.44293,6243.036
2025-03-08T16:09:14,67.52,145,35.073719,-106.44293,6243.036
2025-05-08T21:32:31,67.78,145,35.073719,-106.44293,6243.036
2025-06-18T16:21:55,67.83,145,35.073719,-106.44293,6243.036
2025-07-10T19:59:00,68.38,145,35.073719,-106.44293,6243.036
2025-08-06T15:45:27,68.69,145,35.073719,-106.44293,6243.036
2020-10-31T00:00:00,82.4,130,35.06775,-106.444492,6064.559
2020-07-24T00:00:00,79.8,130,35.06775,-106.444492,6064.559
2020-04-24T00:00:00,76.2,130,35.06775,-106.444492,6064.559
2021-03-06T19:12:23,80.9,130,35.06775,-106.444492,6064.559
2021-10-18T21:06:33,86.1,130,35.06775,-106.444492,6064.559
2023-08-03T14:56:32,89.3,130,35.06775,-106.444492,6064.559
2024-03-20T19:58:17,91.04,130,35.06775,-106.444492,6064.559
2025-03-08T22:04:32,94.14,130,35.06775,-106.444492,6064.559
2020-10-31T00:00:00,76.9,320,35.0679489776,-106.443570209,6075.479
2020-07-24T00:00:00,87.4,320,35.0679489776,-106.443570209,6075.479
2020-04-24T00:00:00,73.8,320,35.0679489776,-106.443570209,6075.479
2019-10-27T00:00:00,79.7,320,35.0679489776,-106.443570209,6075.479
2019-07-21T00:00:00,75,320,35.0679489776,-106.443570209,6075.479
2019-04-16T00:00:00,125.8,320,35.0679489776,-106.443570209,6075.479
2018-09-05T00:00:00,76.5,320,35.0679489776,-106.443570209,6075.479
2018-04-02T00:00:00,73.9,320,35.0679489776,-106.443570209,6075.479
2017-09-29T00:00:00,72.19,320,35.0679489776,-106.443570209,6075.479
2017-06-12T00:00:00,71,320,35.0679489776,-106.443570209,6075.479
2017-01-18T00:00:00,69.95,320,35.0679489776,-106.443570209,6075.479
2016-06-08T00:00:00,66.78,320,35.0679489776,-106.443570209,6075.479
2016-03-15T00:00:00,65.96,320,35.0679489776,-106.443570209,6075.479
2015-12-11T00:00:00,65.5,320,35.0679489776,-106.443570209,6075.479
2015-09-04T00:00:00,64.48,320,35.0679489776,-106.443570209,6075.479
2021-03-06T19:24:44,81,320,35.0679489776,-106.443570209,6075.479
2021-10-18T21:11:02,82.3,320,35.0679489776,-106.443570209,6075.479
2023-08-03T15:09:27,101.4,320,35.0679489776,-106.443570209,6075.479
2023-11-08T16:17:53,120.78,320,35.0679489776,-106.443570209,6075.479
2023-12-12T16:47:20,91.33,320,35.0679489776,-106.443570209,6075.479
2024-01-16T17:38:18,92.71,320,35.0679489776,-106.443570209,6075.479
2024-02-06T18:12:08,88.2,320,35.0679489776,-106.443570209,6075.479
2024-03-05T16:16:44,86.86,320,35.0679489776,-106.443570209,6075.479
2024-04-04T16:10:07,86.87,320,35.0679489776,-106.443570209,6075.479
2024-05-07T17:23:00,90.14,320,35.0679489776,-106.443570209,6075.479
2024-06-10T17:33:03,88.91,320,35.0679489776,-106.443570209,6075.479
2024-07-16T15:38:10,93.44,320,35.0679489776,-106.443570209,6075.479
2024-08-13T15:41:25,89.79,320,35.0679489776,-106.443570209,6075.479
2024-09-10T16:15:48,89.76,320,35.0679489776,-106.443570209,6075.479
2024-10-10T18:47:00,92.69,320,35.0679489776,-106.443570209,6075.479
2024-11-18T22:24:48,90.21,320,35.0679489776,-106.443570209,6075.479
2024-12-13T17:48:00,90.37,320,35.0679489776,-106.443570209,6075.479
2025-01-08T23:15:00,91.18,320,35.0679489776,-106.443570209,6075.479
2025-02-06T22:56:24,90.27,320,35.0679489776,-106.443570209,6075.479
2025-03-08T18:26:18,90.66,320,35.0679489776,-106.443570209,6075.479
2025-04-10T17:56:18,91.54,320,35.0679489776,-106.443570209,6075.479
2025-05-08T22:11:29,90.39,320,35.0679489776,-106.443570209,6075.479
2025-06-12T21:01:00,91.7,320,35.0679489776,-106.443570209,6075.479
2025-07-10T20:03:00,92.42,320,35.0679489776,-106.443570209,6075.479
2025-08-06T14:37:00,93.98,320,35.0679489776,-106.443570209,6075.479
2025-09-15T21:17:05,93.9,320,35.0679489776,-106.443570209,6075.479
2020-10-31T00:00:00,181.6,510,35.052854316,-106.469277679,5961.214
2020-07-24T00:00:00,192.5,510,35.052854316,-106.469277679,5961.214
2020-04-24T00:00:00,183.3,510,35.052854316,-106.469277679,5961.214
2019-10-27T00:00:00,177.5,510,35.052854316,-106.469277679,5961.214
2019-07-21T00:00:00,188.8,510,35.052854316,-106.469277679,5961.214
2019-04-16T00:00:00,163.6,510,35.052854316,-106.469277679,5961.214
2018-12-17T00:00:00,167.3,510,35.052854316,-106.469277679,5961.214
2018-09-05T00:00:00,169.3,510,35.052854316,-106.469277679,5961.214
2018-04-02T00:00:00,203.7,510,35.052854316,-106.469277679,5961.214
2017-09-29T00:00:00,166.67,510,35.052854316,-106.469277679,5961.214
2017-06-12T00:00:00,178.29,510,35.052854316,-106.469277679,5961.214
2017-01-18T00:00:00,154.48,510,35.052854316,-106.469277679,5961.214
2016-06-08T00:00:00,179.4,510,35.052854316,-106.469277679,5961.214
2021-03-06T16:02:34,175.8,510,35.052854316,-106.469277679,5961.214
2021-10-18T16:14:58,191.1,510,35.052854316,-106.469277679,5961.214
2023-03-15T16:19:14,180.75,510,35.052854316,-106.469277679,5961.214
2024-03-20T16:20:49,210.7,510,35.052854316,-106.469277679,5961.214
2025-03-31T15:24:10,211.07,510,35.052854316,-106.469277679,5961.214
2020-10-31T00:00:00,55.21,140,35.0637444,-106.4454861,5964.808
2020-07-24T00:00:00,53.6,140,35.0637444,-106.4454861,5964.808
2020-04-24T00:00:00,52.7,140,35.0637444,-106.4454861,5964.808
2019-10-27T00:00:00,53.93,140,35.0637444,-106.4454861,5964.808
2019-07-21T00:00:00,52.5,140,35.0637444,-106.4454861,5964.808
2019-04-16T00:00:00,53.75,140,35.0637444,-106.4454861,5964.808
2018-12-17T00:00:00,55.78,140,35.0637444,-106.4454861,5964.808
2018-09-05T00:00:00,53.54,140,35.0637444,-106.4454861,5964.808
2018-04-02T00:00:00,53.59,140,35.0637444,-106.4454861,5964.808
2017-09-29T00:00:00,53.79,140,35.0637444,-106.4454861,5964.808
2017-06-12T00:00:00,52.79,140,35.0637444,-106.4454861,5964.808
2017-02-03T00:00:00,53.42,140,35.0637444,-106.4454861,5964.808
2021-03-06T17:33:10,56.33,140,35.0637444,-106.4454861,5964.808
2021-10-18T17:59:39,56.9,140,35.0637444,-106.4454861,5964.808
2023-03-15T20:07:48,54.96,140,35.0637444,-106.4454861,5964.808
2024-03-20T21:47:17,56.49,140,35.0637444,-106.4454861,5964.808
2025-03-08T20:53:26,57.39,140,35.0637444,-106.4454861,5964.808
2020-10-31T00:00:00,50.69,0,35.0707889,-106.44335,6158.174
2020-07-24T00:00:00,51.34,0,35.0707889,-106.44335,6158.174
2020-04-24T00:00:00,49.67,0,35.0707889,-106.44335,6158.174
2019-10-27T00:00:00,50.91,0,35.0707889,-106.44335,6158.174
2019-07-21T00:00:00,52.19,0,35.0707889,-106.44335,6158.174
2019-04-16T00:00:00,49.44,0,35.0707889,-106.44335,6158.174
2018-12-17T00:00:00,49.29,0,35.0707889,-106.44335,6158.174
2018-09-05T00:00:00,50.26,0,35.0707889,-106.44335,6158.174
2018-04-02T00:00:00,49.65,0,35.0707889,-106.44335,6158.174
2017-09-29T00:00:00,49.74,0,35.0707889,-106.44335,6158.174
2017-06-12T00:00:00,50.21,0,35.0707889,-106.44335,6158.174
2021-03-06T18:40:48,50,0,35.0707889,-106.44335,6158.174
2021-10-18T20:55:08,50.88,0,35.0707889,-106.44335,6158.174
2023-03-15T22:18:53,50.85,0,35.0707889,-106.44335,6158.174
2024-03-20T19:36:41,50.61,0,35.0707889,-106.44335,6158.174
2025-03-08T16:42:57,41.38,0,35.0707889,-106.44335,6158.174
2020-10-31T00:00:00,45.3,120,35.0591472,-106.4671722,5767.416
2019-10-27T00:00:00,45.8,120,35.0591472,-106.4671722,5767.416
2019-07-21T00:00:00,41.95,120,35.0591472,-106.4671722,5767.416
2023-03-15T16:47:26,45.5,120,35.0591472,-106.4671722,5767.416
2024-03-18T15:05:34,39.62,120,35.0591472,-106.4671722,5767.416
2025-03-01T19:02:35,44.16,120,35.0591472,-106.4671722,5767.416
2025-03-08T17:30:00,116.68,250,35.069611,-106.444926,6124.086
2025-03-14T22:36:28,146.28,NaN,35.070443,-106.444969,6146.741
2020-11-12T00:00:00,244.7,300,35.122116,-106.324505,6751.931
2020-08-01T00:00:00,244.4,300,35.122116,-106.324505,6751.931
2020-04-30T00:00:00,236,300,35.122116,-106.324505,6751.931
2019-11-02T00:00:00,240.1,300,35.122116,-106.324505,6751.931
2019-07-31T00:00:00,232.2,300,35.122116,-106.324505,6751.931
2019-04-26T00:00:00,231.3,300,35.122116,-106.324505,6751.931
2019-01-12T00:00:00,241.95,300,35.122116,-106.324505,6751.931
2018-09-29T00:00:00,240.8,300,35.122116,-106.324505,6751.931
2018-04-07T00:00:00,236.4,300,35.122116,-106.324505,6751.931
2017-10-09T00:00:00,228.71,300,35.122116,-106.324505,6751.931
2017-06-27T00:00:00,229.22,300,35.122116,-106.324505,6751.931
2017-01-30T00:00:00,232.6,300,35.122116,-106.324505,6751.931
2016-06-14T00:00:00,236.87,300,35.122116,-106.324505,6751.931
2016-03-10T00:00:00,231.8,300,35.122116,-106.324505,6751.931
2015-12-08T00:00:00,222.74,300,35.122116,-106.324505,6751.931
2015-09-28T00:00:00,225.74,300,35.122116,-106.324505,6751.931
2015-06-09T00:00:00,221.62,300,35.122116,-106.324505,6751.931
2015-03-09T00:00:00,227.22,300,35.122116,-106.324505,6751.931
2014-12-08T00:00:00,229.71,300,35.122116,-106.324505,6751.931
2014-09-08T00:00:00,229.96,300,35.122116,-106.324505,6751.931
2014-06-10T00:00:00,236.11,300,35.122116,-106.324505,6751.931
2014-03-11T00:00:00,234.6,300,35.122116,-106.324505,6751.931
2013-12-27T00:00:00,230.6,300,35.122116,-106.324505,6751.931
2013-09-03T00:00:00,240.57,300,35.122116,-106.324505,6751.931
2013-03-14T00:00:00,228.37,300,35.122116,-106.324505,6751.931
2012-12-12T00:00:00,234.4,300,35.122116,-106.324505,6751.931
2012-09-07T00:00:00,231,300,35.122116,-106.324505,6751.931
2012-06-12T00:00:00,235.49,300,35.122116,-106.324505,6751.931
2012-03-07T00:00:00,233.2,300,35.122116,-106.324505,6751.931
2011-11-17T00:00:00,256.8,300,35.122116,-106.324505,6751.931
2021-03-20T21:11:32,245.8,300,35.122116,-106.324505,6751.931
2021-11-01T21:34:07,246,300,35.122116,-106.324505,6751.931
2023-03-24T16:28:18,238.4,300,35.122116,-106.324505,6751.931
2023-11-08T18:51:49,244.4,300,35.122116,-106.324505,6751.931
2023-12-13T18:00:48,245.2,300,35.122116,-106.324505,6751.931
2024-01-18T00:30:14,241.7,300,35.122116,-106.324505,6751.931
2024-02-08T16:51:02,243.7,300,35.122116,-106.324505,6751.931
2024-03-21T15:22:18,244.09,300,35.122116,-106.324505,6751.931
2024-04-09T20:16:27,241.19,300,35.122116,-106.324505,6751.931
2024-05-08T17:12:00,241.52,300,35.122116,-106.324505,6751.931
2024-06-12T20:19:33,242.77,300,35.122116,-106.324505,6751.931
2024-07-24T15:45:00,244.04,300,35.122116,-106.324505,6751.931
2024-08-14T15:21:36,246.25,300,35.122116,-106.324505,6751.931
2024-09-11T19:27:07,248.51,300,35.122116,-106.324505,6751.931
2024-10-09T18:13:31,245.16,300,35.122116,-106.324505,6751.931
2024-11-13T22:35:03,246.3,300,35.122116,-106.324505,6751.931
2024-12-13T19:07:20,243.11,300,35.122116,-106.324505,6751.931
2025-01-15T19:12:05,243.91,300,35.122116,-106.324505,6751.931
2025-02-05T17:12:06,244.34,300,35.122116,-106.324505,6751.931
2025-03-19T17:57:09,244.69,300,35.122116,-106.324505,6751.931
2025-04-09T17:14:51,244.95,300,35.122116,-106.324505,6751.931
2025-05-06T19:55:21,244.91,300,35.122116,-106.324505,6751.931
2025-06-12T15:29:51,243.02,300,35.122116,-106.324505,6751.931
2025-07-15T16:47:00,243.67,300,35.122116,-106.324505,6751.931
2025-08-06T19:49:33,242.71,300,35.122116,-106.324505,6751.931
2020-11-05T00:00:00,97.1,190,35.168842,-106.329829,6688.364
2020-07-31T00:00:00,97.2,190,35.168842,-106.329829,6688.364
2020-04-28T00:00:00,99.7,190,35.168842,-106.329829,6688.364
2019-07-24T00:00:00,97.7,190,35.168842,-106.329829,6688.364
2019-04-24T00:00:00,97.05,190,35.168842,-106.329829,6688.364
2019-01-10T00:00:00,91.1,190,35.168842,-106.329829,6688.364
2018-09-21T00:00:00,97.7,190,35.168842,-106.329829,6688.364
2018-04-06T00:00:00,96.9,190,35.168842,-106.329829,6688.364
2017-10-07T00:00:00,96.62,190,35.168842,-106.329829,6688.364
2017-06-20T00:00:00,96.81,190,35.168842,-106.329829,6688.364
2017-01-24T00:00:00,96.84,190,35.168842,-106.329829,6688.364
2016-06-07T00:00:00,116.32,190,35.168842,-106.329829,6688.364
2016-03-08T00:00:00,107.08,190,35.168842,-106.329829,6688.364
2015-12-02T00:00:00,108.235,190,35.168842,-106.329829,6688.364
2015-09-02T00:00:00,145.195,190,35.168842,-106.329829,6688.364
2015-06-03T00:00:00,124.405,190,35.168842,-106.329829,6688.364
2015-03-11T00:00:00,118.63,190,35.168842,-106.329829,6688.364
2014-03-05T00:00:00,107.08,190,35.168842,-106.329829,6688.364
2013-09-10T00:00:00,107.08,190,35.168842,-106.329829,6688.364
2013-06-11T00:00:00,107.542,190,35.168842,-106.329829,6688.364
2013-03-12T00:00:00,107.6575,190,35.168842,-106.329829,6688.364
2012-12-11T00:00:00,107.08,190,35.168842,-106.329829,6688.364
2012-09-12T00:00:00,107.08,190,35.168842,-106.329829,6688.364
2012-06-12T00:00:00,107.08,190,35.168842,-106.329829,6688.364
2012-03-16T00:00:00,106.618,190,35.168842,-106.329829,6688.364
2011-12-21T00:00:00,107.08,190,35.168842,-106.329829,6688.364
2011-11-03T00:00:00,97.84,190,35.168842,-106.329829,6688.364
2011-09-23T00:00:00,96.685,190,35.168842,-106.329829,6688.364
2011-05-26T00:00:00,96.685,190,35.168842,-106.329829,6688.364
2021-03-11T23:15:26,97.2,190,35.168842,-106.329829,6688.364
2021-11-01T15:59:38,97.2,190,35.168842,-106.329829,6688.364
2023-08-04T16:26:24,104.8,190,35.168842,-106.329829,6688.364
2024-03-13T18:18:30,102.7,190,35.168842,-106.329829,6688.364
2024-07-30T19:42:50,97.63,190,35.168842,-106.329829,6688.364
2024-10-04T20:25:00,97.7,190,35.168842,-106.329829,6688.364
2025-01-14T21:12:25,97.62,190,35.168842,-106.329829,6688.364
2025-03-19T21:44:41,97.63,190,35.168842,-106.329829,6688.364
2025-06-11T21:57:52,97.73,190,35.168842,-106.329829,6688.364
2025-09-08T20:24:27,97.84,190,35.168842,-106.329829,6688.364
2020-11-05T00:00:00,82.95,360,35.167161,-106.331747,6702.908
2020-07-31T00:00:00,82.7,360,35.167161,-106.331747,6702.908
2020-04-28T00:00:00,80.7,360,35.167161,-106.331747,6702.908
2019-10-30T00:00:00,80.5,360,35.167161,-106.331747,6702.908
2019-07-24T00:00:00,79.9,360,35.167161,-106.331747,6702.908
2019-04-24T00:00:00,78.9,360,35.167161,-106.331747,6702.908
2019-01-10T00:00:00,79.1,360,35.167161,-106.331747,6702.908
2018-09-23T00:00:00,79.95,360,35.167161,-106.331747,6702.908
2018-04-06T00:00:00,77.59,360,35.167161,-106.331747,6702.908
2017-10-07T00:00:00,78.05,360,35.167161,-106.331747,6702.908
2017-06-20T00:00:00,77.94,360,35.167161,-106.331747,6702.908
2017-01-24T00:00:00,76.54,360,35.167161,-106.331747,6702.908
2016-06-07T00:00:00,76.11,360,35.167161,-106.331747,6702.908
2016-03-09T00:00:00,75.56,360,35.167161,-106.331747,6702.908
2015-12-02T00:00:00,75.39,360,35.167161,-106.331747,6702.908
2015-09-02T00:00:00,75.76,360,35.167161,-106.331747,6702.908
2015-06-03T00:00:00,75,360,35.167161,-106.331747,6702.908
2015-03-11T00:00:00,73.95,360,35.167161,-106.331747,6702.908
2014-12-03T00:00:00,73.97,360,35.167161,-106.331747,6702.908
2014-09-06T00:00:00,74.58,360,35.167161,-106.331747,6702.908
2014-06-04T00:00:00,75.66,360,35.167161,-106.331747,6702.908
2013-12-04T00:00:00,72.38,360,35.167161,-106.331747,6702.908
2013-09-10T00:00:00,72.64,360,35.167161,-106.331747,6702.908
2013-06-11T00:00:00,71.87,360,35.167161,-106.331747,6702.908
2013-03-12T00:00:00,70.83,360,35.167161,-106.331747,6702.908
2012-12-26T00:00:00,71.65,360,35.167161,-106.331747,6702.908
2012-09-12T00:00:00,70.57,360,35.167161,-106.331747,6702.908
2012-06-12T00:00:00,69.54,360,35.167161,-106.331747,6702.908
2012-03-07T00:00:00,68.56,360,35.167161,-106.331747,6702.908
2011-12-06T00:00:00,68.31,360,35.167161,-106.331747,6702.908
2011-09-21T00:00:00,68.04,360,35.167161,-106.331747,6702.908
2011-05-26T00:00:00,66.15,360,35.167161,-106.331747,6702.908
2011-01-18T00:00:00,64.58,360,35.167161,-106.331747,6702.908
2021-03-11T23:25:39,81.6,360,35.167161,-106.331747,6702.908
2021-11-01T15:42:57,84.4,360,35.167161,-106.331747,6702.908
2023-03-31T16:21:36,86.64,360,35.167161,-106.331747,6702.908
2024-04-11T15:57:59,84.34,360,35.167161,-106.331747,6702.908
2025-03-28T19:15:57,85.09,360,35.167161,-106.331747,6702.908
2020-11-05T00:00:00,81.95,100,35.169641,-106.331406,6701.248
2020-07-31T00:00:00,81.7,100,35.169641,-106.331406,6701.248
2020-04-28T00:00:00,82.5,100,35.169641,-106.331406,6701.248
2019-10-30T00:00:00,80.8,100,35.169641,-106.331406,6701.248
2019-08-01T00:00:00,80.5,100,35.169641,-106.331406,6701.248
2019-04-24T00:00:00,80,100,35.169641,-106.331406,6701.248
2019-01-10T00:00:00,79.6,100,35.169641,-106.331406,6701.248
2018-09-23T00:00:00,79.3,100,35.169641,-106.331406,6701.248
2018-04-06T00:00:00,78.6,100,35.169641,-106.331406,6701.248
2017-10-07T00:00:00,78.66,100,35.169641,-106.331406,6701.248
2017-06-20T00:00:00,77.94,100,35.169641,-106.331406,6701.248
2017-01-24T00:00:00,77.4,100,35.169641,-106.331406,6701.248
2016-06-07T00:00:00,76.1,100,35.169641,-106.331406,6701.248
2016-03-09T00:00:00,75.66,100,35.169641,-106.331406,6701.248
2015-12-02T00:00:00,75.31,100,35.169641,-106.331406,6701.248
2015-09-02T00:00:00,74.81,100,35.169641,-106.331406,6701.248
2015-06-03T00:00:00,74.48,100,35.169641,-106.331406,6701.248
2015-03-11T00:00:00,74.14,100,35.169641,-106.331406,6701.248
2014-12-03T00:00:00,73.71,100,35.169641,-106.331406,6701.248
2014-09-06T00:00:00,73.39,100,35.169641,-106.331406,6701.248
2014-06-04T00:00:00,72.69,100,35.169641,-106.331406,6701.248
2014-03-05T00:00:00,72.54,100,35.169641,-106.331406,6701.248
2013-12-04T00:00:00,71,100,35.169641,-106.331406,6701.248
2013-09-10T00:00:00,70.8,100,35.169641,-106.331406,6701.248
2013-06-11T00:00:00,70.7,100,35.169641,-106.331406,6701.248
2013-03-12T00:00:00,70.7,100,35.169641,-106.331406,6701.248
2012-12-11T00:00:00,70.77,100,35.169641,-106.331406,6701.248
2012-09-12T00:00:00,69.6,100,35.169641,-106.331406,6701.248
2012-06-12T00:00:00,69.3,100,35.169641,-106.331406,6701.248
2012-03-07T00:00:00,68.8,100,35.169641,-106.331406,6701.248
2011-12-06T00:00:00,68.2,100,35.169641,-106.331406,6701.248
2011-09-21T00:00:00,67.52,100,35.169641,-106.331406,6701.248
2021-03-11T23:33:53,82.7,100,35.169641,-106.331406,6701.248
2021-11-01T15:49:41,83.4,100,35.169641,-106.331406,6701.248
2024-04-11T16:17:04,87.55,100,35.169641,-106.331406,6701.248
2025-03-28T17:07:47,87.02,100,35.169641,-106.331406,6701.248
2020-11-05T00:00:00,339.2,0,35.151189,-106.341208,6972.316
2020-07-31T00:00:00,340.4,0,35.151189,-106.341208,6972.316
2020-04-28T00:00:00,338.2,0,35.151189,-106.341208,6972.316
2019-10-30T00:00:00,335.6,0,35.151189,-106.341208,6972.316
2019-07-24T00:00:00,336.8,0,35.151189,-106.341208,6972.316
2019-04-23T00:00:00,335,0,35.151189,-106.341208,6972.316
2019-01-10T00:00:00,333.2,0,35.151189,-106.341208,6972.316
2018-09-21T00:00:00,335.2,0,35.151189,-106.341208,6972.316
2018-04-06T00:00:00,333.9,0,35.151189,-106.341208,6972.316
2017-10-07T00:00:00,333.4,0,35.151189,-106.341208,6972.316
2017-06-20T00:00:00,335.5,0,35.151189,-106.341208,6972.316
2017-01-24T00:00:00,331.8,0,35.151189,-106.341208,6972.316
2016-06-07T00:00:00,329.5,0,35.151189,-106.341208,6972.316
2016-03-09T00:00:00,329.3,0,35.151189,-106.341208,6972.316
2015-12-02T00:00:00,329,0,35.151189,-106.341208,6972.316
2015-09-02T00:00:00,328.2,0,35.151189,-106.341208,6972.316
2015-06-03T00:00:00,328.6,0,35.151189,-106.341208,6972.316
2015-03-11T00:00:00,328.4,0,35.151189,-106.341208,6972.316
2014-12-03T00:00:00,328.2,0,35.151189,-106.341208,6972.316
2014-09-06T00:00:00,327.6,0,35.151189,-106.341208,6972.316
2014-06-04T00:00:00,327.3,0,35.151189,-106.341208,6972.316
2013-12-04T00:00:00,326.8,0,35.151189,-106.341208,6972.316
2013-09-10T00:00:00,326.2,0,35.151189,-106.341208,6972.316
2013-06-11T00:00:00,325.8,0,35.151189,-106.341208,6972.316
2013-03-12T00:00:00,325.3,0,35.151189,-106.341208,6972.316
2012-12-10T00:00:00,324.8,0,35.151189,-106.341208,6972.316
2012-09-12T00:00:00,324.6,0,35.151189,-106.341208,6972.316
2012-06-12T00:00:00,324.4,0,35.151189,-106.341208,6972.316
2021-03-11T21:37:00,337.9,0,35.151189,-106.341208,6972.316
2021-10-27T20:17:04,337.8,0,35.151189,-106.341208,6972.316
2023-03-31T16:49:29,343.72,0,35.151189,-106.341208,6972.316
2024-04-11T15:24:33,340.5,0,35.151189,-106.341208,6972.316
2025-03-28T20:28:18,341.2,0,35.151189,-106.341208,6972.316
2020-11-07T00:00:00,59.48,175,35.148022,-106.304186,6703.054
2020-07-31T00:00:00,56.9,175,35.148022,-106.304186,6703.054
2020-04-28T00:00:00,55.31,175,35.148022,-106.304186,6703.054
2019-11-02T00:00:00,56.98,175,35.148022,-106.304186,6703.054
2019-07-24T00:00:00,45.83,175,35.148022,-106.304186,6703.054
2019-04-24T00:00:00,43.35,175,35.148022,-106.304186,6703.054
2019-01-10T00:00:00,42.49,175,35.148022,-106.304186,6703.054
2018-09-23T00:00:00,44.3,175,35.148022,-106.304186,6703.054
2018-04-06T00:00:00,41.05,175,35.148022,-106.304186,6703.054
2017-10-09T00:00:00,41.6,175,35.148022,-106.304186,6703.054
2017-06-21T00:00:00,42.22,175,35.148022,-106.304186,6703.054
2017-01-25T00:00:00,39.55,175,35.148022,-106.304186,6703.054
2016-06-07T00:00:00,39.28,175,35.148022,-106.304186,6703.054
2016-03-09T00:00:00,36.35,175,35.148022,-106.304186,6703.054
2015-12-22T00:00:00,34.37,175,35.148022,-106.304186,6703.054
2015-09-02T00:00:00,24.21,175,35.148022,-106.304186,6703.054
2015-06-03T00:00:00,48.32,175,35.148022,-106.304186,6703.054
2015-03-11T00:00:00,46.09,175,35.148022,-106.304186,6703.054
2014-12-03T00:00:00,43.3,175,35.148022,-106.304186,6703.054
2014-09-06T00:00:00,41.5,175,35.148022,-106.304186,6703.054
2014-06-03T00:00:00,44.86,175,35.148022,-106.304186,6703.054
2014-03-04T00:00:00,41.8,175,35.148022,-106.304186,6703.054
2013-06-13T00:00:00,50.71,175,35.148022,-106.304186,6703.054
2013-03-19T00:00:00,48.38,175,35.148022,-106.304186,6703.054
2012-09-12T00:00:00,42.89,175,35.148022,-106.304186,6703.054
2012-06-12T00:00:00,40.09,175,35.148022,-106.304186,6703.054
2012-03-07T00:00:00,38.73,175,35.148022,-106.304186,6703.054
2011-12-21T00:00:00,38.08,175,35.148022,-106.304186,6703.054
2011-09-21T00:00:00,36.4,175,35.148022,-106.304186,6703.054
2011-05-26T00:00:00,33.3,175,35.148022,-106.304186,6703.054
2010-08-10T00:00:00,30.22,175,35.148022,-106.304186,6703.054
2021-03-13T17:57:49,60.69,175,35.148022,-106.304186,6703.054
2023-03-29T22:00:51,38.4,175,35.148022,-106.304186,6703.054
2024-03-18T15:16:54,47.74,175,35.148022,-106.304186,6703.054
2025-03-20T16:29:29,53.8,175,35.148022,-106.304186,6703.054
2020-11-07T00:00:00,241.3,320,35.151845,-106.306986,6708.788
2020-07-31T00:00:00,240.2,320,35.151845,-106.306986,6708.788
2020-04-28T00:00:00,239,320,35.151845,-106.306986,6708.788
2019-11-02T00:00:00,238.1,320,35.151845,-106.306986,6708.788
2019-07-24T00:00:00,237.5,320,35.151845,-106.306986,6708.788
2019-04-24T00:00:00,236.4,320,35.151845,-106.306986,6708.788
2019-01-10T00:00:00,236.1,320,35.151845,-106.306986,6708.788
2018-09-23T00:00:00,235.1,320,35.151845,-106.306986,6708.788
2018-04-06T00:00:00,233.75,320,35.151845,-106.306986,6708.788
2017-10-09T00:00:00,233.4,320,35.151845,-106.306986,6708.788
2017-06-20T00:00:00,232.55,320,35.151845,-106.306986,6708.788
2017-01-25T00:00:00,231.6,320,35.151845,-106.306986,6708.788
2016-06-07T00:00:00,230.17,320,35.151845,-106.306986,6708.788
2016-03-09T00:00:00,229.4,320,35.151845,-106.306986,6708.788
2015-12-02T00:00:00,228.9,320,35.151845,-106.306986,6708.788
2015-09-02T00:00:00,228.4,320,35.151845,-106.306986,6708.788
2015-06-03T00:00:00,228.1,320,35.151845,-106.306986,6708.788
2015-03-11T00:00:00,227.8,320,35.151845,-106.306986,6708.788
2014-12-03T00:00:00,227.3,320,35.151845,-106.306986,6708.788
2014-09-06T00:00:00,226.8,320,35.151845,-106.306986,6708.788
2014-06-03T00:00:00,226,320,35.151845,-106.306986,6708.788
2014-03-04T00:00:00,225.6,320,35.151845,-106.306986,6708.788
2013-12-04T00:00:00,225.7,320,35.151845,-106.306986,6708.788
2013-09-11T00:00:00,224.8,320,35.151845,-106.306986,6708.788
2013-06-13T00:00:00,224.1,320,35.151845,-106.306986,6708.788
2013-03-12T00:00:00,223.2,320,35.151845,-106.306986,6708.788
2012-12-11T00:00:00,222.8,320,35.151845,-106.306986,6708.788
2012-09-12T00:00:00,222.2,320,35.151845,-106.306986,6708.788
2012-06-12T00:00:00,221.3,320,35.151845,-106.306986,6708.788
2012-03-07T00:00:00,220.6,320,35.151845,-106.306986,6708.788
2011-12-06T00:00:00,220.4,320,35.151845,-106.306986,6708.788
2011-05-13T00:00:00,220.8,320,35.151845,-106.306986,6708.788
2010-07-27T00:00:00,216.4,320,35.151845,-106.306986,6708.788
2021-03-13T18:37:57,241.7,320,35.151845,-106.306986,6708.788
2021-10-30T18:12:20,244.4,320,35.151845,-106.306986,6708.788
2023-08-08T15:44:32,250,320,35.151845,-106.306986,6708.788
2024-03-13T15:18:53,249.64,320,35.151845,-106.306986,6708.788
2025-03-13T22:17:16,252.28,320,35.151845,-106.306986,6708.788
2020-11-07T00:00:00,145.3,220,35.150443,-106.282379,6869.408
2020-07-31T00:00:00,146.5,220,35.150443,-106.282379,6869.408
2020-04-28T00:00:00,145.7,220,35.150443,-106.282379,6869.408
2019-11-02T00:00:00,146,220,35.150443,-106.282379,6869.408
2019-07-24T00:00:00,145.7,220,35.150443,-106.282379,6869.408
2019-04-24T00:00:00,145.8,220,35.150443,-106.282379,6869.408
2019-01-10T00:00:00,145.95,220,35.150443,-106.282379,6869.408
2018-09-23T00:00:00,145.8,220,35.150443,-106.282379,6869.408
2018-04-07T00:00:00,145.7,220,35.150443,-106.282379,6869.408
2017-10-09T00:00:00,145.79,220,35.150443,-106.282379,6869.408
2017-06-21T00:00:00,145.81,220,35.150443,-106.282379,6869.408
2017-01-25T00:00:00,146.6,220,35.150443,-106.282379,6869.408
2016-06-07T00:00:00,145.75,220,35.150443,-106.282379,6869.408
2016-03-09T00:00:00,145.8,220,35.150443,-106.282379,6869.408
2015-12-02T00:00:00,145,220,35.150443,-106.282379,6869.408
2015-09-02T00:00:00,145.86,220,35.150443,-106.282379,6869.408
2015-06-03T00:00:00,145.6,220,35.150443,-106.282379,6869.408
2015-03-11T00:00:00,146,220,35.150443,-106.282379,6869.408
2014-12-03T00:00:00,145.6,220,35.150443,-106.282379,6869.408
2014-09-06T00:00:00,145.6,220,35.150443,-106.282379,6869.408
2014-06-03T00:00:00,145.4,220,35.150443,-106.282379,6869.408
2014-03-04T00:00:00,145.83,220,35.150443,-106.282379,6869.408
2013-12-04T00:00:00,145,220,35.150443,-106.282379,6869.408
2013-09-11T00:00:00,145.8,220,35.150443,-106.282379,6869.408
2013-06-13T00:00:00,145.7,220,35.150443,-106.282379,6869.408
2013-03-12T00:00:00,145.9,220,35.150443,-106.282379,6869.408
2012-12-11T00:00:00,145.8,220,35.150443,-106.282379,6869.408
2012-09-12T00:00:00,145.6,220,35.150443,-106.282379,6869.408
2012-06-12T00:00:00,145.6,220,35.150443,-106.282379,6869.408
2012-03-07T00:00:00,145.4,220,35.150443,-106.282379,6869.408
2011-12-21T00:00:00,145.5,220,35.150443,-106.282379,6869.408
2021-03-13T16:50:58,145.7,220,35.150443,-106.282379,6869.408
2021-10-30T16:11:58,149.6,220,35.150443,-106.282379,6869.408
2023-08-08T16:11:59,146.3,220,35.150443,-106.282379,6869.408
2024-03-18T19:40:45,145,220,35.150443,-106.282379,6869.408
2025-03-17T15:10:07,144.82,220,35.150443,-106.282379,6869.408
2020-11-07T00:00:00,128.1,225,35.148685,-106.282192,6850.227
2020-07-31T00:00:00,127.9,225,35.148685,-106.282192,6850.227
2020-04-28T00:00:00,127,225,35.148685,-106.282192,6850.227
2019-11-02T00:00:00,127.6,225,35.148685,-106.282192,6850.227
2019-07-24T00:00:00,127.2,225,35.148685,-106.282192,6850.227
2019-04-24T00:00:00,127.5,225,35.148685,-106.282192,6850.227
2019-01-10T00:00:00,127.3,225,35.148685,-106.282192,6850.227
2018-09-23T00:00:00,129.9,225,35.148685,-106.282192,6850.227
2018-04-07T00:00:00,128.8,225,35.148685,-106.282192,6850.227
2017-10-09T00:00:00,127.54,225,35.148685,-106.282192,6850.227
2017-06-21T00:00:00,128.6,225,35.148685,-106.282192,6850.227
2017-01-25T00:00:00,128.3,225,35.148685,-106.282192,6850.227
2016-06-07T00:00:00,127.3,225,35.148685,-106.282192,6850.227
2016-03-09T00:00:00,127,225,35.148685,-106.282192,6850.227
2015-12-02T00:00:00,127,225,35.148685,-106.282192,6850.227
2015-09-02T00:00:00,126.7,225,35.148685,-106.282192,6850.227
2015-06-03T00:00:00,129.6,225,35.148685,-106.282192,6850.227
2015-03-11T00:00:00,127.2,225,35.148685,-106.282192,6850.227
2014-12-03T00:00:00,127.8,225,35.148685,-106.282192,6850.227
2014-09-06T00:00:00,127.3,225,35.148685,-106.282192,6850.227
2014-06-03T00:00:00,127.8,225,35.148685,-106.282192,6850.227
2014-03-04T00:00:00,126.8,225,35.148685,-106.282192,6850.227
2013-12-04T00:00:00,126.7,225,35.148685,-106.282192,6850.227
2013-09-11T00:00:00,128.1,225,35.148685,-106.282192,6850.227
2013-06-13T00:00:00,127.8,225,35.148685,-106.282192,6850.227
2013-03-12T00:00:00,127.4,225,35.148685,-106.282192,6850.227
2012-12-11T00:00:00,127.5,225,35.148685,-106.282192,6850.227
2012-09-12T00:00:00,127.4,225,35.148685,-106.282192,6850.227
2012-06-12T00:00:00,128.1,225,35.148685,-106.282192,6850.227
2012-03-07T00:00:00,127,225,35.148685,-106.282192,6850.227
2011-12-21T00:00:00,126.6,225,35.148685,-106.282192,6850.227
2011-11-17T00:00:00,128.1,225,35.148685,-106.282192,6850.227
2021-03-13T16:59:01,127.5,225,35.148685,-106.282192,6850.227
2021-10-30T16:20:25,127.8,225,35.148685,-106.282192,6850.227
2023-08-08T16:02:40,129.2,225,35.148685,-106.282192,6850.227
2024-03-18T19:24:41,126.2,225,35.148685,-106.282192,6850.227
2025-03-17T14:52:46,126.4,225,35.148685,-106.282192,6850.227
2020-07-31T00:00:00,115.9,320,35.1455457475,-106.286498195,6811.27
2020-04-28T00:00:00,116.7,320,35.1455457475,-106.286498195,6811.27
2019-11-02T00:00:00,110.4,320,35.1455457475,-106.286498195,6811.27
2019-07-24T00:00:00,126,320,35.1455457475,-106.286498195,6811.27
2019-04-24T00:00:00,111.2,320,35.1455457475,-106.286498195,6811.27
2019-01-10T00:00:00,115.4,320,35.1455457475,-106.286498195,6811.27
2018-09-23T00:00:00,123,320,35.1455457475,-106.286498195,6811.27
2018-04-07T00:00:00,110.7,320,35.1455457475,-106.286498195,6811.27
2017-10-09T00:00:00,110.9,320,35.1455457475,-106.286498195,6811.27
2017-06-21T00:00:00,112.8,320,35.1455457475,-106.286498195,6811.27
2016-06-07T00:00:00,108.81,320,35.1455457475,-106.286498195,6811.27
2016-03-09T00:00:00,108.3,320,35.1455457475,-106.286498195,6811.27
2015-12-02T00:00:00,113.21,320,35.1455457475,-106.286498195,6811.27
2015-09-02T00:00:00,108.91,320,35.1455457475,-106.286498195,6811.27
2015-06-03T00:00:00,108.88,320,35.1455457475,-106.286498195,6811.27
2015-03-11T00:00:00,112.21,320,35.1455457475,-106.286498195,6811.27
2014-12-03T00:00:00,113.8,320,35.1455457475,-106.286498195,6811.27
2014-09-06T00:00:00,109.05,320,35.1455457475,-106.286498195,6811.27
2014-06-03T00:00:00,112.28,320,35.1455457475,-106.286498195,6811.27
2014-03-04T00:00:00,111.15,320,35.1455457475,-106.286498195,6811.27
2013-12-04T00:00:00,110.48,320,35.1455457475,-106.286498195,6811.27
2013-06-13T00:00:00,116.4,320,35.1455457475,-106.286498195,6811.27
2013-03-19T00:00:00,115.82,320,35.1455457475,-106.286498195,6811.27
2012-12-11T00:00:00,144.16,320,35.1455457475,-106.286498195,6811.27
2012-09-26T00:00:00,133.85,320,35.1455457475,-106.286498195,6811.27
2012-06-07T00:00:00,124.79,320,35.1455457475,-106.286498195,6811.27
2023-03-29T19:29:41,116.97,320,35.1455457475,-106.286498195,6811.27
2024-03-19T18:23:37,114.3,320,35.1455457475,-106.286498195,6811.27
2025-03-17T16:31:50,109.91,320,35.1455457475,-106.286498195,6811.27
2020-11-12T00:00:00,284.1,350,35.109483,-106.340647,6776.558
2020-08-01T00:00:00,283.2,350,35.109483,-106.340647,6776.558
2020-04-30T00:00:00,281.1,350,35.109483,-106.340647,6776.558
2019-11-02T00:00:00,281.2,350,35.109483,-106.340647,6776.558
2019-07-31T00:00:00,280.8,350,35.109483,-106.340647,6776.558
2019-04-26T00:00:00,280.4,350,35.109483,-106.340647,6776.558
2019-01-12T00:00:00,278.2,350,35.109483,-106.340647,6776.558
2018-09-29T00:00:00,280.2,350,35.109483,-106.340647,6776.558
2018-04-07T00:00:00,279.2,350,35.109483,-106.340647,6776.558
2017-10-09T00:00:00,277.8,350,35.109483,-106.340647,6776.558
2017-06-22T00:00:00,280.2,350,35.109483,-106.340647,6776.558
2017-01-27T00:00:00,277.7,350,35.109483,-106.340647,6776.558
2016-03-10T00:00:00,275.5,350,35.109483,-106.340647,6776.558
2015-12-08T00:00:00,276.4,350,35.109483,-106.340647,6776.558
2015-09-08T00:00:00,276.6,350,35.109483,-106.340647,6776.558
2015-06-09T00:00:00,276.2,350,35.109483,-106.340647,6776.558
2015-03-09T00:00:00,276.8,350,35.109483,-106.340647,6776.558
2014-06-10T00:00:00,278.8,350,35.109483,-106.340647,6776.558
2014-03-11T00:00:00,277.7,350,35.109483,-106.340647,6776.558
2013-12-11T00:00:00,277.1,350,35.109483,-106.340647,6776.558
2013-09-03T00:00:00,278.5,350,35.109483,-106.340647,6776.558
2013-06-17T00:00:00,278.1,350,35.109483,-106.340647,6776.558
2013-03-14T00:00:00,277.2,350,35.109483,-106.340647,6776.558
2012-12-12T00:00:00,276.2,350,35.109483,-106.340647,6776.558
2012-09-07T00:00:00,275.2,350,35.109483,-106.340647,6776.558
2021-03-20T20:51:48,283.1,350,35.109483,-106.340647,6776.558
2021-11-01T21:45:59,283.7,350,35.109483,-106.340647,6776.558
2024-04-12T23:53:23,282.58,350,35.109483,-106.340647,6776.558
2025-03-10T15:15:37,282.56,350,35.109483,-106.340647,6776.558
2020-11-07T00:00:00,303.5,425,35.147862,-106.317594,6881.697
2020-07-31T00:00:00,306.4,425,35.147862,-106.317594,6881.697
2020-04-28T00:00:00,302,425,35.147862,-106.317594,6881.697
2019-11-02T00:00:00,302.2,425,35.147862,-106.317594,6881.697
2019-07-24T00:00:00,304,425,35.147862,-106.317594,6881.697
2019-04-24T00:00:00,297.6,425,35.147862,-106.317594,6881.697
2019-01-10T00:00:00,296.6,425,35.147862,-106.317594,6881.697
2018-09-23T00:00:00,302.2,425,35.147862,-106.317594,6881.697
2018-04-06T00:00:00,297.6,425,35.147862,-106.317594,6881.697
2017-10-09T00:00:00,300.1,425,35.147862,-106.317594,6881.697
2017-06-21T00:00:00,304.6,425,35.147862,-106.317594,6881.697
2017-01-25T00:00:00,294.8,425,35.147862,-106.317594,6881.697
2016-06-07T00:00:00,297.8,425,35.147862,-106.317594,6881.697
2016-03-09T00:00:00,293.9,425,35.147862,-106.317594,6881.697
2015-12-02T00:00:00,295.1,425,35.147862,-106.317594,6881.697
2015-09-02T00:00:00,299.9,425,35.147862,-106.317594,6881.697
2015-06-03T00:00:00,296.8,425,35.147862,-106.317594,6881.697
2015-03-11T00:00:00,292.4,425,35.147862,-106.317594,6881.697
2014-12-03T00:00:00,293.6,425,35.147862,-106.317594,6881.697
2014-09-06T00:00:00,297.7,425,35.147862,-106.317594,6881.697
2014-06-03T00:00:00,296.8,425,35.147862,-106.317594,6881.697
2014-03-04T00:00:00,292.6,425,35.147862,-106.317594,6881.697
2013-12-04T00:00:00,291.8,425,35.147862,-106.317594,6881.697
2013-09-11T00:00:00,300,425,35.147862,-106.317594,6881.697
2013-06-13T00:00:00,299.7,425,35.147862,-106.317594,6881.697
2013-03-12T00:00:00,290,425,35.147862,-106.317594,6881.697
2012-12-11T00:00:00,293.6,425,35.147862,-106.317594,6881.697
2012-09-12T00:00:00,296.4,425,35.147862,-106.317594,6881.697
2021-03-13T15:27:05,300.4,425,35.147862,-106.317594,6881.697
2021-10-30T14:50:28,304.2,425,35.147862,-106.317594,6881.697
2023-08-08T18:56:12,309,425,35.147862,-106.317594,6881.697
2024-04-11T18:39:50,302.19,425,35.147862,-106.317594,6881.697
2019-11-02T00:00:00,300.6,500,35.136879,-106.288384,6849.19
2019-07-24T00:00:00,300.4,500,35.136879,-106.288384,6849.19
2019-04-24T00:00:00,330.4,500,35.136879,-106.288384,6849.19
2019-01-10T00:00:00,300.4,500,35.136879,-106.288384,6849.19
2018-09-23T00:00:00,309,500,35.136879,-106.288384,6849.19
2017-10-09T00:00:00,300.4,500,35.136879,-106.288384,6849.19
2017-06-21T00:00:00,336.6,500,35.136879,-106.288384,6849.19
2017-01-30T00:00:00,328.9,500,35.136879,-106.288384,6849.19
2016-03-09T00:00:00,298,500,35.136879,-106.288384,6849.19
2015-12-02T00:00:00,298,500,35.136879,-106.288384,6849.19
2015-09-02T00:00:00,336,500,35.136879,-106.288384,6849.19
2015-08-31T00:00:00,327.2,500,35.136879,-106.288384,6849.19
2015-06-17T00:00:00,298.29,500,35.136879,-106.288384,6849.19
2015-03-11T00:00:00,298.7,500,35.136879,-106.288384,6849.19
2014-12-03T00:00:00,297.4,500,35.136879,-106.288384,6849.19
2014-09-06T00:00:00,300.9,500,35.136879,-106.288384,6849.19
2014-06-03T00:00:00,299.8,500,35.136879,-106.288384,6849.19
2014-03-04T00:00:00,299.4,500,35.136879,-106.288384,6849.19
2013-12-04T00:00:00,331.4,500,35.136879,-106.288384,6849.19
2013-09-11T00:00:00,298.9,500,35.136879,-106.288384,6849.19
2013-06-13T00:00:00,322.9,500,35.136879,-106.288384,6849.19
2013-03-12T00:00:00,299.2,500,35.136879,-106.288384,6849.19
2012-09-12T00:00:00,332.8,500,35.136879,-106.288384,6849.19
2021-03-13T16:13:57,308.8,500,35.136879,-106.288384,6849.19
2021-10-30T15:34:34,301.4,500,35.136879,-106.288384,6849.19
2023-03-29T20:30:31,303.03,500,35.136879,-106.288384,6849.19
2024-03-18T18:39:01,299.82,500,35.136879,-106.288384,6849.19
2025-03-17T17:48:22,301.15,500,35.136879,-106.288384,6849.19
2020-11-07T00:00:00,254.5,340,35.140589,-106.300129,6795.832
2020-07-31T00:00:00,253.6,340,35.140589,-106.300129,6795.832
2020-04-28T00:00:00,252.2,340,35.140589,-106.300129,6795.832
2019-11-02T00:00:00,251.7,340,35.140589,-106.300129,6795.832
2019-07-24T00:00:00,250.3,340,35.140589,-106.300129,6795.832
2019-04-24T00:00:00,250.05,340,35.140589,-106.300129,6795.832
2019-01-10T00:00:00,248.6,340,35.140589,-106.300129,6795.832
2018-09-23T00:00:00,249.7,340,35.140589,-106.300129,6795.832
2018-04-07T00:00:00,248.1,340,35.140589,-106.300129,6795.832
2017-10-09T00:00:00,247.35,340,35.140589,-106.300129,6795.832
2017-06-21T00:00:00,246.95,340,35.140589,-106.300129,6795.832
2017-01-25T00:00:00,245.8,340,35.140589,-106.300129,6795.832
2016-06-07T00:00:00,243.6,340,35.140589,-106.300129,6795.832
2016-03-09T00:00:00,243.6,340,35.140589,-106.300129,6795.832
2015-12-02T00:00:00,243.6,340,35.140589,-106.300129,6795.832
2015-09-02T00:00:00,242.9,340,35.140589,-106.300129,6795.832
2015-06-03T00:00:00,242.6,340,35.140589,-106.300129,6795.832
2015-03-11T00:00:00,242.9,340,35.140589,-106.300129,6795.832
2014-12-03T00:00:00,243.1,340,35.140589,-106.300129,6795.832
2014-09-06T00:00:00,242.6,340,35.140589,-106.300129,6795.832
2014-06-03T00:00:00,241.9,340,35.140589,-106.300129,6795.832
2014-03-04T00:00:00,241.6,340,35.140589,-106.300129,6795.832
2013-12-04T00:00:00,240.9,340,35.140589,-106.300129,6795.832
2013-09-11T00:00:00,241.9,340,35.140589,-106.300129,6795.832
2013-06-13T00:00:00,241.75,340,35.140589,-106.300129,6795.832
2013-03-19T00:00:00,240.38,340,35.140589,-106.300129,6795.832
2012-12-11T00:00:00,239.75,340,35.140589,-106.300129,6795.832
2021-03-13T16:02:56,255.1,340,35.140589,-106.300129,6795.832
2021-10-30T15:13:54,256.9,340,35.140589,-106.300129,6795.832
2023-03-29T20:56:29,262.09,340,35.140589,-106.300129,6795.832
2024-03-18T15:33:48,261,340,35.140589,-106.300129,6795.832
2025-03-17T19:23:44,261.82,340,35.140589,-106.300129,6795.832
2020-11-03T00:00:00,394.1,580,35.144818,-106.348565,6989.752
2020-07-25T00:00:00,390.3,580,35.144818,-106.348565,6989.752
2020-04-25T00:00:00,387.2,580,35.144818,-106.348565,6989.752
2019-10-28T00:00:00,384.6,580,35.144818,-106.348565,6989.752
2019-07-22T00:00:00,388.6,580,35.144818,-106.348565,6989.752
2019-04-22T00:00:00,383.6,580,35.144818,-106.348565,6989.752
2018-12-20T00:00:00,385.3,580,35.144818,-106.348565,6989.752
2018-09-19T00:00:00,385.6,580,35.144818,-106.348565,6989.752
2018-04-04T00:00:00,385.6,580,35.144818,-106.348565,6989.752
2017-10-04T00:00:00,387.5,580,35.144818,-106.348565,6989.752
2017-06-14T00:00:00,387.4,580,35.144818,-106.348565,6989.752
2017-01-27T00:00:00,386.8,580,35.144818,-106.348565,6989.752
2016-06-01T00:00:00,383.6,580,35.144818,-106.348565,6989.752
2015-11-30T00:00:00,382,580,35.144818,-106.348565,6989.752
2015-08-31T00:00:00,381.8,580,35.144818,-106.348565,6989.752
2015-06-01T00:00:00,380.6,580,35.144818,-106.348565,6989.752
2015-03-02T00:00:00,379.8,580,35.144818,-106.348565,6989.752
2014-12-01T00:00:00,379.8,580,35.144818,-106.348565,6989.752
2014-09-02T00:00:00,379.4,580,35.144818,-106.348565,6989.752
2014-06-02T00:00:00,377.5,580,35.144818,-106.348565,6989.752
2014-03-03T00:00:00,375.8,580,35.144818,-106.348565,6989.752
2013-12-02T00:00:00,375.8,580,35.144818,-106.348565,6989.752
2013-09-09T00:00:00,376.2,580,35.144818,-106.348565,6989.752
2013-06-10T00:00:00,377.2,580,35.144818,-106.348565,6989.752
2013-03-11T00:00:00,372.3,580,35.144818,-106.348565,6989.752
2021-03-07T22:03:37,387.8,580,35.144818,-106.348565,6989.752
2021-10-23T18:26:07,388.6,580,35.144818,-106.348565,6989.752
2023-08-04T14:52:59,392.62,580,35.144818,-106.348565,6989.752
2024-03-04T16:54:04,387.32,580,35.144818,-106.348565,6989.752
2025-03-04T16:04:52,389.1,580,35.144818,-106.348565,6989.752
2020-11-07T00:00:00,165.2,240,35.114646,-106.30596,6862.176
2020-08-01T00:00:00,163.3,240,35.114646,-106.30596,6862.176
2020-04-30T00:00:00,156.5,240,35.114646,-106.30596,6862.176
2019-11-02T00:00:00,154.2,240,35.114646,-106.30596,6862.176
2019-07-24T00:00:00,161.6,240,35.114646,-106.30596,6862.176
2019-04-24T00:00:00,155.6,240,35.114646,-106.30596,6862.176
2019-01-12T00:00:00,158.8,240,35.114646,-106.30596,6862.176
2018-09-23T00:00:00,159.1,240,35.114646,-106.30596,6862.176
2018-04-07T00:00:00,151.2,240,35.114646,-106.30596,6862.176
2017-10-09T00:00:00,151.11,240,35.114646,-106.30596,6862.176
2017-06-27T00:00:00,151.8,240,35.114646,-106.30596,6862.176
2017-01-30T00:00:00,153,240,35.114646,-106.30596,6862.176
2016-06-14T00:00:00,148.65,240,35.114646,-106.30596,6862.176
2016-03-10T00:00:00,142.67,240,35.114646,-106.30596,6862.176
2015-12-08T00:00:00,143.8,240,35.114646,-106.30596,6862.176
2015-09-08T00:00:00,143.65,240,35.114646,-106.30596,6862.176
2015-06-09T00:00:00,150,240,35.114646,-106.30596,6862.176
2015-03-09T00:00:00,146.87,240,35.114646,-106.30596,6862.176
2014-12-08T00:00:00,144.53,240,35.114646,-106.30596,6862.176
2014-09-08T00:00:00,151,240,35.114646,-106.30596,6862.176
2014-06-10T00:00:00,157.78,240,35.114646,-106.30596,6862.176
2014-03-11T00:00:00,150.2,240,35.114646,-106.30596,6862.176
2013-12-27T00:00:00,144.36,240,35.114646,-106.30596,6862.176
2013-09-03T00:00:00,182.08,240,35.114646,-106.30596,6862.176
2013-06-17T00:00:00,182,240,35.114646,-106.30596,6862.176
2013-03-14T00:00:00,166.94,240,35.114646,-106.30596,6862.176
2021-03-20T22:12:45,174.6,240,35.114646,-106.30596,6862.176
2021-11-01T19:50:58,170.9,240,35.114646,-106.30596,6862.176
2023-03-24T20:30:22,155.77,240,35.114646,-106.30596,6862.176
2024-03-12T17:09:17,151.2,240,35.114646,-106.30596,6862.176
2025-03-10T15:29:07,148.91,240,35.114646,-106.30596,6862.176
2020-11-12T00:00:00,321.4,392,35.113436,-106.336346,6812.35
2020-08-01T00:00:00,321,392,35.113436,-106.336346,6812.35
2020-04-30T00:00:00,317.6,392,35.113436,-106.336346,6812.35
2019-11-02T00:00:00,318.5,392,35.113436,-106.336346,6812.35
2019-07-31T00:00:00,318.2,392,35.113436,-106.336346,6812.35
2019-04-26T00:00:00,317.4,392,35.113436,-106.336346,6812.35
2019-01-12T00:00:00,315.8,392,35.113436,-106.336346,6812.35
2018-09-29T00:00:00,317.8,392,35.113436,-106.336346,6812.35
2018-04-07T00:00:00,316.4,392,35.113436,-106.336346,6812.35
2017-10-09T00:00:00,315.2,392,35.113436,-106.336346,6812.35
2017-06-22T00:00:00,317.3,392,35.113436,-106.336346,6812.35
2017-01-27T00:00:00,315.1,392,35.113436,-106.336346,6812.35
2016-06-14T00:00:00,313.6,392,35.113436,-106.336346,6812.35
2016-03-10T00:00:00,312,392,35.113436,-106.336346,6812.35
2015-12-08T00:00:00,313.9,392,35.113436,-106.336346,6812.35
2015-09-08T00:00:00,314.4,392,35.113436,-106.336346,6812.35
2015-06-09T00:00:00,313.4,392,35.113436,-106.336346,6812.35
2015-03-09T00:00:00,314.4,392,35.113436,-106.336346,6812.35
2014-12-08T00:00:00,315.9,392,35.113436,-106.336346,6812.35
2014-06-10T00:00:00,315.6,392,35.113436,-106.336346,6812.35
2014-03-11T00:00:00,314.6,392,35.113436,-106.336346,6812.35
2013-12-11T00:00:00,314.9,392,35.113436,-106.336346,6812.35
2013-09-03T00:00:00,316,392,35.113436,-106.336346,6812.35
2013-06-17T00:00:00,315.4,392,35.113436,-106.336346,6812.35
2013-03-14T00:00:00,314,392,35.113436,-106.336346,6812.35
2021-03-20T19:55:35,320.3,392,35.113436,-106.336346,6812.35
2021-11-01T22:28:13,321.3,392,35.113436,-106.336346,6812.35
2023-03-24T17:03:13,324.07,392,35.113436,-106.336346,6812.35
2024-03-12T19:33:15,317,392,35.113436,-106.336346,6812.35
2024-04-09T18:14:56,316.43,392,35.113436,-106.336346,6812.35
2024-05-08T17:17:00,317.25,392,35.113436,-106.336346,6812.35
2024-06-12T21:01:37,316.56,392,35.113436,-106.336346,6812.35
2024-07-24T20:11:09,321.87,392,35.113436,-106.336346,6812.35
2024-08-14T15:55:30,317.61,392,35.113436,-106.336346,6812.35
2024-09-11T17:56:31,318.44,392,35.113436,-106.336346,6812.35
2024-10-09T17:21:20,323.35,392,35.113436,-106.336346,6812.35
2024-11-13T21:32:25,321.43,392,35.113436,-106.336346,6812.35
2024-12-13T19:45:34,318.91,392,35.113436,-106.336346,6812.35
2025-01-15T18:31:44,321.99,392,35.113436,-106.336346,6812.35
2025-02-05T18:33:58,318.44,392,35.113436,-106.336346,6812.35
2025-03-05T21:27:06,316.97,392,35.113436,-106.336346,6812.35
2025-04-08T22:13:09,319.83,392,35.113436,-106.336346,6812.35
2025-05-06T19:10:16,324.97,392,35.113436,-106.336346,6812.35
2025-06-12T19:46:00,319.36,392,35.113436,-106.336346,6812.35
2025-07-15T16:24:37,321.57,392,35.113436,-106.336346,6812.35
2025-08-06T19:10:02,321.35,392,35.113436,-106.336346,6812.35
2025-09-12T14:41:42,320.03,392,35.113436,-106.336346,6812.35
2020-11-07T00:00:00,115.3,245,35.147246,-106.286927,6837.441
2020-07-31T00:00:00,115.2,245,35.147246,-106.286927,6837.441
2020-04-28T00:00:00,115.2,245,35.147246,-106.286927,6837.441
2019-11-02T00:00:00,115.2,245,35.147246,-106.286927,6837.441
2019-07-24T00:00:00,115.2,245,35.147246,-106.286927,6837.441
2019-04-24T00:00:00,115.7,245,35.147246,-106.286927,6837.441
2019-01-10T00:00:00,115.2,245,35.147246,-106.286927,6837.441
2018-09-23T00:00:00,115.3,245,35.147246,-106.286927,6837.441
2018-04-07T00:00:00,115,245,35.147246,-106.286927,6837.441
2017-10-09T00:00:00,114.98,245,35.147246,-106.286927,6837.441
2017-06-29T00:00:00,114.66,245,35.147246,-106.286927,6837.441
2017-01-25T00:00:00,114.94,245,35.147246,-106.286927,6837.441
2016-06-07T00:00:00,114.81,245,35.147246,-106.286927,6837.441
2016-03-09T00:00:00,114.75,245,35.147246,-106.286927,6837.441
2015-12-02T00:00:00,114.65,245,35.147246,-106.286927,6837.441
2015-09-02T00:00:00,114.61,245,35.147246,-106.286927,6837.441
2015-06-03T00:00:00,114.88,245,35.147246,-106.286927,6837.441
2015-03-11T00:00:00,114.92,245,35.147246,-106.286927,6837.441
2014-12-03T00:00:00,115.13,245,35.147246,-106.286927,6837.441
2014-09-06T00:00:00,115.15,245,35.147246,-106.286927,6837.441
2014-03-04T00:00:00,114.73,245,35.147246,-106.286927,6837.441
2013-12-04T00:00:00,114.82,245,35.147246,-106.286927,6837.441
2013-09-11T00:00:00,115.5,245,35.147246,-106.286927,6837.441
2013-06-13T00:00:00,115.42,245,35.147246,-106.286927,6837.441
2013-03-19T00:00:00,114.95,245,35.147246,-106.286927,6837.441
2021-03-13T17:31:45,114.7,245,35.147246,-106.286927,6837.441
2021-10-30T17:05:35,115.5,245,35.147246,-106.286927,6837.441
2023-08-08T17:26:00,115.09,245,35.147246,-106.286927,6837.441
2024-03-18T17:45:38,113.92,245,35.147246,-106.286927,6837.441
2025-03-17T17:18:06,113.84,245,35.147246,-106.286927,6837.441
2020-11-03T00:00:00,338.5,485,35.151758,-106.347886,6973.198
2020-07-25T00:00:00,337.3,485,35.151758,-106.347886,6973.198
2020-04-25T00:00:00,333.4,485,35.151758,-106.347886,6973.198
2019-10-28T00:00:00,344.5,485,35.151758,-106.347886,6973.198
2019-07-22T00:00:00,332.9,485,35.151758,-106.347886,6973.198
2019-04-22T00:00:00,333.2,485,35.151758,-106.347886,6973.198
2018-12-20T00:00:00,332.4,485,35.151758,-106.347886,6973.198
2018-09-19T00:00:00,333.6,485,35.151758,-106.347886,6973.198
2018-04-04T00:00:00,330.8,485,35.151758,-106.347886,6973.198
2017-10-04T00:00:00,330.4,485,35.151758,-106.347886,6973.198
2017-06-14T00:00:00,334.2,485,35.151758,-106.347886,6973.198
2017-01-27T00:00:00,328.7,485,35.151758,-106.347886,6973.198
2016-06-01T00:00:00,327.4,485,35.151758,-106.347886,6973.198
2016-03-07T00:00:00,327.4,485,35.151758,-106.347886,6973.198
2015-12-22T00:00:00,327.4,485,35.151758,-106.347886,6973.198
2015-08-31T00:00:00,327.2,485,35.151758,-106.347886,6973.198
2015-06-01T00:00:00,328.7,485,35.151758,-106.347886,6973.198
2015-03-02T00:00:00,330.4,485,35.151758,-106.347886,6973.198
2014-12-01T00:00:00,324.9,485,35.151758,-106.347886,6973.198
2014-06-02T00:00:00,325.2,485,35.151758,-106.347886,6973.198
2014-03-03T00:00:00,324.8,485,35.151758,-106.347886,6973.198
2013-12-02T00:00:00,325.6,485,35.151758,-106.347886,6973.198
2013-09-09T00:00:00,325.4,485,35.151758,-106.347886,6973.198
2013-06-10T00:00:00,324.7,485,35.151758,-106.347886,6973.198
2021-03-07T21:46:07,337.4,485,35.151758,-106.347886,6973.198
2021-10-23T18:07:08,337.8,485,35.151758,-106.347886,6973.198
2023-03-28T18:39:41,348.14,485,35.151758,-106.347886,6973.198
2024-03-04T17:13:51,344.6,485,35.151758,-106.347886,6973.198
2025-03-04T16:41:32,339.51,485,35.151758,-106.347886,6973.198
2020-11-07T00:00:00,97.95,240,35.115748,-106.305948,6850.781
2020-08-01T00:00:00,96.1,240,35.115748,-106.305948,6850.781
2020-04-30T00:00:00,99.5,240,35.115748,-106.305948,6850.781
2019-11-02T00:00:00,104.5,240,35.115748,-106.305948,6850.781
2019-07-24T00:00:00,73.7,240,35.115748,-106.305948,6850.781
2019-04-24T00:00:00,85.3,240,35.115748,-106.305948,6850.781
2019-01-12T00:00:00,93.3,240,35.115748,-106.305948,6850.781
2018-09-23T00:00:00,96.8,240,35.115748,-106.305948,6850.781
2018-04-07T00:00:00,94.25,240,35.115748,-106.305948,6850.781
2017-10-09T00:00:00,95.05,240,35.115748,-106.305948,6850.781
2017-06-27T00:00:00,97.09,240,35.115748,-106.305948,6850.781
2017-01-30T00:00:00,97.41,240,35.115748,-106.305948,6850.781
2016-06-14T00:00:00,97.38,240,35.115748,-106.305948,6850.781
2016-03-10T00:00:00,93.37,240,35.115748,-106.305948,6850.781
2015-12-08T00:00:00,91.91,240,35.115748,-106.305948,6850.781
2015-09-08T00:00:00,92.15,240,35.115748,-106.305948,6850.781
2015-06-09T00:00:00,102.77,240,35.115748,-106.305948,6850.781
2015-03-09T00:00:00,106.08,240,35.115748,-106.305948,6850.781
2014-12-08T00:00:00,115.66,240,35.115748,-106.305948,6850.781
2014-09-08T00:00:00,126.12,240,35.115748,-106.305948,6850.781
2014-06-10T00:00:00,134.36,240,35.115748,-106.305948,6850.781
2014-03-11T00:00:00,126.78,240,35.115748,-106.305948,6850.781
2013-12-11T00:00:00,127.3,240,35.115748,-106.305948,6850.781
2013-09-03T00:00:00,144.12,240,35.115748,-106.305948,6850.781
2013-06-17T00:00:00,166.92,240,35.115748,-106.305948,6850.781
2021-03-20T22:02:41,104.4,240,35.115748,-106.305948,6850.781
2021-11-01T19:37:04,95.2,240,35.115748,-106.305948,6850.781
2023-08-08T20:27:05,93.1,240,35.115748,-106.305948,6850.781
2024-03-12T17:34:15,95.86,240,35.115748,-106.305948,6850.781
2020-11-07T00:00:00,275.9,460,35.12949,-106.304402,6875.759
2020-08-01T00:00:00,274.4,460,35.12949,-106.304402,6875.759
2020-04-30T00:00:00,269.6,460,35.12949,-106.304402,6875.759
2019-11-02T00:00:00,269.9,460,35.12949,-106.304402,6875.759
2019-07-24T00:00:00,265.1,460,35.12949,-106.304402,6875.759
2019-04-24T00:00:00,265.5,460,35.12949,-106.304402,6875.759
2019-01-12T00:00:00,274,460,35.12949,-106.304402,6875.759
2018-09-23T00:00:00,275.9,460,35.12949,-106.304402,6875.759
2018-04-07T00:00:00,270.8,460,35.12949,-106.304402,6875.759
2017-10-09T00:00:00,266.71,460,35.12949,-106.304402,6875.759
2017-06-27T00:00:00,270.57,460,35.12949,-106.304402,6875.759
2017-01-30T00:00:00,269.4,460,35.12949,-106.304402,6875.759
2016-06-14T00:00:00,266.5,460,35.12949,-106.304402,6875.759
2016-03-10T00:00:00,260.3,460,35.12949,-106.304402,6875.759
2015-12-08T00:00:00,262,460,35.12949,-106.304402,6875.759
2015-09-08T00:00:00,259,460,35.12949,-106.304402,6875.759
2015-06-09T00:00:00,259.5,460,35.12949,-106.304402,6875.759
2014-12-08T00:00:00,265.2,460,35.12949,-106.304402,6875.759
2014-09-08T00:00:00,273.3,460,35.12949,-106.304402,6875.759
2014-06-10T00:00:00,272.8,460,35.12949,-106.304402,6875.759
2013-12-11T00:00:00,270.5,460,35.12949,-106.304402,6875.759
2013-09-03T00:00:00,286.4,460,35.12949,-106.304402,6875.759
2013-06-17T00:00:00,284,460,35.12949,-106.304402,6875.759
2021-03-20T22:36:47,281.1,460,35.12949,-106.304402,6875.759
2021-11-01T18:32:07,281.6,460,35.12949,-106.304402,6875.759
2023-08-08T19:58:52,267.44,460,35.12949,-106.304402,6875.759
2024-03-12T21:28:28,271.79,460,35.12949,-106.304402,6875.759
2025-03-10T19:09:43,268.93,460,35.12949,-106.304402,6875.759
2020-11-12T00:00:00,99.7,160,35.103306,-106.355899,6558.479
2020-08-01T00:00:00,98.7,160,35.103306,-106.355899,6558.479
2020-04-30T00:00:00,96.9,160,35.103306,-106.355899,6558.479
2019-11-02T00:00:00,95.8,160,35.103306,-106.355899,6558.479
2019-07-31T00:00:00,94.8,160,35.103306,-106.355899,6558.479
2019-04-26T00:00:00,94.1,160,35.103306,-106.355899,6558.479
2019-01-12T00:00:00,94.05,160,35.103306,-106.355899,6558.479
2018-09-05T00:00:00,93.3,160,35.103306,-106.355899,6558.479
2018-04-09T00:00:00,91.5,160,35.103306,-106.355899,6558.479
2017-10-13T00:00:00,92.05,160,35.103306,-106.355899,6558.479
2017-06-22T00:00:00,91.69,160,35.103306,-106.355899,6558.479
2017-01-27T00:00:00,91.1,160,35.103306,-106.355899,6558.479
2016-06-14T00:00:00,90.6,160,35.103306,-106.355899,6558.479
2016-03-10T00:00:00,90.46,160,35.103306,-106.355899,6558.479
2015-12-08T00:00:00,89.92,160,35.103306,-106.355899,6558.479
2015-09-08T00:00:00,90.21,160,35.103306,-106.355899,6558.479
2015-06-09T00:00:00,89.81,160,35.103306,-106.355899,6558.479
2015-03-09T00:00:00,89.56,160,35.103306,-106.355899,6558.479
2014-12-08T00:00:00,89.41,160,35.103306,-106.355899,6558.479
2014-09-08T00:00:00,89.29,160,35.103306,-106.355899,6558.479
2014-06-10T00:00:00,88.3,160,35.103306,-106.355899,6558.479
2014-03-11T00:00:00,88.02,160,35.103306,-106.355899,6558.479
2013-12-27T00:00:00,87.69,160,35.103306,-106.355899,6558.479
2013-09-03T00:00:00,87.54,160,35.103306,-106.355899,6558.479
2013-06-17T00:00:00,86.61,160,35.103306,-106.355899,6558.479
2021-03-20T19:11:51,99.7,160,35.103306,-106.355899,6558.479
2021-11-10T23:19:27,101,160,35.103306,-106.355899,6558.479
2023-03-23T22:08:39,102.8,160,35.103306,-106.355899,6558.479
2024-03-05T18:37:02,102.54,160,35.103306,-106.355899,6558.479
2025-03-05T20:19:38,104.07,160,35.103306,-106.355899,6558.479
2020-11-03T00:00:00,256.7,245,35.136449,-106.335825,6959.096
2020-07-25T00:00:00,255.7,245,35.136449,-106.335825,6959.096
2020-04-25T00:00:00,254.1,245,35.136449,-106.335825,6959.096
2019-10-28T00:00:00,253.6,245,35.136449,-106.335825,6959.096
2019-07-22T00:00:00,252.5,245,35.136449,-106.335825,6959.096
2019-04-22T00:00:00,251.9,245,35.136449,-106.335825,6959.096
2018-12-20T00:00:00,251.1,245,35.136449,-106.335825,6959.096
2018-09-19T00:00:00,251.3,245,35.136449,-106.335825,6959.096
2018-04-04T00:00:00,250.1,245,35.136449,-106.335825,6959.096
2017-10-04T00:00:00,248.69,245,35.136449,-106.335825,6959.096
2017-06-14T00:00:00,248.1,245,35.136449,-106.335825,6959.096
2017-01-27T00:00:00,248.5,245,35.136449,-106.335825,6959.096
2016-06-01T00:00:00,241.47,245,35.136449,-106.335825,6959.096
2016-03-07T00:00:00,240.45,245,35.136449,-106.335825,6959.096
2015-11-30T00:00:00,240.27,245,35.136449,-106.335825,6959.096
2015-08-31T00:00:00,240.29,245,35.136449,-106.335825,6959.096
2015-06-01T00:00:00,239.41,245,35.136449,-106.335825,6959.096
2015-03-02T00:00:00,239.82,245,35.136449,-106.335825,6959.096
2014-12-01T00:00:00,238.87,245,35.136449,-106.335825,6959.096
2014-09-02T00:00:00,238.79,245,35.136449,-106.335825,6959.096
2014-06-02T00:00:00,238.12,245,35.136449,-106.335825,6959.096
2014-03-03T00:00:00,238.33,245,35.136449,-106.335825,6959.096
2013-12-02T00:00:00,237.2,245,35.136449,-106.335825,6959.096
2013-09-09T00:00:00,239.7,245,35.136449,-106.335825,6959.096
2021-03-07T22:40:56,256.7,245,35.136449,-106.335825,6959.096
2021-10-23T19:19:01,258.9,245,35.136449,-106.335825,6959.096
2023-03-27T19:52:06,265.57,245,35.136449,-106.335825,6959.096
2024-03-01T18:32:26,261.24,245,35.136449,-106.335825,6959.096
2025-03-03T18:33:28,263.02,245,35.136449,-106.335825,6959.096
2020-11-03T00:00:00,206.7,425,35.134622,-106.340179,6908.833
2020-07-25T00:00:00,206,425,35.134622,-106.340179,6908.833
2020-04-25T00:00:00,208.6,425,35.134622,-106.340179,6908.833
2019-10-28T00:00:00,207.7,425,35.134622,-106.340179,6908.833
2019-07-22T00:00:00,202.95,425,35.134622,-106.340179,6908.833
2019-04-22T00:00:00,206.2,425,35.134622,-106.340179,6908.833
2018-12-20T00:00:00,201.2,425,35.134622,-106.340179,6908.833
2018-09-19T00:00:00,201.4,425,35.134622,-106.340179,6908.833
2018-04-04T00:00:00,202.8,425,35.134622,-106.340179,6908.833
2017-10-04T00:00:00,199.78,425,35.134622,-106.340179,6908.833
2017-06-14T00:00:00,202.2,425,35.134622,-106.340179,6908.833
2017-01-27T00:00:00,198.28,425,35.134622,-106.340179,6908.833
2016-06-01T00:00:00,192.76,425,35.134622,-106.340179,6908.833
2016-03-07T00:00:00,191.69,425,35.134622,-106.340179,6908.833
2015-11-30T00:00:00,191.52,425,35.134622,-106.340179,6908.833
2015-08-31T00:00:00,191.17,425,35.134622,-106.340179,6908.833
2015-06-01T00:00:00,190.77,425,35.134622,-106.340179,6908.833
2015-03-02T00:00:00,190.26,425,35.134622,-106.340179,6908.833
2014-12-01T00:00:00,190.17,425,35.134622,-106.340179,6908.833
2014-09-02T00:00:00,189.95,425,35.134622,-106.340179,6908.833
2014-06-02T00:00:00,189.18,425,35.134622,-106.340179,6908.833
2014-03-03T00:00:00,188.38,425,35.134622,-106.340179,6908.833
2013-12-02T00:00:00,188.43,425,35.134622,-106.340179,6908.833
2013-09-09T00:00:00,191.4,425,35.134622,-106.340179,6908.833
2021-03-07T23:13:14,206.7,425,35.134622,-106.340179,6908.833
2021-10-23T19:58:53,209.8,425,35.134622,-106.340179,6908.833
2023-08-04T15:17:48,216.59,425,35.134622,-106.340179,6908.833
2023-12-12T19:23:15,214.7,425,35.134622,-106.340179,6908.833
2024-01-16T22:00:19,217.1,425,35.134622,-106.340179,6908.833
2024-02-06T22:48:11,214.14,425,35.134622,-106.340179,6908.833
2024-04-09T16:59:45,216.42,425,35.134622,-106.340179,6908.833
2024-05-16T16:25:57,214.5,425,35.134622,-106.340179,6908.833
2024-07-30T16:33:21,212.92,425,35.134622,-106.340179,6908.833
2024-08-13T18:21:51,211.91,425,35.134622,-106.340179,6908.833
2024-09-10T18:38:53,212.98,425,35.134622,-106.340179,6908.833
2024-10-08T20:19:13,213.21,425,35.134622,-106.340179,6908.833
2024-11-12T22:12:04,214.93,425,35.134622,-106.340179,6908.833
2024-12-12T17:18:08,213.02,425,35.134622,-106.340179,6908.833
2025-01-14T18:19:49,213.15,425,35.134622,-106.340179,6908.833
2025-02-04T21:53:40,213,425,35.134622,-106.340179,6908.833
2025-03-03T17:18:00,215.47,425,35.134622,-106.340179,6908.833
2025-04-08T16:06:10,213.69,425,35.134622,-106.340179,6908.833
2025-05-07T15:07:28,213.5,425,35.134622,-106.340179,6908.833
2025-06-10T17:58:00,215.89,425,35.134622,-106.340179,6908.833
2025-08-05T18:45:29,214.39,425,35.134622,-106.340179,6908.833
2025-09-11T18:05:00,214.58,425,35.134622,-106.340179,6908.833
2020-11-12T00:00:00,175.2,216,35.111586,-106.340714,6669.654
2020-08-01T00:00:00,174.7,216,35.111586,-106.340714,6669.654
2020-04-30T00:00:00,173.7,216,35.111586,-106.340714,6669.654
2019-11-02T00:00:00,176.4,216,35.111586,-106.340714,6669.654
2019-07-31T00:00:00,173.9,216,35.111586,-106.340714,6669.654
2019-04-26T00:00:00,173.8,216,35.111586,-106.340714,6669.654
2019-01-12T00:00:00,173.3,216,35.111586,-106.340714,6669.654
2018-09-29T00:00:00,174.4,216,35.111586,-106.340714,6669.654
2018-04-07T00:00:00,171.9,216,35.111586,-106.340714,6669.654
2017-10-09T00:00:00,170.48,216,35.111586,-106.340714,6669.654
2017-06-22T00:00:00,170.68,216,35.111586,-106.340714,6669.654
2017-01-27T00:00:00,171.4,216,35.111586,-106.340714,6669.654
2016-06-14T00:00:00,170.59,216,35.111586,-106.340714,6669.654
2016-03-10T00:00:00,169.69,216,35.111586,-106.340714,6669.654
2015-12-08T00:00:00,170.85,216,35.111586,-106.340714,6669.654
2015-09-08T00:00:00,171.05,216,35.111586,-106.340714,6669.654
2015-06-09T00:00:00,170.81,216,35.111586,-106.340714,6669.654
2015-03-09T00:00:00,173.27,216,35.111586,-106.340714,6669.654
2014-12-08T00:00:00,172.75,216,35.111586,-106.340714,6669.654
2014-09-08T00:00:00,173.06,216,35.111586,-106.340714,6669.654
2014-06-10T00:00:00,172.79,216,35.111586,-106.340714,6669.654
2014-03-11T00:00:00,171.38,216,35.111586,-106.340714,6669.654
2013-12-27T00:00:00,171.5,216,35.111586,-106.340714,6669.654
2013-09-03T00:00:00,174.08,216,35.111586,-106.340714,6669.654
2021-03-20T19:31:48,175.5,216,35.111586,-106.340714,6669.654
2021-11-01T22:07:45,176.8,216,35.111586,-106.340714,6669.654
2023-03-24T15:03:42,175.5,216,35.111586,-106.340714,6669.654
2024-04-12T23:28:05,174.69,216,35.111586,-106.340714,6669.654
2025-03-10T15:43:58,176.89,216,35.111586,-106.340714,6669.654
2020-11-07T00:00:00,208.5,343,35.14805,-106.303518,6706.269
2020-07-31T00:00:00,207.95,343,35.14805,-106.303518,6706.269
2020-04-28T00:00:00,207.7,343,35.14805,-106.303518,6706.269
2019-07-24T00:00:00,208.8,343,35.14805,-106.303518,6706.269
2019-04-24T00:00:00,209.7,343,35.14805,-106.303518,6706.269
2019-01-10T00:00:00,211.7,343,35.14805,-106.303518,6706.269
2018-09-23T00:00:00,210.2,343,35.14805,-106.303518,6706.269
2018-04-06T00:00:00,214.85,343,35.14805,-106.303518,6706.269
2017-10-09T00:00:00,209.65,343,35.14805,-106.303518,6706.269
2017-06-21T00:00:00,209.08,343,35.14805,-106.303518,6706.269
2017-01-25T00:00:00,208.65,343,35.14805,-106.303518,6706.269
2016-06-07T00:00:00,205.49,343,35.14805,-106.303518,6706.269
2016-03-09T00:00:00,203.85,343,35.14805,-106.303518,6706.269
2015-12-22T00:00:00,201.25,343,35.14805,-106.303518,6706.269
2015-09-02T00:00:00,189.92,343,35.14805,-106.303518,6706.269
2015-06-03T00:00:00,211.57,343,35.14805,-106.303518,6706.269
2015-03-11T00:00:00,211.75,343,35.14805,-106.303518,6706.269
2014-12-03T00:00:00,212.28,343,35.14805,-106.303518,6706.269
2014-09-06T00:00:00,211.6,343,35.14805,-106.303518,6706.269
2014-06-03T00:00:00,210.42,343,35.14805,-106.303518,6706.269
2014-03-04T00:00:00,197.31,343,35.14805,-106.303518,6706.269
2013-06-13T00:00:00,208.5,343,35.14805,-106.303518,6706.269
2012-12-11T00:00:00,203.65,343,35.14805,-106.303518,6706.269
2012-09-12T00:00:00,197.25,343,35.14805,-106.303518,6706.269
2012-06-12T00:00:00,183.85,343,35.14805,-106.303518,6706.269
2012-03-07T00:00:00,182.25,343,35.14805,-106.303518,6706.269
2011-05-26T00:00:00,183.65,343,35.14805,-106.303518,6706.269
2010-08-10T00:00:00,186.27,343,35.14805,-106.303518,6706.269
2010-05-21T00:00:00,186.9,343,35.14805,-106.303518,6706.269
2021-03-13T18:00:41,208.1,343,35.14805,-106.303518,6706.269
2023-03-29T21:48:15,220.15,343,35.14805,-106.303518,6706.269
2024-03-18T15:00:31,204.95,343,35.14805,-106.303518,6706.269
2025-03-20T16:12:54,206.8,343,35.14805,-106.303518,6706.269
2020-11-03T00:00:00,218.1,245,35.135823,-106.338077,6920.579
2020-07-25T00:00:00,220.2,245,35.135823,-106.338077,6920.579
2020-04-25T00:00:00,215.9,245,35.135823,-106.338077,6920.579
2019-10-28T00:00:00,215.1,245,35.135823,-106.338077,6920.579
2019-07-22T00:00:00,214.5,245,35.135823,-106.338077,6920.579
2019-04-22T00:00:00,213.6,245,35.135823,-106.338077,6920.579
2018-12-20T00:00:00,213.3,245,35.135823,-106.338077,6920.579
2018-09-19T00:00:00,213.1,245,35.135823,-106.338077,6920.579
2018-04-04T00:00:00,211.7,245,35.135823,-106.338077,6920.579
2017-10-04T00:00:00,210.4,245,35.135823,-106.338077,6920.579
2017-06-14T00:00:00,209.59,245,35.135823,-106.338077,6920.579
2017-01-27T00:00:00,208.8,245,35.135823,-106.338077,6920.579
2016-06-01T00:00:00,203.35,245,35.135823,-106.338077,6920.579
2016-03-07T00:00:00,203.93,245,35.135823,-106.338077,6920.579
2015-11-30T00:00:00,202.13,245,35.135823,-106.338077,6920.579
2015-08-31T00:00:00,201.82,245,35.135823,-106.338077,6920.579
2015-06-01T00:00:00,202.16,245,35.135823,-106.338077,6920.579
2015-03-02T00:00:00,201.69,245,35.135823,-106.338077,6920.579
2014-12-01T00:00:00,200.85,245,35.135823,-106.338077,6920.579
2014-09-02T00:00:00,201.39,245,35.135823,-106.338077,6920.579
2014-06-02T00:00:00,199.68,245,35.135823,-106.338077,6920.579
2014-03-03T00:00:00,198.97,245,35.135823,-106.338077,6920.579
2013-12-02T00:00:00,199.1,245,35.135823,-106.338077,6920.579
2021-10-23T19:29:19,220.4,245,35.135823,-106.338077,6920.579
2023-03-27T19:21:35,214.5,245,35.135823,-106.338077,6920.579
2024-03-01T19:52:33,222.71,245,35.135823,-106.338077,6920.579
2025-03-03T17:01:42,224.64,245,35.135823,-106.338077,6920.579
2020-11-12T00:00:00,358.9,385,35.131388,-106.328991,6853.778
2020-08-01T00:00:00,369.8,385,35.131388,-106.328991,6853.778
2020-04-30T00:00:00,370,385,35.131388,-106.328991,6853.778
2019-11-02T00:00:00,363,385,35.131388,-106.328991,6853.778
2019-07-31T00:00:00,366.8,385,35.131388,-106.328991,6853.778
2019-04-26T00:00:00,362,385,35.131388,-106.328991,6853.778
2019-01-12T00:00:00,360.3,385,35.131388,-106.328991,6853.778
2018-09-29T00:00:00,361.5,385,35.131388,-106.328991,6853.778
2018-04-07T00:00:00,363,385,35.131388,-106.328991,6853.778
2017-10-09T00:00:00,356.8,385,35.131388,-106.328991,6853.778
2017-06-22T00:00:00,368.6,385,35.131388,-106.328991,6853.778
2017-01-27T00:00:00,366.8,385,35.131388,-106.328991,6853.778
2016-06-14T00:00:00,361.9,385,35.131388,-106.328991,6853.778
2016-03-10T00:00:00,356.6,385,35.131388,-106.328991,6853.778
2015-12-08T00:00:00,358.2,385,35.131388,-106.328991,6853.778
2015-09-08T00:00:00,365,385,35.131388,-106.328991,6853.778
2015-06-09T00:00:00,365.7,385,35.131388,-106.328991,6853.778
2015-03-09T00:00:00,363.4,385,35.131388,-106.328991,6853.778
2014-12-08T00:00:00,364.5,385,35.131388,-106.328991,6853.778
2014-09-08T00:00:00,361.2,385,35.131388,-106.328991,6853.778
2014-06-10T00:00:00,361.4,385,35.131388,-106.328991,6853.778
2014-03-11T00:00:00,360.4,385,35.131388,-106.328991,6853.778
2013-12-27T00:00:00,363.2,385,35.131388,-106.328991,6853.778
2021-03-20T20:31:11,365.9,385,35.131388,-106.328991,6853.778
2021-11-01T23:16:12,363.6,385,35.131388,-106.328991,6853.778
2023-03-24T18:57:55,372.46,385,35.131388,-106.328991,6853.778
2024-04-12T22:55:33,368.03,385,35.131388,-106.328991,6853.778
2025-03-10T18:06:39,361.61,385,35.131388,-106.328991,6853.778
2020-11-12T00:00:00,308.6,400,35.127765,-106.322788,6821.144
2020-08-01T00:00:00,307.8,400,35.127765,-106.322788,6821.144
2020-04-30T00:00:00,305,400,35.127765,-106.322788,6821.144
2019-11-02T00:00:00,305,400,35.127765,-106.322788,6821.144
2019-07-31T00:00:00,305.7,400,35.127765,-106.322788,6821.144
2019-04-26T00:00:00,303.6,400,35.127765,-106.322788,6821.144
2019-01-12T00:00:00,302.4,400,35.127765,-106.322788,6821.144
2018-09-29T00:00:00,301.1,400,35.127765,-106.322788,6821.144
2018-04-07T00:00:00,303.4,400,35.127765,-106.322788,6821.144
2017-10-09T00:00:00,302.2,400,35.127765,-106.322788,6821.144
2017-06-22T00:00:00,305.5,400,35.127765,-106.322788,6821.144
2016-06-14T00:00:00,299.6,400,35.127765,-106.322788,6821.144
2016-03-10T00:00:00,299.4,400,35.127765,-106.322788,6821.144
2015-12-08T00:00:00,298.8,400,35.127765,-106.322788,6821.144
2015-09-08T00:00:00,300.4,400,35.127765,-106.322788,6821.144
2015-06-09T00:00:00,299.4,400,35.127765,-106.322788,6821.144
2015-03-09T00:00:00,299.6,400,35.127765,-106.322788,6821.144
2014-12-08T00:00:00,300.4,400,35.127765,-106.322788,6821.144
2014-09-08T00:00:00,309.8,400,35.127765,-106.322788,6821.144
2014-06-10T00:00:00,299.4,400,35.127765,-106.322788,6821.144
2014-03-11T00:00:00,299,400,35.127765,-106.322788,6821.144
2013-12-27T00:00:00,300.51,400,35.127765,-106.322788,6821.144
2021-03-20T20:37:42,307.6,400,35.127765,-106.322788,6821.144
2021-11-01T23:31:12,306.5,400,35.127765,-106.322788,6821.144
2023-03-24T18:45:40,311.66,400,35.127765,-106.322788,6821.144
2024-03-12T20:35:30,304.86,400,35.127765,-106.322788,6821.144
2025-03-10T17:20:49,309.23,400,35.127765,-106.322788,6821.144
2020-11-12T00:00:00,102.4,130,35.103009,-106.352831,6562.724
2020-08-01T00:00:00,101,130,35.103009,-106.352831,6562.724
2020-04-30T00:00:00,102.3,130,35.103009,-106.352831,6562.724
2019-11-02T00:00:00,103.1,130,35.103009,-106.352831,6562.724
2019-07-31T00:00:00,106,130,35.103009,-106.352831,6562.724
2019-04-26T00:00:00,101.05,130,35.103009,-106.352831,6562.724
2019-01-12T00:00:00,101.95,130,35.103009,-106.352831,6562.724
2018-09-29T00:00:00,102.5,130,35.103009,-106.352831,6562.724
2018-04-07T00:00:00,99.1,130,35.103009,-106.352831,6562.724
2017-10-13T00:00:00,98.32,130,35.103009,-106.352831,6562.724
2017-06-22T00:00:00,98.75,130,35.103009,-106.352831,6562.724
2017-01-27T00:00:00,102.9,130,35.103009,-106.352831,6562.724
2016-06-14T00:00:00,99.42,130,35.103009,-106.352831,6562.724
2016-03-10T00:00:00,97.44,130,35.103009,-106.352831,6562.724
2015-12-08T00:00:00,98.41,130,35.103009,-106.352831,6562.724
2015-09-08T00:00:00,97.13,130,35.103009,-106.352831,6562.724
2015-06-09T00:00:00,97.12,130,35.103009,-106.352831,6562.724
2015-03-09T00:00:00,100,130,35.103009,-106.352831,6562.724
2014-12-08T00:00:00,100.03,130,35.103009,-106.352831,6562.724
2014-06-10T00:00:00,100.58,130,35.103009,-106.352831,6562.724
2014-03-11T00:00:00,99.52,130,35.103009,-106.352831,6562.724
2013-12-27T00:00:00,100.19,130,35.103009,-106.352831,6562.724
2021-03-20T19:19:58,102.1,130,35.103009,-106.352831,6562.724
2021-11-10T23:26:06,103.3,130,35.103009,-106.352831,6562.724
2023-03-23T22:16:02,100.35,130,35.103009,-106.352831,6562.724
2024-03-05T19:04:07,99.8,130,35.103009,-106.352831,6562.724
2025-03-05T20:44:45,101.19,130,35.103009,-106.352831,6562.724
2020-11-07T00:00:00,272.9,300,35.144467,-106.291638,6777.277
2020-07-31T00:00:00,274.1,300,35.144467,-106.291638,6777.277
2020-04-28T00:00:00,272.8,300,35.144467,-106.291638,6777.277
2019-11-02T00:00:00,272.4,300,35.144467,-106.291638,6777.277
2019-07-24T00:00:00,272.8,300,35.144467,-106.291638,6777.277
2019-04-24T00:00:00,273.2,300,35.144467,-106.291638,6777.277
2019-01-10T00:00:00,271.3,300,35.144467,-106.291638,6777.277
2018-09-23T00:00:00,272.9,300,35.144467,-106.291638,6777.277
2018-04-07T00:00:00,273.2,300,35.144467,-106.291638,6777.277
2017-10-09T00:00:00,273.1,300,35.144467,-106.291638,6777.277
2017-06-21T00:00:00,274.8,300,35.144467,-106.291638,6777.277
2017-01-25T00:00:00,272.6,300,35.144467,-106.291638,6777.277
2016-06-07T00:00:00,272.5,300,35.144467,-106.291638,6777.277
2016-03-09T00:00:00,272.7,300,35.144467,-106.291638,6777.277
2015-12-02T00:00:00,272.7,300,35.144467,-106.291638,6777.277
2015-09-02T00:00:00,272.4,300,35.144467,-106.291638,6777.277
2015-06-03T00:00:00,272.5,300,35.144467,-106.291638,6777.277
2015-03-11T00:00:00,272.8,300,35.144467,-106.291638,6777.277
2014-12-03T00:00:00,272.4,300,35.144467,-106.291638,6777.277
2014-09-06T00:00:00,272.4,300,35.144467,-106.291638,6777.277
2014-06-03T00:00:00,272.5,300,35.144467,-106.291638,6777.277
2014-03-04T00:00:00,272.81,300,35.144467,-106.291638,6777.277
2021-03-13T17:45:49,273.1,300,35.144467,-106.291638,6777.277
2021-10-30T17:22:07,273.1,300,35.144467,-106.291638,6777.277
2023-03-29T19:50:23,276.61,300,35.144467,-106.291638,6777.277
2024-01-17T20:33:45,272.7,300,35.144467,-106.291638,6777.277
2024-02-08T16:04:34,272.31,300,35.144467,-106.291638,6777.277
2024-03-22T19:54:01,273.49,300,35.144467,-106.291638,6777.277
2024-04-09T20:48:42,272.92,300,35.144467,-106.291638,6777.277
2024-05-08T17:10:00,272.96,300,35.144467,-106.291638,6777.277
2024-06-12T19:42:41,271.89,300,35.144467,-106.291638,6777.277
2024-07-25T20:18:54,272.77,300,35.144467,-106.291638,6777.277
2024-08-14T20:35:16,272.91,300,35.144467,-106.291638,6777.277
2024-09-11T15:18:01,272.63,300,35.144467,-106.291638,6777.277
2024-11-13T20:28:58,272.85,300,35.144467,-106.291638,6777.277
2024-12-13T22:17:10,272.64,300,35.144467,-106.291638,6777.277
2025-01-14T22:15:00,272.86,300,35.144467,-106.291638,6777.277
2025-02-04T16:35:12,272.95,300,35.144467,-106.291638,6777.277
2024-10-18T16:14:00,272.57,300,35.144467,-106.291638,6777.277
2023-12-13T17:15:00,272.9,300,35.144467,-106.291638,6777.277
2025-03-17T21:16:08,273.49,300,35.144467,-106.291638,6777.277
2025-05-06T17:13:18,273.09,300,35.144467,-106.291638,6777.277
2025-06-11T19:16:41,273.09,300,35.144467,-106.291638,6777.277
2025-07-14T17:00:00,272.87,300,35.144467,-106.291638,6777.277
2025-08-06T18:07:37,272.73,300,35.144467,-106.291638,6777.277
2025-09-08T19:09:56,272.66,300,35.144467,-106.291638,6777.277
2020-11-07T00:00:00,238.5,605,35.116342,-106.308719,6890.607
2020-08-01T00:00:00,237.6,605,35.116342,-106.308719,6890.607
2020-04-30T00:00:00,229.05,605,35.116342,-106.308719,6890.607
2019-11-02T00:00:00,232.5,605,35.116342,-106.308719,6890.607
2019-07-24T00:00:00,230,605,35.116342,-106.308719,6890.607
2019-04-24T00:00:00,227.8,605,35.116342,-106.308719,6890.607
2019-04-24T00:00:00,227.8,605,35.116342,-106.308719,6890.607
2019-01-12T00:00:00,232.2,605,35.116342,-106.308719,6890.607
2018-09-23T00:00:00,239.3,605,35.116342,-106.308719,6890.607
2018-04-07T00:00:00,230.8,605,35.116342,-106.308719,6890.607
2017-10-09T00:00:00,229.38,605,35.116342,-106.308719,6890.607
2017-06-27T00:00:00,230.55,605,35.116342,-106.308719,6890.607
2017-01-30T00:00:00,232,605,35.116342,-106.308719,6890.607
2016-06-14T00:00:00,227.2,605,35.116342,-106.308719,6890.607
2016-03-10T00:00:00,224.6,605,35.116342,-106.308719,6890.607
2015-12-08T00:00:00,225.8,605,35.116342,-106.308719,6890.607
2015-09-08T00:00:00,224.3,605,35.116342,-106.308719,6890.607
2015-06-09T00:00:00,222.6,605,35.116342,-106.308719,6890.607
2015-03-09T00:00:00,224.2,605,35.116342,-106.308719,6890.607
2014-12-08T00:00:00,231.88,605,35.116342,-106.308719,6890.607
2021-03-20T21:52:50,241.9,605,35.116342,-106.308719,6890.607
2021-11-01T19:26:29,255.2,605,35.116342,-106.308719,6890.607
2023-03-24T20:20:30,237.79,605,35.116342,-106.308719,6890.607
2023-12-13T17:09:16,272.9,605,35.116342,-106.308719,6890.607
2024-03-12T17:54:29,230.44,605,35.116342,-106.308719,6890.607
2024-10-09T16:29:50,272.57,605,35.116342,-106.308719,6890.607
2025-03-10T16:52:16,227.13,605,35.116342,-106.308719,6890.607
2025-04-08T21:18:54,272.96,605,35.116342,-106.308719,6890.607
2020-11-07T00:00:00,104.4,260,35.151487,-106.30782,6695.93
2020-07-31T00:00:00,99.8,260,35.151487,-106.30782,6695.93
2020-04-28T00:00:00,91.1,260,35.151487,-106.30782,6695.93
2019-11-02T00:00:00,86.4,260,35.151487,-106.30782,6695.93
2019-07-24T00:00:00,81.05,260,35.151487,-106.30782,6695.93
2019-04-24T00:00:00,76.5,260,35.151487,-106.30782,6695.93
2019-01-10T00:00:00,74.6,260,35.151487,-106.30782,6695.93
2018-09-23T00:00:00,69.1,260,35.151487,-106.30782,6695.93
2018-04-06T00:00:00,72.2,260,35.151487,-106.30782,6695.93
2017-10-09T00:00:00,60.4,260,35.151487,-106.30782,6695.93
2017-06-20T00:00:00,81.22,260,35.151487,-106.30782,6695.93
2016-06-07T00:00:00,86.28,260,35.151487,-106.30782,6695.93
2021-03-13T18:48:34,109.95,260,35.151487,-106.30782,6695.93
2021-10-30T18:15:55,116.1,260,35.151487,-106.30782,6695.93
2023-03-30T15:34:53,90.07,260,35.151487,-106.30782,6695.93
2025-03-13T20:10:52,133.84,260,35.151487,-106.30782,6695.93
2020-11-07T00:00:00,72,160,35.11594,-106.307476,6845.058
2020-08-01T00:00:00,66.9,160,35.11594,-106.307476,6845.058
2020-04-30T00:00:00,64.7,160,35.11594,-106.307476,6845.058
2019-11-02T00:00:00,62.2,160,35.11594,-106.307476,6845.058
2019-07-24T00:00:00,57.95,160,35.11594,-106.307476,6845.058
2019-04-24T00:00:00,61.5,160,35.11594,-106.307476,6845.058
2019-01-12T00:00:00,67.9,160,35.11594,-106.307476,6845.058
2018-09-23T00:00:00,68.6,160,35.11594,-106.307476,6845.058
2018-04-07T00:00:00,65.5,160,35.11594,-106.307476,6845.058
2017-10-09T00:00:00,64.09,160,35.11594,-106.307476,6845.058
2017-06-27T00:00:00,66.07,160,35.11594,-106.307476,6845.058
2017-01-30T00:00:00,65.37,160,35.11594,-106.307476,6845.058
2016-06-14T00:00:00,62.52,160,35.11594,-106.307476,6845.058
2016-03-10T00:00:00,61.66,160,35.11594,-106.307476,6845.058
2016-03-10T00:00:00,61.66,160,35.11594,-106.307476,6845.058
2015-12-08T00:00:00,63.88,160,35.11594,-106.307476,6845.058
2015-09-08T00:00:00,57.68,160,35.11594,-106.307476,6845.058
2015-06-09T00:00:00,59.43,160,35.11594,-106.307476,6845.058
2015-03-09T00:00:00,59.88,160,35.11594,-106.307476,6845.058
2021-03-20T21:59:05,68.7,160,35.11594,-106.307476,6845.058
2021-11-01T19:31:48,65,160,35.11594,-106.307476,6845.058
2024-03-12T17:31:51,73.3,160,35.11594,-106.307476,6845.058
2025-03-10T17:19:10,67.7,160,35.11594,-106.307476,6845.058
2020-07-24T00:00:00,278.4,0,35.110667,-106.368483,6779.049
2019-04-18T00:00:00,265.7,0,35.110667,-106.368483,6779.049
2018-09-29T00:00:00,274.8,0,35.110667,-106.368483,6779.049
2017-01-23T00:00:00,274.7,0,35.110667,-106.368483,6779.049
2016-06-01T00:00:00,267.6,0,35.110667,-106.368483,6779.049
2015-11-30T00:00:00,285.6,0,35.110667,-106.368483,6779.049
2015-08-31T00:00:00,278.5,0,35.110667,-106.368483,6779.049
2015-06-01T00:00:00,269.09,0,35.110667,-106.368483,6779.049
2021-03-08T00:26:48,277.1,0,35.110667,-106.368483,6779.049
2023-03-23T19:03:56,272.55,0,35.110667,-106.368483,6779.049
2024-03-05T16:48:34,262.3,0,35.110667,-106.368483,6779.049
2025-03-05T17:17:11,268.9,0,35.110667,-106.368483,6779.049
2020-11-01T00:00:00,21.3,0,35.109868,-106.373182,6606.127
2019-10-27T00:00:00,21.6,0,35.109868,-106.373182,6606.127
2019-07-21T00:00:00,21.28,0,35.109868,-106.373182,6606.127
2019-04-18T00:00:00,19.79,0,35.109868,-106.373182,6606.127
2018-12-18T00:00:00,20.5,0,35.109868,-106.373182,6606.127
2018-09-12T00:00:00,21.68,0,35.109868,-106.373182,6606.127
2018-04-03T00:00:00,20.7,0,35.109868,-106.373182,6606.127
2017-10-02T00:00:00,19.53,0,35.109868,-106.373182,6606.127
2017-06-13T00:00:00,20.95,0,35.109868,-106.373182,6606.127
2017-01-19T00:00:00,20.17,0,35.109868,-106.373182,6606.127
2016-03-07T00:00:00,19.48,0,35.109868,-106.373182,6606.127
2015-06-01T00:00:00,19.21,0,35.109868,-106.373182,6606.127
2021-10-20T17:25:13,22.02,0,35.109868,-106.373182,6606.127
2023-03-23T19:30:13,16.26,0,35.109868,-106.373182,6606.127
2024-03-19T19:28:47,19.98,0,35.109868,-106.373182,6606.127
2025-03-05T23:32:51,20.39,0,35.109868,-106.373182,6606.127
2020-11-07T00:00:00,294.7,340,35.1514874527,-106.333423122,6788.784
2020-07-31T00:00:00,280.3,340,35.1514874527,-106.333423122,6788.784
2020-04-28T00:00:00,270.6,340,35.1514874527,-106.333423122,6788.784
2019-10-30T00:00:00,275.04,340,35.1514874527,-106.333423122,6788.784
2019-07-24T00:00:00,267.3,340,35.1514874527,-106.333423122,6788.784
2019-04-23T00:00:00,264.7,340,35.1514874527,-106.333423122,6788.784
2019-01-10T00:00:00,263.8,340,35.1514874527,-106.333423122,6788.784
2018-09-21T00:00:00,260,340,35.1514874527,-106.333423122,6788.784
2018-04-06T00:00:00,257.4,340,35.1514874527,-106.333423122,6788.784
2017-10-07T00:00:00,256.9,340,35.1514874527,-106.333423122,6788.784
2017-06-20T00:00:00,256.01,340,35.1514874527,-106.333423122,6788.784
2017-02-03T00:00:00,274.61,340,35.1514874527,-106.333423122,6788.784
2016-06-07T00:00:00,256.5,340,35.1514874527,-106.333423122,6788.784
2021-03-11T21:50:08,293,340,35.1514874527,-106.333423122,6788.784
2021-10-27T20:44:34,297,340,35.1514874527,-106.333423122,6788.784
2023-03-31T16:35:51,291.55,340,35.1514874527,-106.333423122,6788.784
2023-12-13T15:42:57,297.17,340,35.1514874527,-106.333423122,6788.784
2024-01-17T18:03:23,296.5,340,35.1514874527,-106.333423122,6788.784
2024-02-07T21:44:17,294,340,35.1514874527,-106.333423122,6788.784
2024-04-10T21:18:25,293.16,340,35.1514874527,-106.333423122,6788.784
2024-05-08T16:45:00,293.05,340,35.1514874527,-106.333423122,6788.784
2024-06-12T15:01:46,287.55,340,35.1514874527,-106.333423122,6788.784
2024-08-14T17:53:43,297.09,340,35.1514874527,-106.333423122,6788.784
2024-09-11T14:38:53,298.85,340,35.1514874527,-106.333423122,6788.784
2024-10-08T21:28:46,299.51,340,35.1514874527,-106.333423122,6788.784
2024-11-13T18:31:06,299.89,340,35.1514874527,-106.333423122,6788.784
2024-12-12T20:54:21,298.36,340,35.1514874527,-106.333423122,6788.784
2025-01-14T21:41:06,297.94,340,35.1514874527,-106.333423122,6788.784
2025-02-04T18:17:41,297.66,340,35.1514874527,-106.333423122,6788.784
2025-03-19T21:24:36,296.09,340,35.1514874527,-106.333423122,6788.784
2025-04-08T19:13:58,291.64,340,35.1514874527,-106.333423122,6788.784
2025-05-07T17:52:32,289.26,340,35.1514874527,-106.333423122,6788.784
2025-06-11T18:12:06,288.12,340,35.1514874527,-106.333423122,6788.784
2025-07-14T18:48:32,287.6,340,35.1514874527,-106.333423122,6788.784
2025-08-05T21:10:44,287.26,340,35.1514874527,-106.333423122,6788.784
2025-09-08T20:45:52,286.57,340,35.1514874527,-106.333423122,6788.784
2020-11-07T00:00:00,372.1,385,35.1200506699,-106.320193212,6906.991
2020-08-01T00:00:00,371.4,385,35.1200506699,-106.320193212,6906.991
2020-04-30T00:00:00,367.2,385,35.1200506699,-106.320193212,6906.991
2019-11-02T00:00:00,366.6,385,35.1200506699,-106.320193212,6906.991
2019-07-24T00:00:00,367,385,35.1200506699,-106.320193212,6906.991
2019-04-24T00:00:00,366.6,385,35.1200506699,-106.320193212,6906.991
2019-01-12T00:00:00,362.6,385,35.1200506699,-106.320193212,6906.991
2018-09-23T00:00:00,367.5,385,35.1200506699,-106.320193212,6906.991
2018-04-07T00:00:00,365.7,385,35.1200506699,-106.320193212,6906.991
2017-10-09T00:00:00,364.5,385,35.1200506699,-106.320193212,6906.991
2017-06-27T00:00:00,366.1,385,35.1200506699,-106.320193212,6906.991
2017-01-30T00:00:00,363.4,385,35.1200506699,-106.320193212,6906.991
2016-06-14T00:00:00,360.2,385,35.1200506699,-106.320193212,6906.991
2021-03-20T22:22:26,374,385,35.1200506699,-106.320193212,6906.991
2021-11-01T19:14:56,372.2,385,35.1200506699,-106.320193212,6906.991
2023-03-24T19:25:02,379.56,385,35.1200506699,-106.320193212,6906.991
2024-03-12T21:44:07,376.4,385,35.1200506699,-106.320193212,6906.991
2025-03-10T19:57:39,375.66,385,35.1200506699,-106.320193212,6906.991
2020-11-12T00:00:00,179.1,500,35.1135221511,-106.360831074,6686.433
2020-08-01T00:00:00,180.1,500,35.1135221511,-106.360831074,6686.433
2020-04-30T00:00:00,181.8,500,35.1135221511,-106.360831074,6686.433
2019-11-02T00:00:00,185.6,500,35.1135221511,-106.360831074,6686.433
2019-07-31T00:00:00,185,500,35.1135221511,-106.360831074,6686.433
2019-04-26T00:00:00,188.7,500,35.1135221511,-106.360831074,6686.433
2019-01-12T00:00:00,190.48,500,35.1135221511,-106.360831074,6686.433
2018-09-29T00:00:00,185.4,500,35.1135221511,-106.360831074,6686.433
2018-04-09T00:00:00,184.5,500,35.1135221511,-106.360831074,6686.433
2017-10-13T00:00:00,178.8,500,35.1135221511,-106.360831074,6686.433
2017-06-22T00:00:00,180.69,500,35.1135221511,-106.360831074,6686.433
2017-01-27T00:00:00,173.62,500,35.1135221511,-106.360831074,6686.433
2016-06-14T00:00:00,171.2,500,35.1135221511,-106.360831074,6686.433
2021-03-20T18:35:18,176.8,500,35.1135221511,-106.360831074,6686.433
2021-11-10T23:03:21,174.7,500,35.1135221511,-106.360831074,6686.433
2023-03-23T21:42:08,171.1,500,35.1135221511,-106.360831074,6686.433
2024-03-05T18:22:41,167.17,500,35.1135221511,-106.360831074,6686.433
2020-11-07T00:00:00,94.05,160,35.1443417,-106.2870694,6792.298
2020-07-31T00:00:00,94.2,160,35.1443417,-106.2870694,6792.298
2020-04-28T00:00:00,93.4,160,35.1443417,-106.2870694,6792.298
2019-11-02T00:00:00,93.58,160,35.1443417,-106.2870694,6792.298
2019-07-24T00:00:00,93.7,160,35.1443417,-106.2870694,6792.298
2019-04-24T00:00:00,93.69,160,35.1443417,-106.2870694,6792.298
2019-01-10T00:00:00,94.51,160,35.1443417,-106.2870694,6792.298
2018-09-23T00:00:00,95.18,160,35.1443417,-106.2870694,6792.298
2018-04-07T00:00:00,92.6,160,35.1443417,-106.2870694,6792.298
2017-10-09T00:00:00,91.78,160,35.1443417,-106.2870694,6792.298
2017-06-21T00:00:00,89.71,160,35.1443417,-106.2870694,6792.298
2017-02-03T00:00:00,90.3,160,35.1443417,-106.2870694,6792.298
2021-03-13T17:10:25,93.95,160,35.1443417,-106.2870694,6792.298
2021-10-30T16:37:58,97.2,160,35.1443417,-106.2870694,6792.298
2023-03-29T19:15:20,93.12,160,35.1443417,-106.2870694,6792.298
2023-11-09T22:52:17,89.29,160,35.1443417,-106.2870694,6792.298
2024-03-18T17:17:34,84.97,160,35.1443417,-106.2870694,6792.298
2025-03-17T16:59:14,90.96,160,35.1443417,-106.2870694,6792.298
2020-11-12T00:00:00,91.3,305,35.1162528,-106.3418,6654.696
2020-08-01T00:00:00,97.9,305,35.1162528,-106.3418,6654.696
2020-04-30T00:00:00,94.3,305,35.1162528,-106.3418,6654.696
2019-11-02T00:00:00,93.5,305,35.1162528,-106.3418,6654.696
2019-07-31T00:00:00,90.1,305,35.1162528,-106.3418,6654.696
2019-04-26T00:00:00,97.6,305,35.1162528,-106.3418,6654.696
2019-01-12T00:00:00,87.2,305,35.1162528,-106.3418,6654.696
2018-09-29T00:00:00,87.6,305,35.1162528,-106.3418,6654.696
2018-04-07T00:00:00,84.4,305,35.1162528,-106.3418,6654.696
2017-10-09T00:00:00,83.6,305,35.1162528,-106.3418,6654.696
2017-06-22T00:00:00,96.29,305,35.1162528,-106.3418,6654.696
2017-02-03T00:00:00,89.64,305,35.1162528,-106.3418,6654.696
2021-03-20T19:47:11,93.95,305,35.1162528,-106.3418,6654.696
2021-11-01T22:21:26,96.9,305,35.1162528,-106.3418,6654.696
2023-03-24T16:51:10,94.12,305,35.1162528,-106.3418,6654.696
2023-11-08T18:33:27,90.8,305,35.1162528,-106.3418,6654.696
2024-01-11T21:16:02,89.06,305,35.1162528,-106.3418,6654.696
2024-02-08T17:27:06,89.28,305,35.1162528,-106.3418,6654.696
2024-03-12T22:49:20,89.36,305,35.1162528,-106.3418,6654.696
2024-03-22T17:31:18,89.36,305,35.1162528,-106.3418,6654.696
2024-04-09T18:30:11,88.71,305,35.1162528,-106.3418,6654.696
2024-05-08T17:14:00,88.97,305,35.1162528,-106.3418,6654.696
2024-06-12T21:47:12,89.45,305,35.1162528,-106.3418,6654.696
2024-07-25T19:15:55,89.29,305,35.1162528,-106.3418,6654.696
2024-08-14T16:13:06,90.4,305,35.1162528,-106.3418,6654.696
2024-09-11T18:20:13,91.27,305,35.1162528,-106.3418,6654.696
2024-10-09T17:38:29,89,305,35.1162528,-106.3418,6654.696
2024-11-13T21:50:00,87.66,305,35.1162528,-106.3418,6654.696
2024-12-13T20:05:23,87.68,305,35.1162528,-106.3418,6654.696
2025-01-15T18:43:26,87.63,305,35.1162528,-106.3418,6654.696
2025-03-05T21:48:21,89.24,305,35.1162528,-106.3418,6654.696
2025-04-08T22:30:44,87.47,305,35.1162528,-106.3418,6654.696
2025-06-12T19:47:00,88.9,305,35.1162528,-106.3418,6654.696
2025-07-15T16:25:00,89.87,305,35.1162528,-106.3418,6654.696
2025-08-06T19:25:11,91.28,305,35.1162528,-106.3418,6654.696
2025-09-09T20:22:21,87.31,305,35.1162528,-106.3418,6654.696
2020-11-07T00:00:00,241.1,342,35.1299861,-106.3062361,6864.598
2020-08-01T00:00:00,231.9,342,35.1299861,-106.3062361,6864.598
2020-04-30T00:00:00,235.6,342,35.1299861,-106.3062361,6864.598
2019-11-02T00:00:00,262,342,35.1299861,-106.3062361,6864.598
2019-07-24T00:00:00,254.2,342,35.1299861,-106.3062361,6864.598
2019-04-24T00:00:00,257.2,342,35.1299861,-106.3062361,6864.598
2019-01-12T00:00:00,277,342,35.1299861,-106.3062361,6864.598
2018-09-23T00:00:00,268.1,342,35.1299861,-106.3062361,6864.598
2018-04-07T00:00:00,261.7,342,35.1299861,-106.3062361,6864.598
2017-10-13T00:00:00,258.4,342,35.1299861,-106.3062361,6864.598
2021-03-20T22:48:49,252.9,342,35.1299861,-106.3062361,6864.598
2021-11-01T18:45:47,215.2,342,35.1299861,-106.3062361,6864.598
2024-03-12T18:21:44,209.6,342,35.1299861,-106.3062361,6864.598
2025-03-10T21:17:52,202.86,342,35.1299861,-106.3062361,6864.598
2020-11-12T00:00:00,374.8,400,35.1144667,-106.334375,6849.583
2020-08-01T00:00:00,374.1,400,35.1144667,-106.334375,6849.583
2020-04-30T00:00:00,370,400,35.1144667,-106.334375,6849.583
2019-11-02T00:00:00,373.8,400,35.1144667,-106.334375,6849.583
2019-07-31T00:00:00,370.2,400,35.1144667,-106.334375,6849.583
2019-04-26T00:00:00,370.4,400,35.1144667,-106.334375,6849.583
2019-01-12T00:00:00,370.6,400,35.1144667,-106.334375,6849.583
2018-09-29T00:00:00,370.6,400,35.1144667,-106.334375,6849.583
2018-04-07T00:00:00,369.4,400,35.1144667,-106.334375,6849.583
2017-10-09T00:00:00,367.8,400,35.1144667,-106.334375,6849.583
2017-06-22T00:00:00,344.3,400,35.1144667,-106.334375,6849.583
2021-03-20T20:01:57,373.4,400,35.1144667,-106.334375,6849.583
2021-11-01T22:35:01,374.3,400,35.1144667,-106.334375,6849.583
2023-03-24T17:30:34,376.6,400,35.1144667,-106.334375,6849.583
2024-03-13T21:12:27,372.2,400,35.1144667,-106.334375,6849.583
2025-03-10T16:13:27,372.03,400,35.1144667,-106.334375,6849.583
2020-10-31T00:00:00,78,140,35.0910361,-106.3788,6456.813
2020-07-24T00:00:00,64.4,140,35.0910361,-106.3788,6456.813
2020-04-24T00:00:00,59.05,140,35.0910361,-106.3788,6456.813
2019-10-27T00:00:00,68,140,35.0910361,-106.3788,6456.813
2019-07-21T00:00:00,66.05,140,35.0910361,-106.3788,6456.813
2019-04-18T00:00:00,60.05,140,35.0910361,-106.3788,6456.813
2018-12-17T00:00:00,65.3,140,35.0910361,-106.3788,6456.813
2018-09-12T00:00:00,70.62,140,35.0910361,-106.3788,6456.813
2018-04-03T00:00:00,58.5,140,35.0910361,-106.3788,6456.813
2017-10-02T00:00:00,57.71,140,35.0910361,-106.3788,6456.813
2017-06-14T00:00:00,56.09,140,35.0910361,-106.3788,6456.813
2021-03-06T21:52:08,72.2,140,35.0910361,-106.3788,6456.813
2021-10-20T14:44:17,69.8,140,35.0910361,-106.3788,6456.813
2023-03-21T19:22:56,55.34,140,35.0910361,-106.3788,6456.813
2024-04-29T18:59:07,55.72,140,35.0910361,-106.3788,6456.813
2024-08-13T16:13:47,56.35,140,35.0910361,-106.3788,6456.813
2024-09-10T17:05:31,56.93,140,35.0910361,-106.3788,6456.813
2024-09-10T19:11:00,56.93,140,35.0910361,-106.3788,6456.813
2024-10-08T19:12:32,57.62,140,35.0910361,-106.3788,6456.813
2024-11-12T18:47:10,58.29,140,35.0910361,-106.3788,6456.813
2024-12-11T20:03:00,59.96,140,35.0910361,-106.3788,6456.813
2025-01-14T16:06:21,60.69,140,35.0910361,-106.3788,6456.813
2025-02-04T16:49:00,63.2,140,35.0910361,-106.3788,6456.813
2025-02-17T21:05:56,63.71,140,35.0910361,-106.3788,6456.813
2025-05-06T20:44:30,65.87,140,35.0910361,-106.3788,6456.813
2025-06-11T15:36:48,67.12,140,35.0910361,-106.3788,6456.813
2025-06-10T14:30:00,67.81,140,35.0910361,-106.3788,6456.813
2025-07-11T16:00:00,64.02,140,35.0910361,-106.3788,6456.813
2025-09-12T19:26:37,75.07,140,35.0910361,-106.3788,6456.813
2020-11-07T00:00:00,247.4,228,35.1396361,-106.3043472,6794.482
2020-07-31T00:00:00,245.8,228,35.1396361,-106.3043472,6794.482
2020-04-28T00:00:00,244.8,228,35.1396361,-106.3043472,6794.482
2019-11-02T00:00:00,243.7,228,35.1396361,-106.3043472,6794.482
2019-07-24T00:00:00,242.2,228,35.1396361,-106.3043472,6794.482
2019-04-24T00:00:00,241.95,228,35.1396361,-106.3043472,6794.482
2019-01-10T00:00:00,240.95,228,35.1396361,-106.3043472,6794.482
2018-09-23T00:00:00,238.6,228,35.1396361,-106.3043472,6794.482
2018-04-06T00:00:00,234.4,228,35.1396361,-106.3043472,6794.482
2017-10-09T00:00:00,233,228,35.1396361,-106.3043472,6794.482
2017-06-21T00:00:00,231,228,35.1396361,-106.3043472,6794.482
2021-03-13T15:48:48,249.3,228,35.1396361,-106.3043472,6794.482
2021-10-30T15:01:43,252.5,228,35.1396361,-106.3043472,6794.482
2023-03-29T21:29:54,263.66,228,35.1396361,-106.3043472,6794.482
2024-03-15T14:51:18,261.79,228,35.1396361,-106.3043472,6794.482
2025-03-17T20:08:00,261.62,228,35.1396361,-106.3043472,6794.482
2020-11-12T00:00:00,256.2,300,35.1228278,-106.3290556,6767.363
2020-08-01T00:00:00,256.5,300,35.1228278,-106.3290556,6767.363
2020-04-30T00:00:00,253.6,300,35.1228278,-106.3290556,6767.363
2019-11-02T00:00:00,255.9,300,35.1228278,-106.3290556,6767.363
2019-07-31T00:00:00,255.4,300,35.1228278,-106.3290556,6767.363
2019-04-26T00:00:00,257.4,300,35.1228278,-106.3290556,6767.363
2019-01-12T00:00:00,264.2,300,35.1228278,-106.3290556,6767.363
2018-09-29T00:00:00,258.6,300,35.1228278,-106.3290556,6767.363
2018-04-07T00:00:00,272,300,35.1228278,-106.3290556,6767.363
2017-10-09T00:00:00,259.8,300,35.1228278,-106.3290556,6767.363
2017-06-27T00:00:00,260,300,35.1228278,-106.3290556,6767.363
2021-03-20T20:26:00,254,300,35.1228278,-106.3290556,6767.363
2021-11-01T23:07:54,255.8,300,35.1228278,-106.3290556,6767.363
2023-03-24T18:23:52,258.74,300,35.1228278,-106.3290556,6767.363
2024-03-13T20:20:31,255.23,300,35.1228278,-106.3290556,6767.363
2025-03-10T16:56:06,256.27,300,35.1228278,-106.3290556,6767.363
2020-11-12T00:00:00,76.2,240,35.1046972,-106.3688778,6559.891
2020-08-01T00:00:00,74.7,240,35.1046972,-106.3688778,6559.891
2020-04-30T00:00:00,73.7,240,35.1046972,-106.3688778,6559.891
2019-11-02T00:00:00,81.1,240,35.1046972,-106.3688778,6559.891
2019-07-31T00:00:00,77.2,240,35.1046972,-106.3688778,6559.891
2019-04-26T00:00:00,76.2,240,35.1046972,-106.3688778,6559.891
2019-01-12T00:00:00,77.1,240,35.1046972,-106.3688778,6559.891
2018-09-05T00:00:00,78.6,240,35.1046972,-106.3688778,6559.891
2018-04-09T00:00:00,73.6,240,35.1046972,-106.3688778,6559.891
2017-10-13T00:00:00,77.5,240,35.1046972,-106.3688778,6559.891
2017-06-22T00:00:00,73.19,240,35.1046972,-106.3688778,6559.891
2021-03-20T18:22:43,73.8,240,35.1046972,-106.3688778,6559.891
2021-11-10T22:53:33,78.5,240,35.1046972,-106.3688778,6559.891
2024-03-05T18:02:20,65.68,240,35.1046972,-106.3688778,6559.891
2020-11-03T00:00:00,177.1,320,35.1530806,-106.3565278,6927.883
2020-07-26T00:00:00,173.8,320,35.1530806,-106.3565278,6927.883
2020-04-26T00:00:00,168.8,320,35.1530806,-106.3565278,6927.883
2019-10-29T00:00:00,170.2,320,35.1530806,-106.3565278,6927.883
2019-07-23T00:00:00,165.6,320,35.1530806,-106.3565278,6927.883
2019-04-22T00:00:00,167.1,320,35.1530806,-106.3565278,6927.883
2018-12-20T00:00:00,172.5,320,35.1530806,-106.3565278,6927.883
2018-09-19T00:00:00,176.6,320,35.1530806,-106.3565278,6927.883
2018-04-04T00:00:00,174.4,320,35.1530806,-106.3565278,6927.883
2017-10-04T00:00:00,163.13,320,35.1530806,-106.3565278,6927.883
2017-06-29T00:00:00,171.28,320,35.1530806,-106.3565278,6927.883
2021-03-09T16:17:25,181.1,320,35.1530806,-106.3565278,6927.883
2021-10-27T14:40:08,186.9,320,35.1530806,-106.3565278,6927.883
2023-03-28T18:17:22,178.41,320,35.1530806,-106.3565278,6927.883
2024-03-04T21:03:29,177.78,320,35.1530806,-106.3565278,6927.883
2025-03-04T17:30:53,179.55,320,35.1530806,-106.3565278,6927.883
2020-11-07T00:00:00,294.6,427,35.1489722,-106.3170778,6876.223
2020-07-31T00:00:00,294.1,427,35.1489722,-106.3170778,6876.223
2020-04-28T00:00:00,292,427,35.1489722,-106.3170778,6876.223
2019-11-02T00:00:00,290.6,427,35.1489722,-106.3170778,6876.223
2019-07-24T00:00:00,291,427,35.1489722,-106.3170778,6876.223
2019-04-24T00:00:00,290.6,427,35.1489722,-106.3170778,6876.223
2019-01-10T00:00:00,289.2,427,35.1489722,-106.3170778,6876.223
2018-09-29T00:00:00,289.8,427,35.1489722,-106.3170778,6876.223
2021-03-13T15:24:41,293.6,427,35.1489722,-106.3170778,6876.223
2021-10-30T14:41:14,294.4,427,35.1489722,-106.3170778,6876.223
2023-03-30T15:45:51,299.98,427,35.1489722,-106.3170778,6876.223
2024-03-13T14:38:45,296.4,427,35.1489722,-106.3170778,6876.223
2020-11-12T00:00:00,247.4,330,35.12487,-106.332594,6735794
2020-04-30T00:00:00,233.2,330,35.12487,-106.332594,6735794
2019-11-02T00:00:00,198.8,330,35.12487,-106.332594,6735794
2019-07-31T00:00:00,176.2,330,35.12487,-106.332594,6735794
2021-03-20T20:20:58,256.1,330,35.12487,-106.332594,6735794
2021-11-01T23:04:33,226,330,35.12487,-106.332594,6735794
2023-03-24T18:07:52,255.45,330,35.12487,-106.332594,6735794
2024-03-13T17:29:03,188.6,330,35.12487,-106.332594,6735794
2024-03-18T16:48:06,83,0,35.141558,-106.290867,6793.239
2024-08-14T17:14:50,255.98,283,35.141475,-106.323559,6887.716
2024-09-11T17:30:30,250.33,283,35.141475,-106.323559,6887.716
2024-10-09T17:02:31,250.7,283,35.141475,-106.323559,6887.716
2024-11-13T20:59:10,250.56,283,35.141475,-106.323559,6887.716
2024-07-19T15:20:00,248.58,283,35.141475,-106.323559,6887.716
2024-12-13T20:25:00,250.15,283,35.141475,-106.323559,6887.716
2025-01-15T17:47:52,249.96,283,35.141475,-106.323559,6887.716
2025-02-05T17:58:55,249.6,283,35.141475,-106.323559,6887.716
2025-03-20T20:55:37,249.3,283,35.141475,-106.323559,6887.716
2025-04-08T22:01:54,249.44,283,35.141475,-106.323559,6887.716
2025-05-08T20:16:47,249.63,283,35.141475,-106.323559,6887.716
2025-06-12T16:08:42,249.96,283,35.141475,-106.323559,6887.716
2025-07-15T16:59:22,249.94,283,35.141475,-106.323559,6887.716
2025-08-11T16:35:03,251.15,283,35.141475,-106.323559,6887.716
2025-09-15T18:31:30,250.96,283,35.141475,-106.323559,6887.716
2024-11-12T16:40:00,194.68,300,35.133819,-106.340522,6883.966
2025-03-04T15:29:06,187.36,300,35.133819,-106.340522,6883.966
2025-03-27T20:30:00,96.46,NaN,35.165965,-106.335555,6749.478
2025-02-24T23:01:00,96.75,NaN,35.165965,-106.335555,6749.478
2025-05-02T15:00:00,104.21,125,35.128343,-106.341939,6806.298
2025-06-09T16:15:00,107.6,125,35.128343,-106.341939,6806.298
2025-07-18T15:50:00,101.11,125,35.128343,-106.341939,6806.298
2025-08-05T18:05:00,104.89,125,35.128343,-106.341939,6806.298
2025-09-15T19:50:00,107.49,125,35.128343,-106.341939,6806.298
2020-11-03T00:00:00,251.1,300,35.150252,-106.362798,6987.906
2020-07-26T00:00:00,248,300,35.150252,-106.362798,6987.906
2020-04-26T00:00:00,240.3,300,35.150252,-106.362798,6987.906
2019-10-29T00:00:00,237.2,300,35.150252,-106.362798,6987.906
2019-07-23T00:00:00,243,300,35.150252,-106.362798,6987.906
2019-04-22T00:00:00,241.1,300,35.150252,-106.362798,6987.906
2018-12-18T00:00:00,243.5,300,35.150252,-106.362798,6987.906
2018-09-12T00:00:00,244.2,300,35.150252,-106.362798,6987.906
2017-06-15T00:00:00,236,300,35.150252,-106.362798,6987.906
2016-03-08T00:00:00,229.77,300,35.150252,-106.362798,6987.906
2015-06-02T00:00:00,228.1,300,35.150252,-106.362798,6987.906
2015-03-03T00:00:00,230.6,300,35.150252,-106.362798,6987.906
2014-09-02T00:00:00,231.4,300,35.150252,-106.362798,6987.906
2014-03-03T00:00:00,228.6,300,35.150252,-106.362798,6987.906
2013-12-03T00:00:00,229,300,35.150252,-106.362798,6987.906
2013-06-11T00:00:00,226.6,300,35.150252,-106.362798,6987.906
2013-03-11T00:00:00,223.6,300,35.150252,-106.362798,6987.906
2012-12-10T00:00:00,222.8,300,35.150252,-106.362798,6987.906
2012-09-11T00:00:00,221.8,300,35.150252,-106.362798,6987.906
2012-06-12T00:00:00,216.2,300,35.150252,-106.362798,6987.906
2012-03-12T00:00:00,214.4,300,35.150252,-106.362798,6987.906
2011-12-06T00:00:00,214.2,300,35.150252,-106.362798,6987.906
2011-05-27T00:00:00,207.6,300,35.150252,-106.362798,6987.906
2010-07-15T00:00:00,198.76,300,35.150252,-106.362798,6987.906
2021-03-09T15:54:51,254.4,300,35.150252,-106.362798,6987.906
2021-10-23T20:57:17,261,300,35.150252,-106.362798,6987.906
2023-08-04T16:45:00,260.5,402,35.150252,-106.362798,6987.906
2025-03-28T16:54:00,225.8,402,35.150252,-106.362798,6987.906
2024-03-16T17:21:00,231.7,402,35.150252,-106.362798,6987.906
2020-10-31T00:00:00,31.58,100,35.096094,-106.382342,6559.529
2020-07-24T00:00:00,31.92,100,35.096094,-106.382342,6559.529
2020-04-24T00:00:00,24.79,100,35.096094,-106.382342,6559.529
2019-10-31T00:00:00,31.58,100,35.096094,-106.382342,6559.529
2019-08-01T00:00:00,30.5,100,35.096094,-106.382342,6559.529
2018-12-17T00:00:00,30.91,100,35.096094,-106.382342,6559.529
2018-09-05T00:00:00,35.45,100,35.096094,-106.382342,6559.529
2018-04-03T00:00:00,29.25,100,35.096094,-106.382342,6559.529
2017-10-02T00:00:00,27.67,100,35.096094,-106.382342,6559.529
2017-06-13T00:00:00,23.86,100,35.096094,-106.382342,6559.529
2017-01-19T00:00:00,23.11,100,35.096094,-106.382342,6559.529
2016-06-01T00:00:00,24.26,100,35.096094,-106.382342,6559.529
2016-03-08T00:00:00,22.91,100,35.096094,-106.382342,6559.529
2015-12-22T00:00:00,22.91,100,35.096094,-106.382342,6559.529
2015-08-31T00:00:00,22.97,100,35.096094,-106.382342,6559.529
2015-06-02T00:00:00,20.22,100,35.096094,-106.382342,6559.529
2015-03-02T00:00:00,21.58,100,35.096094,-106.382342,6559.529
2014-12-02T00:00:00,23.31,100,35.096094,-106.382342,6559.529
2014-09-02T00:00:00,20.52,100,35.096094,-106.382342,6559.529
2014-06-02T00:00:00,21.19,100,35.096094,-106.382342,6559.529
2014-03-03T00:00:00,20.43,100,35.096094,-106.382342,6559.529
2013-12-02T00:00:00,23.44,100,35.096094,-106.382342,6559.529
2013-09-09T00:00:00,22.75,100,35.096094,-106.382342,6559.529
2013-06-10T00:00:00,20.3,100,35.096094,-106.382342,6559.529
2013-03-11T00:00:00,20.39,100,35.096094,-106.382342,6559.529
2012-12-10T00:00:00,23.47,100,35.096094,-106.382342,6559.529
2012-09-11T00:00:00,22.5,100,35.096094,-106.382342,6559.529
2012-06-12T00:00:00,20.43,100,35.096094,-106.382342,6559.529
2011-12-06T00:00:00,22.5,100,35.096094,-106.382342,6559.529
2011-11-17T00:00:00,23,100,35.096094,-106.382342,6559.529
2023-03-21T18:42:22,45.66,100,35.096094,-106.382342,6559.529
2023-11-09T16:00:15,25.81,100,35.096094,-106.382342,6559.529
2023-12-08T18:20:28,25.53,100,35.096094,-106.382342,6559.529
2024-01-16T18:23:07,24.28,100,35.096094,-106.382342,6559.529
2024-02-06T19:53:00,23.96,100,35.096094,-106.382342,6559.529
2024-03-05T17:12:25,24.33,100,35.096094,-106.382342,6559.529
2024-04-03T16:00:48,23.27,100,35.096094,-106.382342,6559.529
2024-05-07T16:12:00,24.07,100,35.096094,-106.382342,6559.529
2024-06-10T18:28:39,24.43,100,35.096094,-106.382342,6559.529
2024-07-16T16:57:10,26.43,100,35.096094,-106.382342,6559.529
2024-08-13T16:38:06,25.05,100,35.096094,-106.382342,6559.529
2024-09-10T17:29:25,25.18,100,35.096094,-106.382342,6559.529
2024-10-08T19:23:43,25.94,100,35.096094,-106.382342,6559.529
2024-11-12T19:05:39,26.74,100,35.096094,-106.382342,6559.529
2024-12-11T20:45:39,25.89,100,35.096094,-106.382342,6559.529
2025-01-16T18:23:00,27.55,100,35.096094,-106.382342,6559.529
2025-02-05T16:25:26,26.66,100,35.096094,-106.382342,6559.529
2025-02-17T20:54:18,29.83,100,35.096094,-106.382342,6559.529
2025-03-24T18:09:47,26.99,100,35.096094,-106.382342,6559.529
2025-04-08T15:26:31,26.94,100,35.096094,-106.382342,6559.529
2025-05-06T20:43:26,26.97,100,35.096094,-106.382342,6559.529
2025-06-10T15:18:52,26.58,100,35.096094,-106.382342,6559.529
2025-06-10T15:21:00,26.58,100,35.096094,-106.382342,6559.529
2025-07-11T16:15:00,27.04,100,35.096094,-106.382342,6559.529
2025-08-05T16:07:31,27.91,100,35.096094,-106.382342,6559.529
2025-08-08T19:07:05,27.27,100,35.096094,-106.382342,6559.529
2025-09-12T16:13:07,28.7,100,35.096094,-106.382342,6559.529
2020-11-03T00:00:00,116.9,180,35.158293,-106.352572,6877.979
2020-07-26T00:00:00,114.5,180,35.158293,-106.352572,6877.979
2020-04-26T00:00:00,113.3,180,35.158293,-106.352572,6877.979
2019-10-29T00:00:00,116.5,180,35.158293,-106.352572,6877.979
2019-07-23T00:00:00,111.1,180,35.158293,-106.352572,6877.979
2019-04-22T00:00:00,110.3,180,35.158293,-106.352572,6877.979
2018-12-20T00:00:00,111.2,180,35.158293,-106.352572,6877.979
2018-09-19T00:00:00,111.3,180,35.158293,-106.352572,6877.979
2018-04-04T00:00:00,108.9,180,35.158293,-106.352572,6877.979
2017-10-04T00:00:00,107.3,180,35.158293,-106.352572,6877.979
2017-06-15T00:00:00,108.75,180,35.158293,-106.352572,6877.979
2017-01-24T00:00:00,106.75,180,35.158293,-106.352572,6877.979
2016-06-01T00:00:00,104.85,180,35.158293,-106.352572,6877.979
2016-03-07T00:00:00,104.89,180,35.158293,-106.352572,6877.979
2015-11-30T00:00:00,105.91,180,35.158293,-106.352572,6877.979
2015-08-31T00:00:00,106.07,180,35.158293,-106.352572,6877.979
2015-06-01T00:00:00,104.56,180,35.158293,-106.352572,6877.979
2015-03-02T00:00:00,104.5,180,35.158293,-106.352572,6877.979
2014-12-01T00:00:00,105.26,180,35.158293,-106.352572,6877.979
2014-09-02T00:00:00,104.06,180,35.158293,-106.352572,6877.979
2014-06-02T00:00:00,101.49,180,35.158293,-106.352572,6877.979
2014-03-03T00:00:00,101.67,180,35.158293,-106.352572,6877.979
2013-12-02T00:00:00,101.21,180,35.158293,-106.352572,6877.979
2013-09-09T00:00:00,101.6,180,35.158293,-106.352572,6877.979
2013-06-10T00:00:00,101.79,180,35.158293,-106.352572,6877.979
2013-03-11T00:00:00,99.25,180,35.158293,-106.352572,6877.979
2012-12-10T00:00:00,97.48,180,35.158293,-106.352572,6877.979
2012-09-17T00:00:00,97.43,180,35.158293,-106.352572,6877.979
2012-06-06T00:00:00,94.99,180,35.158293,-106.352572,6877.979
2021-03-09T17:57:11,118.1,180,35.158293,-106.352572,6877.979
2021-10-24T16:26:51,121.1,180,35.158293,-106.352572,6877.979
2023-04-03T15:43:11,122.06,180,35.158293,-106.352572,6877.979
2024-03-18T21:37:12,114.15,180,35.158293,-106.352572,6877.979
2020-11-05T00:00:00,158.95,280,35.165702,-106.347948,6852.766
2020-07-26T00:00:00,151.1,280,35.165702,-106.347948,6852.766
2020-04-26T00:00:00,138.5,280,35.165702,-106.347948,6852.766
2019-10-29T00:00:00,149,280,35.165702,-106.347948,6852.766
2019-07-23T00:00:00,149.1,280,35.165702,-106.347948,6852.766
2019-04-23T00:00:00,143.3,280,35.165702,-106.347948,6852.766
2018-12-21T00:00:00,139.7,280,35.165702,-106.347948,6852.766
2018-09-21T00:00:00,145.3,280,35.165702,-106.347948,6852.766
2018-04-05T00:00:00,135.5,280,35.165702,-106.347948,6852.766
2017-10-07T00:00:00,131.57,280,35.165702,-106.347948,6852.766
2017-06-19T00:00:00,135.7,280,35.165702,-106.347948,6852.766
2017-01-24T00:00:00,127.2,280,35.165702,-106.347948,6852.766
2016-06-02T00:00:00,122,280,35.165702,-106.347948,6852.766
2016-03-08T00:00:00,109.62,280,35.165702,-106.347948,6852.766
2015-12-01T00:00:00,114.03,280,35.165702,-106.347948,6852.766
2015-09-01T00:00:00,118.98,280,35.165702,-106.347948,6852.766
2015-03-03T00:00:00,108.18,280,35.165702,-106.347948,6852.766
2014-12-02T00:00:00,113.11,280,35.165702,-106.347948,6852.766
2014-06-03T00:00:00,101.71,280,35.165702,-106.347948,6852.766
2014-03-04T00:00:00,93.15,280,35.165702,-106.347948,6852.766
2013-12-04T00:00:00,95.43,280,35.165702,-106.347948,6852.766
2013-06-11T00:00:00,95.18,280,35.165702,-106.347948,6852.766
2013-03-12T00:00:00,84,280,35.165702,-106.347948,6852.766
2012-12-11T00:00:00,85.81,280,35.165702,-106.347948,6852.766
2012-09-17T00:00:00,89.84,280,35.165702,-106.347948,6852.766
2021-03-11T16:27:26,149.3,280,35.165702,-106.347948,6852.766
2021-10-27T15:04:42,161.1,280,35.165702,-106.347948,6852.766
2023-03-31T18:43:14,191,280,35.165702,-106.347948,6852.766
2023-12-12T23:39:55,63.28,280,35.165702,-106.347948,6852.766
2024-01-17T16:24:12,64.58,280,35.165702,-106.347948,6852.766
2024-02-07T18:49:00,66.52,280,35.165702,-106.347948,6852.766
2024-03-13T23:11:38,68.16,280,35.165702,-106.347948,6852.766
2024-04-10T20:19:14,69.39,280,35.165702,-106.347948,6852.766
2024-05-08T16:41:00,73.59,280,35.165702,-106.347948,6852.766
2024-06-10T23:22:59,76.77,280,35.165702,-106.347948,6852.766
2024-07-30T19:22:24,79.32,280,35.165702,-106.347948,6852.766
2024-08-12T17:22:00,79.29,280,35.165702,-106.347948,6852.766
2024-09-10T21:42:21,80.46,280,35.165702,-106.347948,6852.766
2024-10-08T16:23:09,82.91,280,35.165702,-106.347948,6852.766
2024-11-13T17:32:50,82.74,280,35.165702,-106.347948,6852.766
2024-12-12T19:09:43,82.79,280,35.165702,-106.347948,6852.766
2025-01-14T20:44:08,80.48,280,35.165702,-106.347948,6852.766
2025-02-04T19:35:10,83,280,35.165702,-106.347948,6852.766
2025-03-19T22:36:31,83.58,280,35.165702,-106.347948,6852.766
2025-04-08T18:59:29,85.09,280,35.165702,-106.347948,6852.766
2025-05-06T16:36:44,85.91,280,35.165702,-106.347948,6852.766
2025-06-10T22:56:04,90.22,280,35.165702,-106.347948,6852.766
2025-07-14T22:04:00,93.59,280,35.165702,-106.347948,6852.766
2025-08-05T20:50:00,95.01,280,35.165702,-106.347948,6852.766
2025-09-10T14:54:00,94.93,280,35.165702,-106.347948,6852.766
2020-11-01T00:00:00,363.4,420,35.142167,-106.373533,7118.455
2020-07-25T00:00:00,363.7,420,35.142167,-106.373533,7118.455
2020-04-25T00:00:00,360.8,420,35.142167,-106.373533,7118.455
2019-10-28T00:00:00,360.2,420,35.142167,-106.373533,7118.455
2019-07-22T00:00:00,361.2,420,35.142167,-106.373533,7118.455
2019-04-18T00:00:00,358,420,35.142167,-106.373533,7118.455
2018-12-18T00:00:00,357,420,35.142167,-106.373533,7118.455
2018-09-12T00:00:00,357.2,420,35.142167,-106.373533,7118.455
2018-04-04T00:00:00,358.8,420,35.142167,-106.373533,7118.455
2017-10-04T00:00:00,357.7,420,35.142167,-106.373533,7118.455
2017-06-14T00:00:00,358.8,420,35.142167,-106.373533,7118.455
2017-01-25T00:00:00,356.8,420,35.142167,-106.373533,7118.455
2016-06-01T00:00:00,354.8,420,35.142167,-106.373533,7118.455
2016-03-07T00:00:00,354.8,420,35.142167,-106.373533,7118.455
2015-11-30T00:00:00,354.4,420,35.142167,-106.373533,7118.455
2015-08-31T00:00:00,355,420,35.142167,-106.373533,7118.455
2015-06-01T00:00:00,353.6,420,35.142167,-106.373533,7118.455
2015-03-02T00:00:00,353,420,35.142167,-106.373533,7118.455
2014-12-01T00:00:00,352.3,420,35.142167,-106.373533,7118.455
2014-09-02T00:00:00,352.4,420,35.142167,-106.373533,7118.455
2014-06-02T00:00:00,352,420,35.142167,-106.373533,7118.455
2014-03-03T00:00:00,351.6,420,35.142167,-106.373533,7118.455
2013-12-02T00:00:00,351.6,420,35.142167,-106.373533,7118.455
2013-06-10T00:00:00,351.1,420,35.142167,-106.373533,7118.455
2013-03-11T00:00:00,350.6,420,35.142167,-106.373533,7118.455
2021-03-07T19:54:07,361.6,420,35.142167,-106.373533,7118.455
2021-10-20T21:53:44,362.2,420,35.142167,-106.373533,7118.455
2023-03-27T17:37:58,368.76,420,35.142167,-106.373533,7118.455
2023-11-09T17:58:31,359,420,35.142167,-106.373533,7118.455
2023-12-12T17:49:31,358,420,35.142167,-106.373533,7118.455
2024-01-16T19:53:06,356.8,420,35.142167,-106.373533,7118.455
2024-02-06T21:17:14,357.5,420,35.142167,-106.373533,7118.455
2024-03-05T18:23:24,357.5,420,35.142167,-106.373533,7118.455
2024-04-03T19:53:00,357.34,420,35.142167,-106.373533,7118.455
2024-05-07T16:18:00,358.18,420,35.142167,-106.373533,7118.455
2024-06-10T19:35:29,357.84,420,35.142167,-106.373533,7118.455
2024-08-13T17:42:29,359.87,420,35.142167,-106.373533,7118.455
2024-09-10T18:02:30,361.04,420,35.142167,-106.373533,7118.455
2024-11-12T16:51:00,358.66,420,35.142167,-106.373533,7118.455
2025-01-14T17:20:20,357.84,420,35.142167,-106.373533,7118.455
2025-02-04T23:16:50,357.64,420,35.142167,-106.373533,7118.455
2025-03-20T18:40:33,356.71,420,35.142167,-106.373533,7118.455
2025-04-08T15:42:15,358.4,420,35.142167,-106.373533,7118.455
2025-05-06T21:15:00,357.88,420,35.142167,-106.373533,7118.455
2025-06-10T16:06:00,357.94,420,35.142167,-106.373533,7118.455
2025-08-05T16:55:24,355.52,420,35.142167,-106.373533,7118.455
2025-09-12T18:09:12,358.76,420,35.142167,-106.373533,7118.455
2020-11-01T00:00:00,267.95,400,35.144807,-106.370421,7023.557
2020-07-25T00:00:00,273.5,400,35.144807,-106.370421,7023.557
2020-04-25T00:00:00,267.4,400,35.144807,-106.370421,7023.557
2019-07-22T00:00:00,266.2,400,35.144807,-106.370421,7023.557
2019-04-18T00:00:00,265.5,400,35.144807,-106.370421,7023.557
2016-03-07T00:00:00,259.97,400,35.144807,-106.370421,7023.557
2015-12-07T00:00:00,259.58,400,35.144807,-106.370421,7023.557
2015-08-31T00:00:00,259.9,400,35.144807,-106.370421,7023.557
2015-06-01T00:00:00,259.2,400,35.144807,-106.370421,7023.557
2015-03-02T00:00:00,258.29,400,35.144807,-106.370421,7023.557
2014-12-01T00:00:00,258.58,400,35.144807,-106.370421,7023.557
2014-09-02T00:00:00,258.65,400,35.144807,-106.370421,7023.557
2014-06-02T00:00:00,257.95,400,35.144807,-106.370421,7023.557
2014-03-03T00:00:00,256.67,400,35.144807,-106.370421,7023.557
2013-12-02T00:00:00,256.48,400,35.144807,-106.370421,7023.557
2013-09-09T00:00:00,257.58,400,35.144807,-106.370421,7023.557
2013-06-11T00:00:00,257.23,400,35.144807,-106.370421,7023.557
2013-03-11T00:00:00,254.73,400,35.144807,-106.370421,7023.557
2021-03-07T20:05:41,279.6,400,35.144807,-106.370421,7023.557
2021-10-20T22:05:32,267,400,35.144807,-106.370421,7023.557
2023-08-02T17:08:32,266.5,400,35.144807,-106.370421,7023.557
2024-03-01T15:54:47,268.69,400,35.144807,-106.370421,7023.557
2025-03-03T20:17:40,263.31,400,35.144807,-106.370421,7023.557
2020-11-03T00:00:00,9.2,40,35.168952,-106.367498,7098.691
2020-07-26T00:00:00,8.3,40,35.168952,-106.367498,7098.691
2020-04-26T00:00:00,8.1,40,35.168952,-106.367498,7098.691
2019-10-29T00:00:00,10,40,35.168952,-106.367498,7098.691
2019-07-23T00:00:00,5.5,40,35.168952,-106.367498,7098.691
2019-04-22T00:00:00,4.2,40,35.168952,-106.367498,7098.691
2018-09-19T00:00:00,11.5,40,35.168952,-106.367498,7098.691
2018-04-05T00:00:00,7.5,40,35.168952,-106.367498,7098.691
2017-10-10T00:00:00,9.6,40,35.168952,-106.367498,7098.691
2017-06-15T00:00:00,6.66,40,35.168952,-106.367498,7098.691
2015-12-01T00:00:00,9.04,40,35.168952,-106.367498,7098.691
2015-09-01T00:00:00,8.54,40,35.168952,-106.367498,7098.691
2015-06-02T00:00:00,6.69,40,35.168952,-106.367498,7098.691
2014-12-02T00:00:00,10.14,40,35.168952,-106.367498,7098.691
2014-09-03T00:00:00,9.3,40,35.168952,-106.367498,7098.691
2014-06-03T00:00:00,7.81,40,35.168952,-106.367498,7098.691
2014-03-04T00:00:00,7.72,40,35.168952,-106.367498,7098.691
2013-12-03T00:00:00,10.42,40,35.168952,-106.367498,7098.691
2013-09-10T00:00:00,11.94,40,35.168952,-106.367498,7098.691
2013-06-11T00:00:00,10.27,40,35.168952,-106.367498,7098.691
2013-03-12T00:00:00,11.16,40,35.168952,-106.367498,7098.691
2021-03-09T20:13:26,10.8,40,35.168952,-106.367498,7098.691
2021-10-24T19:37:15,14,40,35.168952,-106.367498,7098.691
2023-04-03T21:52:14,2.55,40,35.168952,-106.367498,7098.691
2024-03-25T14:38:27,6.94,40,35.168952,-106.367498,7098.691
2025-03-26T22:00:00,10.13,40,35.168952,-106.367498,7098.691
2020-11-05T00:00:00,77.4,97,35.166717,-106.347739,6840.231
2020-07-26T00:00:00,78.1,97,35.166717,-106.347739,6840.231
2020-04-26T00:00:00,79.5,97,35.166717,-106.347739,6840.231
2019-10-29T00:00:00,77.2,97,35.166717,-106.347739,6840.231
2019-07-23T00:00:00,77.1,97,35.166717,-106.347739,6840.231
2019-04-23T00:00:00,76.95,97,35.166717,-106.347739,6840.231
2018-12-21T00:00:00,77.1,97,35.166717,-106.347739,6840.231
2018-09-21T00:00:00,78.95,97,35.166717,-106.347739,6840.231
2018-04-05T00:00:00,77.1,97,35.166717,-106.347739,6840.231
2017-10-07T00:00:00,77.58,97,35.166717,-106.347739,6840.231
2017-06-19T00:00:00,78.3,97,35.166717,-106.347739,6840.231
2017-01-24T00:00:00,78.13,97,35.166717,-106.347739,6840.231
2016-06-02T00:00:00,77.81,97,35.166717,-106.347739,6840.231
2016-03-08T00:00:00,77.81,97,35.166717,-106.347739,6840.231
2015-12-01T00:00:00,77.9,97,35.166717,-106.347739,6840.231
2015-09-01T00:00:00,77.86,97,35.166717,-106.347739,6840.231
2015-06-02T00:00:00,78.69,97,35.166717,-106.347739,6840.231
2015-03-03T00:00:00,77.71,97,35.166717,-106.347739,6840.231
2014-12-02T00:00:00,78.62,97,35.166717,-106.347739,6840.231
2014-09-03T00:00:00,77.42,97,35.166717,-106.347739,6840.231
2014-06-03T00:00:00,76.96,97,35.166717,-106.347739,6840.231
2014-03-04T00:00:00,76.63,97,35.166717,-106.347739,6840.231
2013-12-03T00:00:00,76.92,97,35.166717,-106.347739,6840.231
2013-06-11T00:00:00,77,97,35.166717,-106.347739,6840.231
2013-03-12T00:00:00,70.7,97,35.166717,-106.347739,6840.231
2021-03-11T16:36:28,77.7,97,35.166717,-106.347739,6840.231
2021-10-27T15:11:54,79.9,97,35.166717,-106.347739,6840.231
2023-03-31T19:26:52,71.1,97,35.166717,-106.347739,6840.231
2024-01-17T16:41:12,52.79,97,35.166717,-106.347739,6840.231
2024-03-13T23:12:50,55.15,97,35.166717,-106.347739,6840.231
2024-05-08T16:42:00,57.9,97,35.166717,-106.347739,6840.231
2025-03-19T22:52:58,68.6,97,35.166717,-106.347739,6840.231
2020-11-01T00:00:00,162.3,340,35.138128,-106.368026,6901.512
2020-07-25T00:00:00,161.4,340,35.138128,-106.368026,6901.512
2020-04-25T00:00:00,152.5,340,35.138128,-106.368026,6901.512
2019-10-28T00:00:00,154.3,340,35.138128,-106.368026,6901.512
2019-07-22T00:00:00,152.9,340,35.138128,-106.368026,6901.512
2019-04-18T00:00:00,148.95,340,35.138128,-106.368026,6901.512
2018-12-18T00:00:00,153.7,340,35.138128,-106.368026,6901.512
2018-09-12T00:00:00,155.7,340,35.138128,-106.368026,6901.512
2018-04-04T00:00:00,148.7,340,35.138128,-106.368026,6901.512
2017-10-04T00:00:00,149.09,340,35.138128,-106.368026,6901.512
2017-06-14T00:00:00,147.58,340,35.138128,-106.368026,6901.512
2017-01-23T00:00:00,145.39,340,35.138128,-106.368026,6901.512
2016-06-01T00:00:00,140.17,340,35.138128,-106.368026,6901.512
2016-03-07T00:00:00,135.43,340,35.138128,-106.368026,6901.512
2015-11-30T00:00:00,137.56,340,35.138128,-106.368026,6901.512
2015-08-31T00:00:00,138.58,340,35.138128,-106.368026,6901.512
2015-06-01T00:00:00,135.26,340,35.138128,-106.368026,6901.512
2015-03-02T00:00:00,136.25,340,35.138128,-106.368026,6901.512
2014-12-01T00:00:00,137.47,340,35.138128,-106.368026,6901.512
2014-09-02T00:00:00,141.03,340,35.138128,-106.368026,6901.512
2014-06-02T00:00:00,137.15,340,35.138128,-106.368026,6901.512
2014-03-03T00:00:00,136.6,340,35.138128,-106.368026,6901.512
2013-12-02T00:00:00,140.1,340,35.138128,-106.368026,6901.512
2013-09-09T00:00:00,143,340,35.138128,-106.368026,6901.512
2013-06-10T00:00:00,146.03,340,35.138128,-106.368026,6901.512
2021-03-07T19:29:57,162.2,340,35.138128,-106.368026,6901.512
2021-10-20T19:05:13,170.4,340,35.138128,-106.368026,6901.512
2023-03-27T17:16:42,155.72,340,35.138128,-106.368026,6901.512
2024-03-01T16:16:10,153.28,340,35.138128,-106.368026,6901.512
2020-11-01T00:00:00,202.33,300,35.13525,-106.372868,6947.372
2020-07-25T00:00:00,201.02,300,35.13525,-106.372868,6947.372
2020-04-25T00:00:00,198.75,300,35.13525,-106.372868,6947.372
2019-10-28T00:00:00,198.2,300,35.13525,-106.372868,6947.372
2019-07-22T00:00:00,196.48,300,35.13525,-106.372868,6947.372
2019-04-18T00:00:00,194.91,300,35.13525,-106.372868,6947.372
2018-12-18T00:00:00,194.62,300,35.13525,-106.372868,6947.372
2018-09-12T00:00:00,193.5,300,35.13525,-106.372868,6947.372
2018-04-03T00:00:00,186.59,300,35.13525,-106.372868,6947.372
2017-10-02T00:00:00,184.05,300,35.13525,-106.372868,6947.372
2017-06-14T00:00:00,185,300,35.13525,-106.372868,6947.372
2017-01-23T00:00:00,181.83,300,35.13525,-106.372868,6947.372
2016-06-01T00:00:00,177.66,300,35.13525,-106.372868,6947.372
2016-03-07T00:00:00,176.81,300,35.13525,-106.372868,6947.372
2015-12-07T00:00:00,177.5,300,35.13525,-106.372868,6947.372
2015-08-31T00:00:00,175.42,300,35.13525,-106.372868,6947.372
2015-06-01T00:00:00,173.3,300,35.13525,-106.372868,6947.372
2015-03-02T00:00:00,174.2,300,35.13525,-106.372868,6947.372
2014-12-01T00:00:00,175.63,300,35.13525,-106.372868,6947.372
2014-09-02T00:00:00,172.5,300,35.13525,-106.372868,6947.372
2014-06-02T00:00:00,173.8,300,35.13525,-106.372868,6947.372
2014-03-03T00:00:00,172.8,300,35.13525,-106.372868,6947.372
2013-12-02T00:00:00,170.73,300,35.13525,-106.372868,6947.372
2013-09-09T00:00:00,170.93,300,35.13525,-106.372868,6947.372
2021-03-07T19:11:00,202.7,300,35.13525,-106.372868,6947.372
2021-10-20T19:20:31,206.74,300,35.13525,-106.372868,6947.372
2023-03-27T14:49:41,207.89,300,35.13525,-106.372868,6947.372
2024-03-01T16:51:18,216.79,300,35.13525,-106.372868,6947.372
2025-03-03T17:19:46,207.37,300,35.13525,-106.372868,6947.372
2020-11-01T00:00:00,262.4,0,35.130819,-106.370928,6985.191
2020-07-25T00:00:00,251.3,0,35.130819,-106.370928,6985.191
2020-04-25T00:00:00,246.8,0,35.130819,-106.370928,6985.191
2019-10-28T00:00:00,245.6,0,35.130819,-106.370928,6985.191
2019-07-22T00:00:00,244.1,0,35.130819,-106.370928,6985.191
2019-04-18T00:00:00,246,0,35.130819,-106.370928,6985.191
2018-12-18T00:00:00,250.4,0,35.130819,-106.370928,6985.191
2018-09-12T00:00:00,245.14,0,35.130819,-106.370928,6985.191
2018-04-03T00:00:00,239.3,0,35.130819,-106.370928,6985.191
2017-10-02T00:00:00,239.72,0,35.130819,-106.370928,6985.191
2017-06-14T00:00:00,237.29,0,35.130819,-106.370928,6985.191
2017-01-20T00:00:00,235.6,0,35.130819,-106.370928,6985.191
2016-06-01T00:00:00,232.37,0,35.130819,-106.370928,6985.191
2016-03-07T00:00:00,232,0,35.130819,-106.370928,6985.191
2015-11-30T00:00:00,232.63,0,35.130819,-106.370928,6985.191
2015-08-31T00:00:00,232.43,0,35.130819,-106.370928,6985.191
2015-06-01T00:00:00,231.03,0,35.130819,-106.370928,6985.191
2015-03-02T00:00:00,232.11,0,35.130819,-106.370928,6985.191
2014-12-01T00:00:00,232.31,0,35.130819,-106.370928,6985.191
2014-09-02T00:00:00,234.44,0,35.130819,-106.370928,6985.191
2014-06-02T00:00:00,232.92,0,35.130819,-106.370928,6985.191
2014-03-03T00:00:00,231.5,0,35.130819,-106.370928,6985.191
2013-12-02T00:00:00,230.65,0,35.130819,-106.370928,6985.191
2013-09-09T00:00:00,231.85,0,35.130819,-106.370928,6985.191
2021-03-07T18:03:09,254.1,0,35.130819,-106.370928,6985.191
2021-10-20T21:30:38,260.9,0,35.130819,-106.370928,6985.191
2023-03-27T15:20:24,260.18,0,35.130819,-106.370928,6985.191
2024-03-01T17:48:47,247.95,0,35.130819,-106.370928,6985.191
2025-03-03T16:24:41,253.65,0,35.130819,-106.370928,6985.191
2020-11-01T00:00:00,165.5,300,35.133411,-106.370973,6905.431
2020-07-25T00:00:00,163.7,300,35.133411,-106.370973,6905.431
2020-04-25T00:00:00,155.7,300,35.133411,-106.370973,6905.431
2019-10-28T00:00:00,157.7,300,35.133411,-106.370973,6905.431
2019-07-22T00:00:00,156.2,300,35.133411,-106.370973,6905.431
2019-04-18T00:00:00,152.6,300,35.133411,-106.370973,6905.431
2018-12-18T00:00:00,157.1,300,35.133411,-106.370973,6905.431
2018-09-12T00:00:00,159,300,35.133411,-106.370973,6905.431
2018-04-03T00:00:00,150.5,300,35.133411,-106.370973,6905.431
2017-10-02T00:00:00,152.25,300,35.133411,-106.370973,6905.431
2017-06-14T00:00:00,151.13,300,35.133411,-106.370973,6905.431
2017-01-20T00:00:00,148.8,300,35.133411,-106.370973,6905.431
2016-06-01T00:00:00,142.06,300,35.133411,-106.370973,6905.431
2016-03-07T00:00:00,138.91,300,35.133411,-106.370973,6905.431
2015-11-30T00:00:00,140.84,300,35.133411,-106.370973,6905.431
2015-08-31T00:00:00,141.79,300,35.133411,-106.370973,6905.431
2015-06-01T00:00:00,138.78,300,35.133411,-106.370973,6905.431
2015-03-02T00:00:00,139.6,300,35.133411,-106.370973,6905.431
2014-12-01T00:00:00,141,300,35.133411,-106.370973,6905.431
2014-09-02T00:00:00,144.37,300,35.133411,-106.370973,6905.431
2014-06-02T00:00:00,139.21,300,35.133411,-106.370973,6905.431
2014-03-03T00:00:00,140.63,300,35.133411,-106.370973,6905.431
2013-12-02T00:00:00,143.35,300,35.133411,-106.370973,6905.431
2013-09-09T00:00:00,147.24,300,35.133411,-106.370973,6905.431
2021-03-07T17:44:29,164.7,300,35.133411,-106.370973,6905.431
2021-10-20T20:54:59,173.5,300,35.133411,-106.370973,6905.431
2023-03-27T15:02:57,160.21,300,35.133411,-106.370973,6905.431
2023-11-09T17:23:07,156.46,300,35.133411,-106.370973,6905.431
2024-03-01T17:07:22,156.83,300,35.133411,-106.370973,6905.431
2025-03-03T17:02:23,166.69,300,35.133411,-106.370973,6905.431
2020-11-03T00:00:00,29.9,125,35.1695,-106.368964,7128.619
2020-07-26T00:00:00,28.9,125,35.1695,-106.368964,7128.619
2020-04-26T00:00:00,29.01,125,35.1695,-106.368964,7128.619
2019-10-29T00:00:00,29.68,125,35.1695,-106.368964,7128.619
2019-07-23T00:00:00,28.26,125,35.1695,-106.368964,7128.619
2019-04-22T00:00:00,30.2,125,35.1695,-106.368964,7128.619
2018-12-20T00:00:00,30.26,125,35.1695,-106.368964,7128.619
2018-09-19T00:00:00,32.89,125,35.1695,-106.368964,7128.619
2018-04-05T00:00:00,30.76,125,35.1695,-106.368964,7128.619
2017-10-10T00:00:00,30.59,125,35.1695,-106.368964,7128.619
2017-06-15T00:00:00,29.29,125,35.1695,-106.368964,7128.619
2017-01-23T00:00:00,30.06,125,35.1695,-106.368964,7128.619
2016-06-02T00:00:00,30.35,125,35.1695,-106.368964,7128.619
2016-03-08T00:00:00,29.15,125,35.1695,-106.368964,7128.619
2015-12-01T00:00:00,30.81,125,35.1695,-106.368964,7128.619
2015-09-01T00:00:00,29.15,125,35.1695,-106.368964,7128.619
2015-06-02T00:00:00,31.24,125,35.1695,-106.368964,7128.619
2015-03-03T00:00:00,30.02,125,35.1695,-106.368964,7128.619
2014-12-02T00:00:00,30.22,125,35.1695,-106.368964,7128.619
2014-09-03T00:00:00,30.49,125,35.1695,-106.368964,7128.619
2014-06-03T00:00:00,29.62,125,35.1695,-106.368964,7128.619
2014-03-04T00:00:00,30.03,125,35.1695,-106.368964,7128.619
2013-12-03T00:00:00,30.03,125,35.1695,-106.368964,7128.619
2013-09-10T00:00:00,30.1,125,35.1695,-106.368964,7128.619
2013-06-11T00:00:00,29.88,125,35.1695,-106.368964,7128.619
2013-03-12T00:00:00,29.18,125,35.1695,-106.368964,7128.619
2021-03-09T19:58:19,30.21,125,35.1695,-106.368964,7128.619
2021-10-24T19:25:37,31.81,125,35.1695,-106.368964,7128.619
2023-08-04T19:56:54,34.46,125,35.1695,-106.368964,7128.619
2024-03-18T21:21:03,27.4,125,35.1695,-106.368964,7128.619
2025-03-27T16:38:08,28.89,125,35.1695,-106.368964,7128.619
2020-11-03T00:00:00,41.75,80,35.170242,-106.370226,7164.436
2020-07-26T00:00:00,38.73,80,35.170242,-106.370226,7164.436
2020-04-26T00:00:00,35.35,80,35.170242,-106.370226,7164.436
2019-10-29T00:00:00,40.45,80,35.170242,-106.370226,7164.436
2019-07-23T00:00:00,35.3,80,35.170242,-106.370226,7164.436
2019-04-22T00:00:00,33.95,80,35.170242,-106.370226,7164.436
2018-12-20T00:00:00,40.04,80,35.170242,-106.370226,7164.436
2018-09-19T00:00:00,41.92,80,35.170242,-106.370226,7164.436
2018-04-05T00:00:00,38.65,80,35.170242,-106.370226,7164.436
2017-10-10T00:00:00,39.81,80,35.170242,-106.370226,7164.436
2017-06-15T00:00:00,36.52,80,35.170242,-106.370226,7164.436
2017-02-03T00:00:00,37.75,80,35.170242,-106.370226,7164.436
2016-06-02T00:00:00,36.6,80,35.170242,-106.370226,7164.436
2016-03-08T00:00:00,38,80,35.170242,-106.370226,7164.436
2015-12-01T00:00:00,38.79,80,35.170242,-106.370226,7164.436
2015-09-01T00:00:00,39.14,80,35.170242,-106.370226,7164.436
2015-06-02T00:00:00,36.38,80,35.170242,-106.370226,7164.436
2015-03-03T00:00:00,37.66,80,35.170242,-106.370226,7164.436
2014-12-02T00:00:00,39.37,80,35.170242,-106.370226,7164.436
2014-09-03T00:00:00,38.13,80,35.170242,-106.370226,7164.436
2014-06-03T00:00:00,39,80,35.170242,-106.370226,7164.436
2014-03-04T00:00:00,38.57,80,35.170242,-106.370226,7164.436
2013-12-03T00:00:00,39.63,80,35.170242,-106.370226,7164.436
2021-03-09T19:54:10,40.6,80,35.170242,-106.370226,7164.436
2021-10-24T19:20:26,42.74,80,35.170242,-106.370226,7164.436
2024-03-18T21:06:26,36.75,80,35.170242,-106.370226,7164.436
2025-03-27T16:15:11,39.88,80,35.170242,-106.370226,7164.436
2020-11-03T00:00:00,309,320,35.15107,-106.365416,7052.605
2020-07-26T00:00:00,307,320,35.15107,-106.365416,7052.605
2020-04-26T00:00:00,304.4,320,35.15107,-106.365416,7052.605
2019-10-29T00:00:00,303.2,320,35.15107,-106.365416,7052.605
2019-07-23T00:00:00,301,320,35.15107,-106.365416,7052.605
2019-04-22T00:00:00,299.8,320,35.15107,-106.365416,7052.605
2018-12-18T00:00:00,301.3,320,35.15107,-106.365416,7052.605
2018-09-12T00:00:00,300.6,320,35.15107,-106.365416,7052.605
2018-04-04T00:00:00,295.8,320,35.15107,-106.365416,7052.605
2017-10-04T00:00:00,295.2,320,35.15107,-106.365416,7052.605
2017-06-15T00:00:00,296.9,320,35.15107,-106.365416,7052.605
2017-01-23T00:00:00,294,320,35.15107,-106.365416,7052.605
2016-06-02T00:00:00,290.4,320,35.15107,-106.365416,7052.605
2016-03-08T00:00:00,290.8,320,35.15107,-106.365416,7052.605
2015-12-01T00:00:00,291.3,320,35.15107,-106.365416,7052.605
2015-09-01T00:00:00,290.3,320,35.15107,-106.365416,7052.605
2015-06-02T00:00:00,289.6,320,35.15107,-106.365416,7052.605
2015-03-03T00:00:00,290.1,320,35.15107,-106.365416,7052.605
2021-03-09T16:05:30,308.8,320,35.15107,-106.365416,7052.605
2021-10-23T21:19:32,310.8,320,35.15107,-106.365416,7052.605
2023-08-04T20:43:26,311.4,320,35.15107,-106.365416,7052.605
2024-03-04T19:57:53,309.6,320,35.15107,-106.365416,7052.605
2025-03-05T00:05:56,303.61,320,35.15107,-106.365416,7052.605
2020-11-03T00:00:00,35.47,100,35.169665,-106.36826,7125.892
2020-07-26T00:00:00,33.25,100,35.169665,-106.36826,7125.892
2020-04-26T00:00:00,29.04,100,35.169665,-106.36826,7125.892
2019-10-29T00:00:00,34.45,100,35.169665,-106.36826,7125.892
2019-07-23T00:00:00,29.73,100,35.169665,-106.36826,7125.892
2019-04-22T00:00:00,28.08,100,35.169665,-106.36826,7125.892
2018-12-20T00:00:00,34.15,100,35.169665,-106.36826,7125.892
2018-09-19T00:00:00,35.94,100,35.169665,-106.36826,7125.892
2018-04-05T00:00:00,32.53,100,35.169665,-106.36826,7125.892
2017-10-10T00:00:00,33.99,100,35.169665,-106.36826,7125.892
2017-06-15T00:00:00,30.58,100,35.169665,-106.36826,7125.892
2017-01-23T00:00:00,32.88,100,35.169665,-106.36826,7125.892
2016-06-02T00:00:00,31.27,100,35.169665,-106.36826,7125.892
2016-03-08T00:00:00,30.16,100,35.169665,-106.36826,7125.892
2015-12-01T00:00:00,33,100,35.169665,-106.36826,7125.892
2015-09-01T00:00:00,33.11,100,35.169665,-106.36826,7125.892
2015-06-02T00:00:00,30.16,100,35.169665,-106.36826,7125.892
2015-03-03T00:00:00,31.55,100,35.169665,-106.36826,7125.892
2021-03-09T20:01:11,34.63,100,35.169665,-106.36826,7125.892
2021-10-24T19:29:31,37.29,100,35.169665,-106.36826,7125.892
2023-04-03T21:39:04,23.91,100,35.169665,-106.36826,7125.892
2024-03-25T14:58:03,30.25,100,35.169665,-106.36826,7125.892
2025-03-27T16:38:38,33.52,100,35.169665,-106.36826,7125.892
2020-11-05T00:00:00,298.8,500,35.207788,-106.359911,7015.742
2020-07-31T00:00:00,297,500,35.207788,-106.359911,7015.742
2020-04-26T00:00:00,293,500,35.207788,-106.359911,7015.742
2019-10-30T00:00:00,289.2,500,35.207788,-106.359911,7015.742
2019-07-23T00:00:00,288.6,500,35.207788,-106.359911,7015.742
2019-04-23T00:00:00,287.6,500,35.207788,-106.359911,7015.742
2018-12-21T00:00:00,304,500,35.207788,-106.359911,7015.742
2018-09-21T00:00:00,288.9,500,35.207788,-106.359911,7015.742
2018-04-06T00:00:00,286.3,500,35.207788,-106.359911,7015.742
2017-10-07T00:00:00,285.47,500,35.207788,-106.359911,7015.742
2017-06-19T00:00:00,282.35,500,35.207788,-106.359911,7015.742
2017-01-30T00:00:00,278.6,500,35.207788,-106.359911,7015.742
2016-06-02T00:00:00,274.8,500,35.207788,-106.359911,7015.742
2016-03-08T00:00:00,273.3,500,35.207788,-106.359911,7015.742
2015-12-01T00:00:00,272.2,500,35.207788,-106.359911,7015.742
2015-09-01T00:00:00,271.4,500,35.207788,-106.359911,7015.742
2015-06-02T00:00:00,273,500,35.207788,-106.359911,7015.742
2015-03-03T00:00:00,267.2,500,35.207788,-106.359911,7015.742
2021-03-11T18:17:40,301.3,500,35.207788,-106.359911,7015.742
2024-04-11T19:25:51,329.2,500,35.207788,-106.359911,7015.742
2025-03-04T22:07:20,325.5,500,35.207788,-106.359911,7015.742
2020-11-05T00:00:00,160.28,250,35.165123,-106.348175,6860.13
2020-07-26T00:00:00,156.1,250,35.165123,-106.348175,6860.13
2019-10-29T00:00:00,153.6,250,35.165123,-106.348175,6860.13
2019-04-23T00:00:00,143.3,250,35.165123,-106.348175,6860.13
2018-12-21T00:00:00,147.1,250,35.165123,-106.348175,6860.13
2018-09-21T00:00:00,146.2,250,35.165123,-106.348175,6860.13
2018-04-05T00:00:00,133.5,250,35.165123,-106.348175,6860.13
2017-10-07T00:00:00,139.1,250,35.165123,-106.348175,6860.13
2017-06-19T00:00:00,142.52,250,35.165123,-106.348175,6860.13
2017-01-24T00:00:00,131.3,250,35.165123,-106.348175,6860.13
2016-06-02T00:00:00,129.39,250,35.165123,-106.348175,6860.13
2016-03-08T00:00:00,117.29,250,35.165123,-106.348175,6860.13
2015-12-02T00:00:00,121.79,250,35.165123,-106.348175,6860.13
2021-03-11T16:03:14,161.05,250,35.165123,-106.348175,6860.13
2021-10-27T14:53:48,160.9,250,35.165123,-106.348175,6860.13
2023-03-31T17:54:23,144.5,250,35.165123,-106.348175,6860.13
2024-04-11T17:45:43,75.39,250,35.165123,-106.348175,6860.13
2025-03-28T15:35:31,94.08,250,35.165123,-106.348175,6860.13
2020-11-03T00:00:00,285.2,450,35.149526726,-106.363944548,7001.533
2020-07-26T00:00:00,286.9,450,35.149526726,-106.363944548,7001.533
2020-04-26T00:00:00,305.9,450,35.149526726,-106.363944548,7001.533
2019-10-29T00:00:00,275.4,450,35.149526726,-106.363944548,7001.533
2019-07-23T00:00:00,272,450,35.149526726,-106.363944548,7001.533
2019-04-22T00:00:00,273,450,35.149526726,-106.363944548,7001.533
2018-12-18T00:00:00,270,450,35.149526726,-106.363944548,7001.533
2018-09-12T00:00:00,296.6,450,35.149526726,-106.363944548,7001.533
2018-04-04T00:00:00,269.7,450,35.149526726,-106.363944548,7001.533
2017-10-04T00:00:00,273.5,450,35.149526726,-106.363944548,7001.533
2017-06-15T00:00:00,275,450,35.149526726,-106.363944548,7001.533
2017-01-23T00:00:00,261.6,450,35.149526726,-106.363944548,7001.533
2016-06-02T00:00:00,265.75,450,35.149526726,-106.363944548,7001.533
2021-03-09T15:59:36,275.7,450,35.149526726,-106.363944548,7001.533
2021-10-23T21:14:41,283.4,450,35.149526726,-106.363944548,7001.533
2023-03-28T16:30:58,287.2,450,35.149526726,-106.363944548,7001.533
2024-04-11T21:11:36,294.08,450,35.149526726,-106.363944548,7001.533
2025-03-27T14:56:45,281.7,450,35.149526726,-106.363944548,7001.533
2020-11-05T00:00:00,160,400,35.1679667,-106.3468306,6842.737
2020-07-26T00:00:00,154.1,400,35.1679667,-106.3468306,6842.737
2020-04-26T00:00:00,144.1,400,35.1679667,-106.3468306,6842.737
2019-10-29T00:00:00,144.7,400,35.1679667,-106.3468306,6842.737
2019-07-23T00:00:00,143.5,400,35.1679667,-106.3468306,6842.737
2019-04-23T00:00:00,138.2,400,35.1679667,-106.3468306,6842.737
2018-12-21T00:00:00,143.5,400,35.1679667,-106.3468306,6842.737
2018-09-21T00:00:00,144.3,400,35.1679667,-106.3468306,6842.737
2018-04-05T00:00:00,136.7,400,35.1679667,-106.3468306,6842.737
2017-10-07T00:00:00,135.74,400,35.1679667,-106.3468306,6842.737
2017-06-19T00:00:00,130.6,400,35.1679667,-106.3468306,6842.737
2021-03-11T16:58:41,156.6,400,35.1679667,-106.3468306,6842.737
2021-10-27T15:23:47,166.1,400,35.1679667,-106.3468306,6842.737
2023-03-31T19:35:10,179.76,400,35.1679667,-106.3468306,6842.737
2024-04-11T17:27:43,167.38,400,35.1679667,-106.3468306,6842.737
2025-03-28T15:55:14,170.41,400,35.1679667,-106.3468306,6842.737
2020-11-03T00:00:00,248.7,385,35.1637306,-106.3609389,7094.032
2020-07-26T00:00:00,250.44,385,35.1637306,-106.3609389,7094.032
2020-04-26T00:00:00,248.26,385,35.1637306,-106.3609389,7094.032
2019-10-29T00:00:00,249.4,385,35.1637306,-106.3609389,7094.032
2019-07-23T00:00:00,252.45,385,35.1637306,-106.3609389,7094.032
2019-04-22T00:00:00,253.62,385,35.1637306,-106.3609389,7094.032
2018-12-20T00:00:00,255.98,385,35.1637306,-106.3609389,7094.032
2018-09-19T00:00:00,254.87,385,35.1637306,-106.3609389,7094.032
2018-04-05T00:00:00,251.37,385,35.1637306,-106.3609389,7094.032
2017-10-07T00:00:00,250.59,385,35.1637306,-106.3609389,7094.032
2017-06-15T00:00:00,250.69,385,35.1637306,-106.3609389,7094.032
2021-03-09T19:09:50,248.54,385,35.1637306,-106.3609389,7094.032
2021-10-24T18:56:32,251.52,385,35.1637306,-106.3609389,7094.032
2023-04-03T20:48:22,257.2,385,35.1637306,-106.3609389,7094.032
2024-03-25T17:07:02,239.42,385,35.1637306,-106.3609389,7094.032
2025-03-27T16:15:00,245.51,385,35.1637306,-106.3609389,7094.032
2020-11-03T00:00:00,275.4,380,35.1558139,-106.3600861,7024.136
2020-07-26T00:00:00,273.7,380,35.1558139,-106.3600861,7024.136
2020-04-26T00:00:00,273.6,380,35.1558139,-106.3600861,7024.136
2019-10-29T00:00:00,273.1,380,35.1558139,-106.3600861,7024.136
2019-07-23T00:00:00,269,380,35.1558139,-106.3600861,7024.136
2019-04-23T00:00:00,221.3,380,35.1558139,-106.3600861,7024.136
2018-12-18T00:00:00,212.8,380,35.1558139,-106.3600861,7024.136
2018-09-19T00:00:00,209.7,380,35.1558139,-106.3600861,7024.136
2018-04-04T00:00:00,202,380,35.1558139,-106.3600861,7024.136
2017-10-04T00:00:00,158.1,380,35.1558139,-106.3600861,7024.136
2017-06-15T00:00:00,150,380,35.1558139,-106.3600861,7024.136
2021-03-09T16:29:56,275.1,380,35.1558139,-106.3600861,7024.136
2021-10-23T21:32:03,277.8,380,35.1558139,-106.3600861,7024.136
2023-04-03T17:34:18,269,380,35.1558139,-106.3600861,7024.136
2024-04-11T19:56:16,281.56,380,35.1558139,-106.3600861,7024.136
2025-03-27T15:24:38,281.58,380,35.1558139,-106.3600861,7024.136
2020-11-05T00:00:00,146.7,200,35.1665528,-106.3595528,6990.595
2020-07-26T00:00:00,148.1,200,35.1665528,-106.3595528,6990.595
2020-04-26T00:00:00,146.2,200,35.1665528,-106.3595528,6990.595
2019-10-29T00:00:00,147.1,200,35.1665528,-106.3595528,6990.595
2019-07-23T00:00:00,149.5,200,35.1665528,-106.3595528,6990.595
2019-04-23T00:00:00,151.2,200,35.1665528,-106.3595528,6990.595
2018-12-20T00:00:00,153.8,200,35.1665528,-106.3595528,6990.595
2018-09-21T00:00:00,152.9,200,35.1665528,-106.3595528,6990.595
2018-04-05T00:00:00,149.5,200,35.1665528,-106.3595528,6990.595
2017-10-07T00:00:00,148.55,200,35.1665528,-106.3595528,6990.595
2017-06-29T00:00:00,148.59,200,35.1665528,-106.3595528,6990.595
2021-03-09T20:50:25,144.4,200,35.1665528,-106.3595528,6990.595
2021-10-24T20:08:55,149.5,200,35.1665528,-106.3595528,6990.595
2023-04-03T22:23:19,147.79,200,35.1665528,-106.3595528,6990.595
2024-04-11T18:04:13,138.71,200,35.1665528,-106.3595528,6990.595
2025-03-27T16:01:33,143.11,200,35.1665528,-106.3595528,6990.595
2020-11-01T00:00:00,61.5,480,35.1082222,-106.3772028,6673.612
2020-07-24T00:00:00,73.5,480,35.1082222,-106.3772028,6673.612
2020-04-24T00:00:00,61,480,35.1082222,-106.3772028,6673.612
2019-10-27T00:00:00,48.9,480,35.1082222,-106.3772028,6673.612
2019-07-21T00:00:00,56.7,480,35.1082222,-106.3772028,6673.612
2019-04-18T00:00:00,44.7,480,35.1082222,-106.3772028,6673.612
2018-12-18T00:00:00,43.4,480,35.1082222,-106.3772028,6673.612
2018-09-19T00:00:00,46.2,480,35.1082222,-106.3772028,6673.612
2021-03-07T15:23:56,68.1,480,35.1082222,-106.3772028,6673.612
2021-10-20T15:47:42,75.2,480,35.1082222,-106.3772028,6673.612
2023-03-23T18:47:25,65.1,480,35.1082222,-106.3772028,6673.612
2024-03-05T22:38:15,58.67,480,35.1082222,-106.3772028,6673.612
2025-03-05T16:45:19,70.56,480,35.1082222,-106.3772028,6673.612
2020-11-05T00:00:00,224.58,265,35.169876,-106.35988,7074.835
2020-07-26T00:00:00,224.5,265,35.169876,-106.35988,7074.835
2020-04-26T00:00:00,224.97,265,35.169876,-106.35988,7074.835
2019-10-29T00:00:00,225.18,265,35.169876,-106.35988,7074.835
2019-07-23T00:00:00,229.09,265,35.169876,-106.35988,7074.835
2021-03-09T20:39:25,222.79,265,35.169876,-106.35988,7074.835
2021-10-24T19:56:13,226.39,265,35.169876,-106.35988,7074.835
2023-04-03T22:35:50,227.52,265,35.169876,-106.35988,7074.835
2023-08-04T18:19:58,190.65,265,35.169876,-106.35988,7074.835
2023-11-09T21:39:47,200.98,265,35.169876,-106.35988,7074.835
2023-12-07T20:45:11,200.34,265,35.169876,-106.35988,7074.835
2024-01-16T23:54:36,206.22,265,35.169876,-106.35988,7074.835
2024-02-07T17:14:20,210.82,265,35.169876,-106.35988,7074.835
2024-02-15T22:47:00,211.37,265,35.169876,-106.35988,7074.835
2024-03-26T14:31:11,214.49,265,35.169876,-106.35988,7074.835
2024-04-10T19:18:05,214.92,265,35.169876,-106.35988,7074.835
2024-05-07T16:38:00,216.18,265,35.169876,-106.35988,7074.835
2024-06-13T21:15:06,217.15,265,35.169876,-106.35988,7074.835
2024-07-31T14:42:30,218.57,265,35.169876,-106.35988,7074.835
2024-08-13T20:52:09,219.17,265,35.169876,-106.35988,7074.835
2024-09-17T14:56:00,216.77,265,35.169876,-106.35988,7074.835
2024-10-08T17:17:08,219.23,265,35.169876,-106.35988,7074.835
2024-11-05T20:45:00,219.26,265,35.169876,-106.35988,7074.835
2024-12-12T20:19:07,218.8,265,35.169876,-106.35988,7074.835
2025-01-13T20:43:32,219.4,265,35.169876,-106.35988,7074.835
2025-02-03T20:14:17,219.31,265,35.169876,-106.35988,7074.835
2025-03-19T23:42:19,210.11,265,35.169876,-106.35988,7074.835
2025-04-08T18:57:43,220.32,265,35.169876,-106.35988,7074.835
2025-05-05T17:55:11,220.74,265,35.169876,-106.35988,7074.835
2025-06-10T21:14:25,221.69,265,35.169876,-106.35988,7074.835
2025-07-17T19:48:24,222.14,265,35.169876,-106.35988,7074.835
2025-08-06T16:58:53,222.89,265,35.169876,-106.35988,7074.835
2025-09-11T16:11:07,223.32,265,35.169876,-106.35988,7074.835
2020-11-05T00:00:00,148.2,415,35.1699722,-106.3599972,7081.205
2020-07-26T00:00:00,149.2,415,35.1699722,-106.3599972,7081.205
2020-04-26T00:00:00,150.8,415,35.1699722,-106.3599972,7081.205
2019-10-29T00:00:00,148.5,415,35.1699722,-106.3599972,7081.205
2019-07-23T00:00:00,149.4,415,35.1699722,-106.3599972,7081.205
2021-03-09T20:39:07,148.1,415,35.1699722,-106.3599972,7081.205
2021-10-24T19:53:41,151.6,415,35.1699722,-106.3599972,7081.205
2023-04-03T22:40:36,153.93,415,35.1699722,-106.3599972,7081.205
2024-03-26T14:52:55,141.37,415,35.1699722,-106.3599972,7081.205
2025-03-19T23:42:53,148.25,415,35.1699722,-106.3599972,7081.205
2020-11-01T00:00:00,171.7,225,35.136983,-106.369314,6910.773
2020-07-25T00:00:00,170.01,225,35.136983,-106.369314,6910.773
2020-04-25T00:00:00,161.8,225,35.136983,-106.369314,6910.773
2021-03-07T19:41:24,171.1,225,35.136983,-106.369314,6910.773
2021-10-20T19:13:09,177.1,225,35.136983,-106.369314,6910.773
2023-03-27T17:12:19,165.63,225,35.136983,-106.369314,6910.773
2024-03-01T16:25:20,162.51,225,35.136983,-106.369314,6910.773
2025-03-03T18:18:05,172.7,225,35.136983,-106.369314,6910.773
2020-11-05T00:00:00,188.3,0,35.1668028,-106.3490833,6861.182
2020-07-26T00:00:00,180.95,0,35.1668028,-106.3490833,6861.182
2020-04-26T00:00:00,172.8,0,35.1668028,-106.3490833,6861.182
2019-10-29T00:00:00,175.05,0,35.1668028,-106.3490833,6861.182
2019-08-01T00:00:00,172.4,0,35.1668028,-106.3490833,6861.182
2021-03-11T17:33:50,190.6,0,35.1668028,-106.3490833,6861.182
2021-10-27T16:16:10,201.1,0,35.1668028,-106.3490833,6861.182
2023-08-04T20:12:09,209.38,0,35.1668028,-106.3490833,6861.182
2024-03-13T18:04:00,211.4,0,35.1668028,-106.3490833,6861.182
2025-03-28T16:23:09,201.61,0,35.1668028,-106.3490833,6861.182
2020-11-08T00:00:00,254.8,500,35.1305639,-106.3707944,6987.177
2021-03-07T18:05:31,255.4,500,35.1305639,-106.3707944,6987.177
2021-10-20T21:16:35,262,500,35.1305639,-106.3707944,6987.177
2023-03-27T15:12:23,261.54,500,35.1305639,-106.3707944,6987.177
2024-03-01T17:32:27,250.3,500,35.1305639,-106.3707944,6987.177
2025-03-03T16:41:28,254.86,500,35.1305639,-106.3707944,6987.177
2023-03-28T16:55:50,279,273,35.149313,-106.362262,6999.271
2024-04-11T21:27:55,265.59,273,35.149313,-106.362262,6999.271
2024-04-11T22:19:23,247.24,300,35.160833,-106.353003,6889.886
2025-03-03T19:05:00,243.78,300,35.160833,-106.353003,6889.886
2024-07-16T18:40:00,33.98,125,35.104315,-106.387646,6829.14
2024-11-20T16:40:00,224.66,360,35.128247,-106.372525,6969.355
2025-03-03T16:09:59,222.88,360,35.128247,-106.372525,6969.355
2025-03-04T22:12:12,132,220,35.156627,-106.354719,6891.94
2020-11-08T00:00:00,328.1,600,34.985373,-106.324903,7561.178
2020-08-02T00:00:00,357.8,600,34.985373,-106.324903,7561.178
2020-05-02T00:00:00,357.1,600,34.985373,-106.324903,7561.178
2019-11-03T00:00:00,326,600,34.985373,-106.324903,7561.178
2019-07-25T00:00:00,350.6,600,34.985373,-106.324903,7561.178
2019-04-29T00:00:00,348.4,600,34.985373,-106.324903,7561.178
2018-09-24T00:00:00,348,600,34.985373,-106.324903,7561.178
2018-04-08T00:00:00,347,600,34.985373,-106.324903,7561.178
2017-10-03T00:00:00,348.3,600,34.985373,-106.324903,7561.178
2017-06-26T00:00:00,344.4,600,34.985373,-106.324903,7561.178
2017-02-02T00:00:00,368.8,600,34.985373,-106.324903,7561.178
2016-06-15T00:00:00,335.4,600,34.985373,-106.324903,7561.178
2016-03-14T00:00:00,334,600,34.985373,-106.324903,7561.178
2015-12-07T00:00:00,363.8,600,34.985373,-106.324903,7561.178
2015-09-08T00:00:00,332.9,600,34.985373,-106.324903,7561.178
2015-06-08T00:00:00,331.2,600,34.985373,-106.324903,7561.178
2015-03-10T00:00:00,331.1,600,34.985373,-106.324903,7561.178
2014-12-09T00:00:00,331.1,600,34.985373,-106.324903,7561.178
2014-09-24T00:00:00,323.2,600,34.985373,-106.324903,7561.178
2014-06-11T00:00:00,329.6,600,34.985373,-106.324903,7561.178
2014-03-11T00:00:00,340.6,600,34.985373,-106.324903,7561.178
2013-12-26T00:00:00,327.2,600,34.985373,-106.324903,7561.178
2013-06-18T00:00:00,326.6,600,34.985373,-106.324903,7561.178
2013-03-25T00:00:00,324.8,600,34.985373,-106.324903,7561.178
2012-12-13T00:00:00,324.9,600,34.985373,-106.324903,7561.178
2012-09-17T00:00:00,324.9,600,34.985373,-106.324903,7561.178
2012-06-11T00:00:00,321.6,600,34.985373,-106.324903,7561.178
2012-03-12T00:00:00,319.9,600,34.985373,-106.324903,7561.178
2011-05-09T00:00:00,324.4,600,34.985373,-106.324903,7561.178
2021-03-14T20:38:40,326,600,34.985373,-106.324903,7561.178
2021-11-10T15:50:16,373.7,600,34.985373,-106.324903,7561.178
2023-08-03T21:47:21,331.4,600,34.985373,-106.324903,7561.178
2024-04-02T20:52:29,325,600,34.985373,-106.324903,7561.178
2024-06-04T15:34:46,391.48,600,34.985373,-106.324903,7561.178
2024-07-26T17:11:19,371.63,600,34.985373,-106.324903,7561.178
2024-08-15T20:01:23,416.45,600,34.985373,-106.324903,7561.178
2024-09-12T17:47:52,366.56,600,34.985373,-106.324903,7561.178
2024-10-10T15:08:00,372.94,600,34.985373,-106.324903,7561.178
2024-11-14T18:52:40,367.35,600,34.985373,-106.324903,7561.178
2024-12-20T17:06:00,366.51,600,34.985373,-106.324903,7561.178
2025-01-16T17:22:00,377.2,600,34.985373,-106.324903,7561.178
2025-03-11T21:29:00,366.13,600,34.985373,-106.324903,7561.178
2025-04-09T19:40:31,368.81,600,34.985373,-106.324903,7561.178
2025-05-08T16:38:07,360.74,600,34.985373,-106.324903,7561.178
2025-06-18T17:40:47,364.08,600,34.985373,-106.324903,7561.178
2025-08-04T19:05:00,369.93,600,34.985373,-106.324903,7561.178
2025-09-04T16:17:16,359.96,600,34.985373,-106.324903,7561.178
2020-11-08T00:00:00,216.2,320,35.031982,-106.291134,7091.402
2020-08-02T00:00:00,216.1,320,35.031982,-106.291134,7091.402
2020-05-02T00:00:00,215.95,320,35.031982,-106.291134,7091.402
2019-11-03T00:00:00,215.1,320,35.031982,-106.291134,7091.402
2019-07-25T00:00:00,215.1,320,35.031982,-106.291134,7091.402
2019-04-25T00:00:00,214.6,320,35.031982,-106.291134,7091.402
2019-01-11T00:00:00,214.3,320,35.031982,-106.291134,7091.402
2018-09-24T00:00:00,214.05,320,35.031982,-106.291134,7091.402
2018-04-08T00:00:00,214.8,320,35.031982,-106.291134,7091.402
2017-10-03T00:00:00,216.08,320,35.031982,-106.291134,7091.402
2017-06-27T00:00:00,214.2,320,35.031982,-106.291134,7091.402
2017-02-01T00:00:00,213.62,320,35.031982,-106.291134,7091.402
2016-06-15T00:00:00,212.58,320,35.031982,-106.291134,7091.402
2016-03-14T00:00:00,212.62,320,35.031982,-106.291134,7091.402
2015-12-07T00:00:00,211.9,320,35.031982,-106.291134,7091.402
2015-09-09T00:00:00,211.63,320,35.031982,-106.291134,7091.402
2015-06-08T00:00:00,212.09,320,35.031982,-106.291134,7091.402
2015-03-10T00:00:00,211.69,320,35.031982,-106.291134,7091.402
2014-12-09T00:00:00,211.62,320,35.031982,-106.291134,7091.402
2014-09-24T00:00:00,211.26,320,35.031982,-106.291134,7091.402
2014-06-11T00:00:00,210.81,320,35.031982,-106.291134,7091.402
2014-03-12T00:00:00,210.32,320,35.031982,-106.291134,7091.402
2013-09-04T00:00:00,210.42,320,35.031982,-106.291134,7091.402
2013-06-18T00:00:00,210,320,35.031982,-106.291134,7091.402
2013-03-18T00:00:00,209.93,320,35.031982,-106.291134,7091.402
2012-12-13T00:00:00,209.6,320,35.031982,-106.291134,7091.402
2012-09-07T00:00:00,208.9,320,35.031982,-106.291134,7091.402
2012-06-07T00:00:00,206.57,320,35.031982,-106.291134,7091.402
2021-03-14T15:10:07,216.7,320,35.031982,-106.291134,7091.402
2021-11-06T15:35:41,218.1,320,35.031982,-106.291134,7091.402
2023-04-12T17:41:50,217.4,320,35.031982,-106.291134,7091.402
2023-11-08T20:50:28,216.2,320,35.031982,-106.291134,7091.402
2023-12-13T20:16:43,216.49,320,35.031982,-106.291134,7091.402
2024-01-17T21:09:38,216.2,320,35.031982,-106.291134,7091.402
2024-02-08T19:38:01,216.19,320,35.031982,-106.291134,7091.402
2024-03-21T18:44:11,216.66,320,35.031982,-106.291134,7091.402
2024-04-10T22:22:49,216.91,320,35.031982,-106.291134,7091.402
2024-05-09T17:34:00,217.34,320,35.031982,-106.291134,7091.402
2024-06-13T18:32:18,217.79,320,35.031982,-106.291134,7091.402
2024-07-25T18:27:25,217.89,320,35.031982,-106.291134,7091.402
2024-08-14T21:59:56,218.93,320,35.031982,-106.291134,7091.402
2024-09-12T20:57:14,218.06,320,35.031982,-106.291134,7091.402
2024-10-09T20:07:25,218.29,320,35.031982,-106.291134,7091.402
2024-11-14T22:08:00,218,320,35.031982,-106.291134,7091.402
2024-12-10T22:28:09,218.52,320,35.031982,-106.291134,7091.402
2025-01-15T20:04:33,217.08,320,35.031982,-106.291134,7091.402
2025-02-17T21:40:00,216.73,320,35.031982,-106.291134,7091.402
2025-03-12T17:30:08,216.71,320,35.031982,-106.291134,7091.402
2025-04-10T16:27:47,216.55,320,35.031982,-106.291134,7091.402
2025-06-17T20:04:05,216.09,320,35.031982,-106.291134,7091.402
2025-07-10T16:50:00,216.34,320,35.031982,-106.291134,7091.402
2025-08-06T20:28:00,216.01,320,35.031982,-106.291134,7091.402
2025-09-09T15:51:09,215.71,320,35.031982,-106.291134,7091.402
2020-11-10T00:00:00,44.85,85,35.101937,-106.34698,6533.048
2020-08-04T00:00:00,43.58,85,35.101937,-106.34698,6533.048
2020-04-30T00:00:00,40.38,85,35.101937,-106.34698,6533.048
2019-11-04T00:00:00,43.9,85,35.101937,-106.34698,6533.048
2019-07-31T00:00:00,40.01,85,35.101937,-106.34698,6533.048
2019-04-26T00:00:00,35.55,85,35.101937,-106.34698,6533.048
2019-01-17T00:00:00,42.1,85,35.101937,-106.34698,6533.048
2018-09-28T00:00:00,44.4,85,35.101937,-106.34698,6533.048
2018-04-09T00:00:00,40.33,85,35.101937,-106.34698,6533.048
2017-10-13T00:00:00,37.95,85,35.101937,-106.34698,6533.048
2017-06-23T00:00:00,36.42,85,35.101937,-106.34698,6533.048
2017-01-31T00:00:00,40.16,85,35.101937,-106.34698,6533.048
2016-06-14T00:00:00,39.08,85,35.101937,-106.34698,6533.048
2016-03-10T00:00:00,36.41,85,35.101937,-106.34698,6533.048
2015-12-08T00:00:00,37.7,85,35.101937,-106.34698,6533.048
2015-09-08T00:00:00,36.55,85,35.101937,-106.34698,6533.048
2015-06-04T00:00:00,34.12,85,35.101937,-106.34698,6533.048
2015-03-09T00:00:00,37.52,85,35.101937,-106.34698,6533.048
2014-12-08T00:00:00,40.2,85,35.101937,-106.34698,6533.048
2014-09-04T00:00:00,40.55,85,35.101937,-106.34698,6533.048
2014-06-10T00:00:00,40.06,85,35.101937,-106.34698,6533.048
2014-03-11T00:00:00,38.47,85,35.101937,-106.34698,6533.048
2013-12-11T00:00:00,38.35,85,35.101937,-106.34698,6533.048
2013-09-03T00:00:00,42.11,85,35.101937,-106.34698,6533.048
2013-06-17T00:00:00,43.11,85,35.101937,-106.34698,6533.048
2013-03-14T00:00:00,40.79,85,35.101937,-106.34698,6533.048
2012-12-12T00:00:00,41,85,35.101937,-106.34698,6533.048
2012-09-08T00:00:00,39.83,85,35.101937,-106.34698,6533.048
2012-06-06T00:00:00,35.68,85,35.101937,-106.34698,6533.048
2021-03-21T14:26:03,48.36,85,35.101937,-106.34698,6533.048
2021-12-15T15:20:03,47.2,85,35.101937,-106.34698,6533.048
2023-03-22T14:23:39,41.8,85,35.101937,-106.34698,6533.048
2023-11-08T18:13:50,42.4,85,35.101937,-106.34698,6533.048
2023-12-13T18:20:56,43.03,85,35.101937,-106.34698,6533.048
2024-01-11T21:44:24,42.09,85,35.101937,-106.34698,6533.048
2024-02-08T20:25:25,42.05,85,35.101937,-106.34698,6533.048
2024-03-12T23:05:36,41.73,85,35.101937,-106.34698,6533.048
2024-04-09T19:02:07,39.44,85,35.101937,-106.34698,6533.048
2024-05-08T17:27:00,38.97,85,35.101937,-106.34698,6533.048
2024-06-12T21:55:42,39.99,85,35.101937,-106.34698,6533.048
2024-07-24T16:44:50,41.1,85,35.101937,-106.34698,6533.048
2024-08-14T15:00:14,41.69,85,35.101937,-106.34698,6533.048
2024-09-11T20:44:04,42.12,85,35.101937,-106.34698,6533.048
2024-10-10T17:20:00,42.92,85,35.101937,-106.34698,6533.048
2024-11-13T22:58:04,42.43,85,35.101937,-106.34698,6533.048
2024-12-11T17:37:52,41.95,85,35.101937,-106.34698,6533.048
2025-01-15T22:08:51,42.09,85,35.101937,-106.34698,6533.048
2025-02-07T19:39:45,40.88,85,35.101937,-106.34698,6533.048
2025-04-09T17:13:50,43.18,85,35.101937,-106.34698,6533.048
2025-05-07T21:24:26,42.89,85,35.101937,-106.34698,6533.048
2025-06-17T15:56:56,42.44,85,35.101937,-106.34698,6533.048
2025-07-11T14:40:00,42.69,85,35.101937,-106.34698,6533.048
2025-08-07T15:00:55,42.62,85,35.101937,-106.34698,6533.048
2025-09-09T18:33:40,43,85,35.101937,-106.34698,6533.048
2020-10-31T00:00:00,60.4,0,35.078834,-106.384564,6321.734
2020-07-24T00:00:00,61.1,0,35.078834,-106.384564,6321.734
2020-04-24T00:00:00,58.58,0,35.078834,-106.384564,6321.734
2019-10-27T00:00:00,60.66,0,35.078834,-106.384564,6321.734
2019-07-21T00:00:00,60.08,0,35.078834,-106.384564,6321.734
2019-04-16T00:00:00,58.12,0,35.078834,-106.384564,6321.734
2018-12-17T00:00:00,59.53,0,35.078834,-106.384564,6321.734
2018-09-12T00:00:00,59.95,0,35.078834,-106.384564,6321.734
2018-04-02T00:00:00,58.35,0,35.078834,-106.384564,6321.734
2017-10-02T00:00:00,58.88,0,35.078834,-106.384564,6321.734
2017-06-13T00:00:00,58.85,0,35.078834,-106.384564,6321.734
2017-01-19T00:00:00,58.18,0,35.078834,-106.384564,6321.734
2016-06-15T00:00:00,59.25,0,35.078834,-106.384564,6321.734
2016-03-14T00:00:00,56.19,0,35.078834,-106.384564,6321.734
2015-12-07T00:00:00,57.33,0,35.078834,-106.384564,6321.734
2015-09-09T00:00:00,59.43,0,35.078834,-106.384564,6321.734
2015-06-08T00:00:00,56.1,0,35.078834,-106.384564,6321.734
2015-03-10T00:00:00,55.53,0,35.078834,-106.384564,6321.734
2014-12-09T00:00:00,58.08,0,35.078834,-106.384564,6321.734
2014-09-24T00:00:00,57.88,0,35.078834,-106.384564,6321.734
2014-06-11T00:00:00,58.98,0,35.078834,-106.384564,6321.734
2014-03-12T00:00:00,57.29,0,35.078834,-106.384564,6321.734
2013-12-26T00:00:00,57.42,0,35.078834,-106.384564,6321.734
2013-09-04T00:00:00,59.73,0,35.078834,-106.384564,6321.734
2013-06-18T00:00:00,60.17,0,35.078834,-106.384564,6321.734
2013-03-18T00:00:00,59.32,0,35.078834,-106.384564,6321.734
2021-03-06T21:12:29,59.7,0,35.078834,-106.384564,6321.734
2021-10-18T19:00:21,60.05,0,35.078834,-106.384564,6321.734
2023-03-21T15:36:07,56.24,0,35.078834,-106.384564,6321.734
2024-04-12T17:11:36,57.48,0,35.078834,-106.384564,6321.734
2025-03-26T14:44:11,60.12,0,35.078834,-106.384564,6321.734
2020-11-08T00:00:00,131.05,180,35.011315,-106.256732,7057.874
2020-08-02T00:00:00,130,180,35.011315,-106.256732,7057.874
2020-05-02T00:00:00,129.5,180,35.011315,-106.256732,7057.874
2019-11-03T00:00:00,129.8,180,35.011315,-106.256732,7057.874
2019-07-25T00:00:00,129.9,180,35.011315,-106.256732,7057.874
2019-04-25T00:00:00,130.6,180,35.011315,-106.256732,7057.874
2019-01-11T00:00:00,130.6,180,35.011315,-106.256732,7057.874
2018-09-24T00:00:00,132.2,180,35.011315,-106.256732,7057.874
2018-04-08T00:00:00,132.1,180,35.011315,-106.256732,7057.874
2017-10-03T00:00:00,134.21,180,35.011315,-106.256732,7057.874
2017-06-27T00:00:00,131.7,180,35.011315,-106.256732,7057.874
2017-02-01T00:00:00,136.65,180,35.011315,-106.256732,7057.874
2016-06-15T00:00:00,129.6,180,35.011315,-106.256732,7057.874
2016-03-14T00:00:00,129.29,180,35.011315,-106.256732,7057.874
2015-12-07T00:00:00,129.83,180,35.011315,-106.256732,7057.874
2015-09-09T00:00:00,130.36,180,35.011315,-106.256732,7057.874
2015-06-08T00:00:00,130.54,180,35.011315,-106.256732,7057.874
2015-03-10T00:00:00,130.68,180,35.011315,-106.256732,7057.874
2014-12-09T00:00:00,131.2,180,35.011315,-106.256732,7057.874
2014-09-24T00:00:00,131.45,180,35.011315,-106.256732,7057.874
2014-06-11T00:00:00,134.87,180,35.011315,-106.256732,7057.874
2014-03-12T00:00:00,131.89,180,35.011315,-106.256732,7057.874
2013-12-26T00:00:00,132.02,180,35.011315,-106.256732,7057.874
2013-09-04T00:00:00,132.55,180,35.011315,-106.256732,7057.874
2013-06-18T00:00:00,131.4,180,35.011315,-106.256732,7057.874
2021-03-14T15:31:43,130.4,180,35.011315,-106.256732,7057.874
2021-11-06T15:59:44,131.5,180,35.011315,-106.256732,7057.874
2024-03-12T14:25:04,129.64,180,35.011315,-106.256732,7057.874
2025-03-12T18:14:56,131.74,180,35.011315,-106.256732,7057.874
2020-11-08T00:00:00,109.2,200,34.991798,-106.26024,7232.595
2020-08-02T00:00:00,100.8,200,34.991798,-106.26024,7232.595
2020-05-02T00:00:00,98.7,200,34.991798,-106.26024,7232.595
2019-11-03T00:00:00,101,200,34.991798,-106.26024,7232.595
2019-07-25T00:00:00,88.5,200,34.991798,-106.26024,7232.595
2019-04-25T00:00:00,89.5,200,34.991798,-106.26024,7232.595
2019-01-11T00:00:00,71,200,34.991798,-106.26024,7232.595
2018-09-24T00:00:00,89.8,200,34.991798,-106.26024,7232.595
2018-04-08T00:00:00,78.7,200,34.991798,-106.26024,7232.595
2017-10-03T00:00:00,87.66,200,34.991798,-106.26024,7232.595
2017-06-27T00:00:00,81.1,200,34.991798,-106.26024,7232.595
2017-02-01T00:00:00,69.9,200,34.991798,-106.26024,7232.595
2016-06-15T00:00:00,128.32,200,34.991798,-106.26024,7232.595
2015-12-07T00:00:00,116.24,200,34.991798,-106.26024,7232.595
2015-09-09T00:00:00,112.84,200,34.991798,-106.26024,7232.595
2015-06-08T00:00:00,117.47,200,34.991798,-106.26024,7232.595
2015-03-09T00:00:00,117.62,200,34.991798,-106.26024,7232.595
2014-12-09T00:00:00,117.49,200,34.991798,-106.26024,7232.595
2014-09-24T00:00:00,117.3,200,34.991798,-106.26024,7232.595
2014-06-11T00:00:00,115.41,200,34.991798,-106.26024,7232.595
2014-03-12T00:00:00,114.65,200,34.991798,-106.26024,7232.595
2013-12-26T00:00:00,113.86,200,34.991798,-106.26024,7232.595
2013-09-04T00:00:00,121.8,200,34.991798,-106.26024,7232.595
2021-03-14T16:04:02,104,200,34.991798,-106.26024,7232.595
2021-11-06T16:37:39,100.5,200,34.991798,-106.26024,7232.595
2023-04-12T18:27:50,67.5,200,34.991798,-106.26024,7232.595
2024-03-12T14:56:02,74.9,200,34.991798,-106.26024,7232.595
2025-03-12T17:40:17,59.8,200,34.991798,-106.26024,7232.595
2020-11-10T00:00:00,156.4,275,35.079905,-106.373266,6443.136
2020-07-24T00:00:00,154.5,275,35.079905,-106.373266,6443.136
2020-04-24T00:00:00,151.5,275,35.079905,-106.373266,6443.136
2019-10-27T00:00:00,159,275,35.079905,-106.373266,6443.136
2019-07-21T00:00:00,166.05,275,35.079905,-106.373266,6443.136
2019-04-26T00:00:00,161.7,275,35.079905,-106.373266,6443.136
2018-12-17T00:00:00,160.1,275,35.079905,-106.373266,6443.136
2018-09-05T00:00:00,162.8,275,35.079905,-106.373266,6443.136
2018-04-09T00:00:00,154.15,275,35.079905,-106.373266,6443.136
2017-10-13T00:00:00,156.6,275,35.079905,-106.373266,6443.136
2017-06-27T00:00:00,151.05,275,35.079905,-106.373266,6443.136
2017-01-19T00:00:00,146.36,275,35.079905,-106.373266,6443.136
2016-06-14T00:00:00,145.03,275,35.079905,-106.373266,6443.136
2016-03-10T00:00:00,141.31,275,35.079905,-106.373266,6443.136
2015-12-08T00:00:00,143.54,275,35.079905,-106.373266,6443.136
2015-09-08T00:00:00,144.48,275,35.079905,-106.373266,6443.136
2015-06-04T00:00:00,141.86,275,35.079905,-106.373266,6443.136
2015-03-09T00:00:00,141.89,275,35.079905,-106.373266,6443.136
2014-12-08T00:00:00,144.21,275,35.079905,-106.373266,6443.136
2014-09-24T00:00:00,144.73,275,35.079905,-106.373266,6443.136
2014-06-10T00:00:00,143.63,275,35.079905,-106.373266,6443.136
2014-03-11T00:00:00,139.8,275,35.079905,-106.373266,6443.136
2013-12-26T00:00:00,141.18,275,35.079905,-106.373266,6443.136
2021-03-06T21:25:08,152.1,275,35.079905,-106.373266,6443.136
2021-11-10T21:37:44,155.1,275,35.079905,-106.373266,6443.136
2023-03-21T15:19:45,155.09,275,35.079905,-106.373266,6443.136
2024-04-12T15:20:54,152.86,275,35.079905,-106.373266,6443.136
2025-03-26T16:28:28,154.31,275,35.079905,-106.373266,6443.136
2020-11-08T00:00:00,164.8,247,34.9525543699,-106.242536373,7091.484
2020-08-02T00:00:00,163.1,247,34.9525543699,-106.242536373,7091.484
2020-05-02T00:00:00,161.1,247,34.9525543699,-106.242536373,7091.484
2019-11-03T00:00:00,159,247,34.9525543699,-106.242536373,7091.484
2019-07-25T00:00:00,156.5,247,34.9525543699,-106.242536373,7091.484
2019-04-25T00:00:00,156.2,247,34.9525543699,-106.242536373,7091.484
2018-09-24T00:00:00,160.6,247,34.9525543699,-106.242536373,7091.484
2018-04-08T00:00:00,158.9,247,34.9525543699,-106.242536373,7091.484
2017-10-03T00:00:00,159.18,247,34.9525543699,-106.242536373,7091.484
2017-06-27T00:00:00,156.95,247,34.9525543699,-106.242536373,7091.484
2017-02-01T00:00:00,155.1,247,34.9525543699,-106.242536373,7091.484
2016-06-15T00:00:00,153.12,247,34.9525543699,-106.242536373,7091.484
2021-03-14T16:29:13,165.2,247,34.9525543699,-106.242536373,7091.484
2021-11-06T17:12:13,168.5,247,34.9525543699,-106.242536373,7091.484
2023-04-04T21:23:14,172.43,247,34.9525543699,-106.242536373,7091.484
2024-03-12T20:45:37,170.92,247,34.9525543699,-106.242536373,7091.484
2020-11-08T00:00:00,272.6,400,34.9921667,-106.255075,7152.688
2020-08-02T00:00:00,272.1,400,34.9921667,-106.255075,7152.688
2020-05-02T00:00:00,272.6,400,34.9921667,-106.255075,7152.688
2019-11-03T00:00:00,272.9,400,34.9921667,-106.255075,7152.688
2019-07-25T00:00:00,272.7,400,34.9921667,-106.255075,7152.688
2019-04-25T00:00:00,272.7,400,34.9921667,-106.255075,7152.688
2019-01-11T00:00:00,272.5,400,34.9921667,-106.255075,7152.688
2018-09-24T00:00:00,272.6,400,34.9921667,-106.255075,7152.688
2021-03-14T15:50:17,272.1,400,34.9921667,-106.255075,7152.688
2021-11-06T16:23:21,274.6,400,34.9921667,-106.255075,7152.688
2023-04-04T21:48:24,277.05,400,34.9921667,-106.255075,7152.688
2024-03-12T15:23:37,278.91,400,34.9921667,-106.255075,7152.688
2025-03-12T18:44:58,279.55,400,34.9921667,-106.255075,7152.688
2020-11-10T00:00:00,141.1,300,35.0788306,-106.3748722,6430.058
2020-07-24T00:00:00,140.2,300,35.0788306,-106.3748722,6430.058
2020-04-24T00:00:00,136.8,300,35.0788306,-106.3748722,6430.058
2019-10-27T00:00:00,143.7,300,35.0788306,-106.3748722,6430.058
2019-07-21T00:00:00,152.8,300,35.0788306,-106.3748722,6430.058
2019-04-26T00:00:00,147.4,300,35.0788306,-106.3748722,6430.058
2019-01-17T00:00:00,145.5,300,35.0788306,-106.3748722,6430.058
2021-03-06T21:32:07,138.4,300,35.0788306,-106.3748722,6430.058
2021-11-10T22:20:34,140.7,300,35.0788306,-106.3748722,6430.058
2023-08-03T16:01:33,136.1,300,35.0788306,-106.3748722,6430.058
2023-11-08T17:26:38,142.66,300,35.0788306,-106.3748722,6430.058
2024-01-11T22:03:59,140.68,300,35.0788306,-106.3748722,6430.058
2024-02-08T21:01:57,139.75,300,35.0788306,-106.3748722,6430.058
2024-03-22T16:49:05,139.56,300,35.0788306,-106.3748722,6430.058
2024-04-08T20:29:46,139.4,300,35.0788306,-106.3748722,6430.058
2024-05-13T17:25:00,139.39,300,35.0788306,-106.3748722,6430.058
2024-06-13T20:17:11,141.29,300,35.0788306,-106.3748722,6430.058
2024-07-24T15:37:41,142.38,300,35.0788306,-106.3748722,6430.058
2024-10-10T18:00:00,142.69,300,35.0788306,-106.3748722,6430.058
2024-11-18T21:11:38,141.26,300,35.0788306,-106.3748722,6430.058
2024-12-11T20:09:38,141.13,300,35.0788306,-106.3748722,6430.058
2025-01-16T20:09:18,140.89,300,35.0788306,-106.3748722,6430.058
2025-02-10T22:26:39,140.5,300,35.0788306,-106.3748722,6430.058
2025-03-19T20:35:22,140.34,300,35.0788306,-106.3748722,6430.058
2025-04-09T19:09:09,140.77,300,35.0788306,-106.3748722,6430.058
2025-05-07T20:03:00,141.53,300,35.0788306,-106.3748722,6430.058
2025-06-23T16:31:36,145.55,300,35.0788306,-106.3748722,6430.058
2025-07-11T15:15:00,144.87,300,35.0788306,-106.3748722,6430.058
2025-08-08T18:07:10,144.43,300,35.0788306,-106.3748722,6430.058
2025-09-09T19:45:43,144.16,300,35.0788306,-106.3748722,6430.058
2021-03-20T18:01:14,223.7,350,35.084388,-106.367566,6535.563
2021-11-10T22:12:36,230.59,350,35.084388,-106.367566,6535.563
2023-08-03T16:06:59,235,350,35.084388,-106.367566,6535.563
2024-04-12T16:28:08,224.63,350,35.084388,-106.367566,6535.563
2025-03-26T16:06:57,228.13,350,35.084388,-106.367566,6535.563
2021-03-20T17:26:09,180.8,300,35.073629,-106.372294,6508.163
2021-11-10T21:58:39,183.2,300,35.073629,-106.372294,6508.163
2023-03-21T15:05:00,187.12,300,35.073629,-106.372294,6508.163
2024-04-12T14:44:57,185,300,35.073629,-106.372294,6508.163
2025-03-26T16:58:32,186.74,300,35.073629,-106.372294,6508.163
2023-08-03T20:40:00,155.49,303,35.084026,-106.370867,6445.978
2023-11-08T17:05:42,136.94,303,35.084026,-106.370867,6445.978
2024-04-12T15:50:51,158.5,303,35.084026,-106.370867,6445.978
2025-03-26T15:32:52,158.81,303,35.084026,-106.370867,6445.978
2025-03-12T19:07:57,486.82,500,35.069349,-106.269279,7022.818
2025-03-13T16:19:00,55.4,150,34.983595,-106.286289,7292.019
2025-04-02T22:40:00,105.7,120,35.097687,-106.361309,6513.722
2025-04-02T22:44:00,137.47,0,35.097668,-106.359535,6510.492
2020-08-02T00:00:00,26.7,40,34.934311,-106.30641,7443.251
2020-05-02T00:00:00,26.05,40,34.934311,-106.30641,7443.251
2019-11-03T00:00:00,27.08,40,34.934311,-106.30641,7443.251
2019-07-25T00:00:00,27.03,40,34.934311,-106.30641,7443.251
2019-04-25T00:00:00,26.41,40,34.934311,-106.30641,7443.251
2018-09-24T00:00:00,27.6,40,34.934311,-106.30641,7443.251
2018-04-08T00:00:00,26.6,40,34.934311,-106.30641,7443.251
2017-10-03T00:00:00,27.5,40,34.934311,-106.30641,7443.251
2017-06-26T00:00:00,27.58,40,34.934311,-106.30641,7443.251
2017-02-01T00:00:00,29.35,40,34.934311,-106.30641,7443.251
2016-06-15T00:00:00,27.33,40,34.934311,-106.30641,7443.251
2016-03-30T00:00:00,26.09,40,34.934311,-106.30641,7443.251
2015-12-07T00:00:00,29.02,40,34.934311,-106.30641,7443.251
2015-09-08T00:00:00,28.1,40,34.934311,-106.30641,7443.251
2015-06-08T00:00:00,29.53,40,34.934311,-106.30641,7443.251
2015-03-09T00:00:00,29.89,40,34.934311,-106.30641,7443.251
2014-12-09T00:00:00,29.9,40,34.934311,-106.30641,7443.251
2014-09-03T00:00:00,29.5,40,34.934311,-106.30641,7443.251
2014-06-11T00:00:00,29,40,34.934311,-106.30641,7443.251
2014-03-12T00:00:00,27.87,40,34.934311,-106.30641,7443.251
2013-09-04T00:00:00,28.13,40,34.934311,-106.30641,7443.251
2013-06-18T00:00:00,31.88,40,34.934311,-106.30641,7443.251
2013-03-18T00:00:00,31.35,40,34.934311,-106.30641,7443.251
2012-12-13T00:00:00,30.68,40,34.934311,-106.30641,7443.251
2012-09-17T00:00:00,30.38,40,34.934311,-106.30641,7443.251
2012-06-14T00:00:00,29.68,40,34.934311,-106.30641,7443.251
2012-03-06T00:00:00,30.14,40,34.934311,-106.30641,7443.251
2021-03-14T17:57:27,29.56,40,34.934311,-106.30641,7443.251
2021-11-03T23:05:00,31.27,40,34.934311,-106.30641,7443.251
2023-08-03T19:13:19,27.8,40,34.934311,-106.30641,7443.251
2023-12-13T20:54:54,29.62,40,34.934311,-106.30641,7443.251
2024-01-17T22:09:08,29.99,40,34.934311,-106.30641,7443.251
2024-02-01T22:13:39,30.04,40,34.934311,-106.30641,7443.251
2024-03-21T20:27:20,30.13,40,34.934311,-106.30641,7443.251
2024-04-08T19:48:04,29.15,40,34.934311,-106.30641,7443.251
2024-05-09T16:54:00,29.23,40,34.934311,-106.30641,7443.251
2024-06-03T22:32:06,29.47,40,34.934311,-106.30641,7443.251
2024-07-25T17:41:48,30.09,40,34.934311,-106.30641,7443.251
2024-08-14T17:26:00,31.29,40,34.934311,-106.30641,7443.251
2024-09-12T15:45:50,30.6,40,34.934311,-106.30641,7443.251
2024-10-09T20:56:00,30.75,40,34.934311,-106.30641,7443.251
2024-11-14T16:21:00,31.02,40,34.934311,-106.30641,7443.251
2024-12-10T18:52:12,31.22,40,34.934311,-106.30641,7443.251
2025-01-06T22:00:00,31.52,40,34.934311,-106.30641,7443.251
2025-02-10T17:29:33,31.79,40,34.934311,-106.30641,7443.251
2025-03-11T20:00:00,32.01,40,34.934311,-106.30641,7443.251
2025-04-07T19:44:45,32.22,40,34.934311,-106.30641,7443.251
2025-05-09T15:41:00,32.46,40,34.934311,-106.30641,7443.251
2025-06-16T17:14:46,32.7,40,34.934311,-106.30641,7443.251
2025-07-10T17:40:08,32.8,40,34.934311,-106.30641,7443.251
2025-08-04T08:03:00,32.86,40,34.934311,-106.30641,7443.251
2025-09-04T14:29:11,32.96,40,34.934311,-106.30641,7443.251
2020-11-08T00:00:00,398,400,34.951964,-106.335453,7397.424
2020-08-02T00:00:00,397.92,400,34.951964,-106.335453,7397.424
2020-05-02T00:00:00,397.9,400,34.951964,-106.335453,7397.424
2019-11-03T00:00:00,397.76,400,34.951964,-106.335453,7397.424
2019-07-25T00:00:00,397.61,400,34.951964,-106.335453,7397.424
2019-04-25T00:00:00,397.57,400,34.951964,-106.335453,7397.424
2019-01-11T00:00:00,398.6,400,34.951964,-106.335453,7397.424
2018-09-24T00:00:00,398.35,400,34.951964,-106.335453,7397.424
2018-04-08T00:00:00,397.12,400,34.951964,-106.335453,7397.424
2017-10-14T00:00:00,396.85,400,34.951964,-106.335453,7397.424
2017-06-28T00:00:00,396.58,400,34.951964,-106.335453,7397.424
2017-02-02T00:00:00,396.21,400,34.951964,-106.335453,7397.424
2016-04-21T00:00:00,395.35,400,34.951964,-106.335453,7397.424
2016-03-30T00:00:00,395.089,400,34.951964,-106.335453,7397.424
2015-09-08T00:00:00,394.206,400,34.951964,-106.335453,7397.424
2015-06-17T00:00:00,393.733,400,34.951964,-106.335453,7397.424
2015-03-10T00:00:00,393.121,400,34.951964,-106.335453,7397.424
2014-12-09T00:00:00,392.489,400,34.951964,-106.335453,7397.424
2014-09-24T00:00:00,391.912,400,34.951964,-106.335453,7397.424
2014-06-11T00:00:00,391.003,400,34.951964,-106.335453,7397.424
2014-03-12T00:00:00,390.132,400,34.951964,-106.335453,7397.424
2013-12-26T00:00:00,389.338,400,34.951964,-106.335453,7397.424
2013-09-04T00:00:00,388,400,34.951964,-106.335453,7397.424
2013-06-18T00:00:00,386.919,400,34.951964,-106.335453,7397.424
2013-03-18T00:00:00,385.652,400,34.951964,-106.335453,7397.424
2012-12-13T00:00:00,384.498,400,34.951964,-106.335453,7397.424
2012-09-07T00:00:00,383.035,400,34.951964,-106.335453,7397.424
2012-06-20T00:00:00,381.73,400,34.951964,-106.335453,7397.424
2012-03-06T00:00:00,380.62,400,34.951964,-106.335453,7397.424
2021-03-14T20:12:44,398.08,400,34.951964,-106.335453,7397.424
2021-11-06T21:23:54,398.2,400,34.951964,-106.335453,7397.424
2023-03-16T20:04:18,396.12,400,34.951964,-106.335453,7397.424
2024-03-11T22:11:39,378.73,400,34.951964,-106.335453,7397.424
2020-11-10T00:00:00,72.15,0,35.022115,-106.353031,7078.012
2020-08-04T00:00:00,82.98,0,35.022115,-106.353031,7078.012
2020-05-02T00:00:00,46.98,0,35.022115,-106.353031,7078.012
2019-11-03T00:00:00,61.95,0,35.022115,-106.353031,7078.012
2019-07-25T00:00:00,101.3,0,35.022115,-106.353031,7078.012
2019-04-25T00:00:00,36.24,0,35.022115,-106.353031,7078.012
2019-01-11T00:00:00,61.36,0,35.022115,-106.353031,7078.012
2018-09-29T00:00:00,53.74,0,35.022115,-106.353031,7078.012
2018-04-08T00:00:00,99,0,35.022115,-106.353031,7078.012
2017-10-14T00:00:00,33.2,0,35.022115,-106.353031,7078.012
2017-06-28T00:00:00,36.97,0,35.022115,-106.353031,7078.012
2017-02-02T00:00:00,34.12,0,35.022115,-106.353031,7078.012
2016-06-15T00:00:00,38.55,0,35.022115,-106.353031,7078.012
2016-03-14T00:00:00,33.75,0,35.022115,-106.353031,7078.012
2015-12-07T00:00:00,34.25,0,35.022115,-106.353031,7078.012
2015-09-09T00:00:00,34.19,0,35.022115,-106.353031,7078.012
2015-06-08T00:00:00,33.21,0,35.022115,-106.353031,7078.012
2015-03-10T00:00:00,33.12,0,35.022115,-106.353031,7078.012
2014-12-09T00:00:00,36.23,0,35.022115,-106.353031,7078.012
2014-09-24T00:00:00,34.33,0,35.022115,-106.353031,7078.012
2014-06-11T00:00:00,37.99,0,35.022115,-106.353031,7078.012
2014-03-12T00:00:00,37.66,0,35.022115,-106.353031,7078.012
2013-12-26T00:00:00,35.67,0,35.022115,-106.353031,7078.012
2013-09-04T00:00:00,32.84,0,35.022115,-106.353031,7078.012
2013-03-18T00:00:00,36.95,0,35.022115,-106.353031,7078.012
2012-12-13T00:00:00,38.89,0,35.022115,-106.353031,7078.012
2012-09-07T00:00:00,40.15,0,35.022115,-106.353031,7078.012
2012-06-07T00:00:00,33.97,0,35.022115,-106.353031,7078.012
2021-03-20T16:10:08,74.5,0,35.022115,-106.353031,7078.012
2021-11-10T20:10:12,74.08,0,35.022115,-106.353031,7078.012
2023-04-04T14:40:20,37.71,0,35.022115,-106.353031,7078.012
2024-03-12T16:31:43,68.67,0,35.022115,-106.353031,7078.012
2020-11-08T00:00:00,247.5,260,34.9669820487,-106.306576186,7349.925
2020-08-02T00:00:00,243.7,260,34.9669820487,-106.306576186,7349.925
2020-05-02T00:00:00,240.4,260,34.9669820487,-106.306576186,7349.925
2019-11-03T00:00:00,239.4,260,34.9669820487,-106.306576186,7349.925
2019-07-25T00:00:00,237.5,260,34.9669820487,-106.306576186,7349.925
2019-04-25T00:00:00,239.6,260,34.9669820487,-106.306576186,7349.925
2019-01-11T00:00:00,242.4,260,34.9669820487,-106.306576186,7349.925
2018-09-24T00:00:00,246,260,34.9669820487,-106.306576186,7349.925
2018-04-09T00:00:00,210,260,34.9669820487,-106.306576186,7349.925
2017-10-14T00:00:00,236.06,260,34.9669820487,-106.306576186,7349.925
2017-06-28T00:00:00,217,260,34.9669820487,-106.306576186,7349.925
2017-02-02T00:00:00,249.4,260,34.9669820487,-106.306576186,7349.925
2016-06-15T00:00:00,229.39,260,34.9669820487,-106.306576186,7349.925
2021-03-14T18:57:40,247,260,34.9669820487,-106.306576186,7349.925
2021-11-06T20:24:44,240.4,260,34.9669820487,-106.306576186,7349.925
2023-04-04T20:58:41,258.84,260,34.9669820487,-106.306576186,7349.925
2024-03-11T18:32:51,252,260,34.9669820487,-106.306576186,7349.925
2025-03-11T19:05:57,240.5,260,34.9669820487,-106.306576186,7349.925
2020-11-08T00:00:00,268.2,282,34.9774806,-106.3292972,7444.76
2020-08-02T00:00:00,268,282,34.9774806,-106.3292972,7444.76
2020-05-02T00:00:00,267.8,282,34.9774806,-106.3292972,7444.76
2019-11-03T00:00:00,267,282,34.9774806,-106.3292972,7444.76
2019-07-25T00:00:00,268.4,282,34.9774806,-106.3292972,7444.76
2019-04-25T00:00:00,266.9,282,34.9774806,-106.3292972,7444.76
2019-01-11T00:00:00,266.3,282,34.9774806,-106.3292972,7444.76
2018-09-24T00:00:00,266.2,282,34.9774806,-106.3292972,7444.76
2018-04-08T00:00:00,266.1,282,34.9774806,-106.3292972,7444.76
2017-10-14T00:00:00,263.28,282,34.9774806,-106.3292972,7444.76
2017-06-28T00:00:00,264.8,282,34.9774806,-106.3292972,7444.76
2017-02-02T00:00:00,264.4,282,34.9774806,-106.3292972,7444.76
2016-06-15T00:00:00,256.36,282,34.9774806,-106.3292972,7444.76
2021-03-14T19:51:58,268.1,282,34.9774806,-106.3292972,7444.76
2021-11-06T21:55:27,269.1,282,34.9774806,-106.3292972,7444.76
2023-04-04T18:25:26,277.7,282,34.9774806,-106.3292972,7444.76
2024-03-11T21:02:58,264.7,282,34.9774806,-106.3292972,7444.76
2020-11-08T00:00:00,264.4,464,34.9493028,-106.291922,7357.105
2020-08-02T00:00:00,263.9,464,34.9493028,-106.291922,7357.105
2020-05-02T00:00:00,263.7,464,34.9493028,-106.291922,7357.105
2019-11-03T00:00:00,255.2,464,34.9493028,-106.291922,7357.105
2019-04-25T00:00:00,252.2,464,34.9493028,-106.291922,7357.105
2019-01-11T00:00:00,250.1,464,34.9493028,-106.291922,7357.105
2018-09-24T00:00:00,249.9,464,34.9493028,-106.291922,7357.105
2018-04-08T00:00:00,250.1,464,34.9493028,-106.291922,7357.105
2017-10-14T00:00:00,248.1,464,34.9493028,-106.291922,7357.105
2017-02-02T00:00:00,246.2,464,34.9493028,-106.291922,7357.105
2021-03-14T17:13:09,265,464,34.9493028,-106.291922,7357.105
2021-11-06T18:17:27,271.1,464,34.9493028,-106.291922,7357.105
2023-03-16T18:51:40,263.12,464,34.9493028,-106.291922,7357.105
2024-03-11T16:01:41,269,464,34.9493028,-106.291922,7357.105
2020-11-08T00:00:00,136.6,225,34.9719583,-106.33455,7450.56
2020-08-02T00:00:00,134.8,225,34.9719583,-106.33455,7450.56
2020-05-02T00:00:00,134.4,225,34.9719583,-106.33455,7450.56
2019-11-03T00:00:00,135.2,225,34.9719583,-106.33455,7450.56
2019-07-25T00:00:00,136.4,225,34.9719583,-106.33455,7450.56
2019-04-25T00:00:00,137,225,34.9719583,-106.33455,7450.56
2019-01-11T00:00:00,137.1,225,34.9719583,-106.33455,7450.56
2018-09-24T00:00:00,136.3,225,34.9719583,-106.33455,7450.56
2021-03-14T20:03:41,137.2,225,34.9719583,-106.33455,7450.56
2021-11-06T21:42:13,139.3,225,34.9719583,-106.33455,7450.56
2023-04-04T19:12:20,136.96,225,34.9719583,-106.33455,7450.56
2025-03-11T17:18:28,133.59,225,34.9719583,-106.33455,7450.56
2020-11-08T00:00:00,253.7,350,34.973056,-106.329825,7416.322
2020-08-02T00:00:00,247.5,350,34.973056,-106.329825,7416.322
2021-03-14T19:59:29,250.4,350,34.973056,-106.329825,7416.322
2021-11-06T21:02:33,254.4,350,34.973056,-106.329825,7416.322
2023-04-04T18:59:25,255.2,350,34.973056,-106.329825,7416.322
2024-03-11T17:35:46,256.15,350,34.973056,-106.329825,7416.322
2020-11-08T00:00:00,508,530,34.9861778,-106.3383306,7651.913
2021-03-14T20:59:01,507,530,34.9861778,-106.3383306,7651.913
2021-11-06T22:19:40,507.6,530,34.9861778,-106.3383306,7651.913
2023-04-04T15:33:38,518.9,530,34.9861778,-106.3383306,7651.913
2024-03-11T15:30:29,514.61,530,34.9861778,-106.3383306,7651.913
2025-03-11T15:29:47,519.97,530,34.9861778,-106.3383306,7651.913
2020-11-10T00:00:00,367.5,500,35.0940083,-106.3616167,6674.676
2020-08-01T00:00:00,362.7,500,35.0940083,-106.3616167,6674.676
2020-04-30T00:00:00,351.7,500,35.0940083,-106.3616167,6674.676
2019-11-04T00:00:00,354.6,500,35.0940083,-106.3616167,6674.676
2019-07-31T00:00:00,348.6,500,35.0940083,-106.3616167,6674.676
2021-03-21T13:59:11,364.4,500,35.0940083,-106.3616167,6674.676
2021-11-10T22:32:18,374.1,500,35.0940083,-106.3616167,6674.676
2023-03-21T14:15:19,377.43,500,35.0940083,-106.3616167,6674.676
2024-03-19T21:04:31,365.63,500,35.0940083,-106.3616167,6674.676
2025-03-26T17:21:18,367.89,500,35.0940083,-106.3616167,6674.676
2020-11-10T00:00:00,287.4,500,35.09345,-106.360967,6665.968
2020-08-01T00:00:00,285.1,500,35.09345,-106.360967,6665.968
2020-04-30T00:00:00,281.7,500,35.09345,-106.360967,6665.968
2021-03-21T13:08:17,284.3,500,35.09345,-106.360967,6665.968
2021-11-10T22:36:49,290.5,500,35.09345,-106.360967,6665.968
2023-03-21T14:24:23,267.88,500,35.09345,-106.360967,6665.968
2024-03-19T21:15:26,286.25,500,35.09345,-106.360967,6665.968
2020-11-10T00:00:00,264.8,300,35.093497,-106.360925,6661.656
2020-08-01T00:00:00,264.1,300,35.093497,-106.360925,6661.656
2020-04-30T00:00:00,263.1,300,35.093497,-106.360925,6661.656
2021-03-21T14:15:57,263.7,300,35.093497,-106.360925,6661.656
2021-11-10T22:42:01,271.1,300,35.093497,-106.360925,6661.656
2023-03-21T14:33:24,287.59,300,35.093497,-106.360925,6661.656
2024-03-19T21:54:24,285.79,300,35.093497,-106.360925,6661.656
2020-10-31T00:00:00,144.6,220,35.071764,-106.459859,6132.815
2020-07-24T00:00:00,141.4,220,35.071764,-106.459859,6132.815
2020-04-24T00:00:00,136.4,220,35.071764,-106.459859,6132.815
2019-10-27T00:00:00,138.1,220,35.071764,-106.459859,6132.815
2019-07-21T00:00:00,139.1,220,35.071764,-106.459859,6132.815
2019-04-16T00:00:00,140.7,220,35.071764,-106.459859,6132.815
2018-12-17T00:00:00,136.9,220,35.071764,-106.459859,6132.815
2018-09-05T00:00:00,136.1,220,35.071764,-106.459859,6132.815
2018-04-02T00:00:00,132,220,35.071764,-106.459859,6132.815
2017-09-29T00:00:00,130.67,220,35.071764,-106.459859,6132.815
2017-06-12T00:00:00,129.24,220,35.071764,-106.459859,6132.815
2017-01-18T00:00:00,125.23,220,35.071764,-106.459859,6132.815
2016-06-08T00:00:00,117.47,220,35.071764,-106.459859,6132.815
2016-03-15T00:00:00,115.2,220,35.071764,-106.459859,6132.815
2015-12-11T00:00:00,113.29,220,35.071764,-106.459859,6132.815
2015-09-04T00:00:00,111.68,220,35.071764,-106.459859,6132.815
2015-06-12T00:00:00,110.18,220,35.071764,-106.459859,6132.815
2015-03-06T00:00:00,111.45,220,35.071764,-106.459859,6132.815
2014-12-12T00:00:00,106.59,220,35.071764,-106.459859,6132.815
2014-09-05T00:00:00,105.58,220,35.071764,-106.459859,6132.815
2014-06-05T00:00:00,106.51,220,35.071764,-106.459859,6132.815
2014-03-05T00:00:00,115,220,35.071764,-106.459859,6132.815
2013-12-19T00:00:00,104.7,220,35.071764,-106.459859,6132.815
2013-09-06T00:00:00,108.13,220,35.071764,-106.459859,6132.815
2013-06-14T00:00:00,103.49,220,35.071764,-106.459859,6132.815
2013-03-22T00:00:00,100.04,220,35.071764,-106.459859,6132.815
2012-12-17T00:00:00,98.23,220,35.071764,-106.459859,6132.815
2021-03-06T17:13:07,142.95,220,35.071764,-106.459859,6132.815
2021-10-18T17:47:37,146.2,220,35.071764,-106.459859,6132.815
2023-03-15T17:51:15,156.9,220,35.071764,-106.459859,6132.815
2023-11-08T15:33:19,160.6,220,35.071764,-106.459859,6132.815
2023-12-12T15:35:25,160.93,220,35.071764,-106.459859,6132.815
2024-01-11T23:23:51,162.46,220,35.071764,-106.459859,6132.815
2024-02-06T17:11:55,161.61,220,35.071764,-106.459859,6132.815
2024-03-05T15:38:32,161.98,220,35.071764,-106.459859,6132.815
2024-04-10T14:45:24,162.23,220,35.071764,-106.459859,6132.815
2024-07-16T15:06:59,167.18,220,35.071764,-106.459859,6132.815
2024-08-13T14:46:27,165.25,220,35.071764,-106.459859,6132.815
2024-09-10T15:07:11,166.2,220,35.071764,-106.459859,6132.815
2024-10-11T19:40:00,165.9,220,35.071764,-106.459859,6132.815
2024-11-19T16:37:27,167.92,220,35.071764,-106.459859,6132.815
2024-12-13T16:34:34,168.43,220,35.071764,-106.459859,6132.815
2025-01-16T22:15:31,168.6,220,35.071764,-106.459859,6132.815
2025-03-18T22:22:09,169,220,35.071764,-106.459859,6132.815
2025-04-10T18:14:38,169.99,220,35.071764,-106.459859,6132.815
2025-05-09T19:55:00,169.89,220,35.071764,-106.459859,6132.815
2025-06-23T22:18:14,175.18,220,35.071764,-106.459859,6132.815
2025-07-11T20:30:00,176.51,220,35.071764,-106.459859,6132.815
2025-08-11T18:54:06,177.38,220,35.071764,-106.459859,6132.815
2025-09-16T17:56:02,179.57,220,35.071764,-106.459859,6132.815
2025-09-18T13:52:26,179.6,220,35.071764,-106.459859,6132.815
2020-10-31T00:00:00,267.8,600,35.070375,-106.460937,6065.565
2020-07-24T00:00:00,272.5,600,35.070375,-106.460937,6065.565
2020-04-24T00:00:00,264.6,600,35.070375,-106.460937,6065.565
2019-10-27T00:00:00,268.6,600,35.070375,-106.460937,6065.565
2019-07-21T00:00:00,274.7,600,35.070375,-106.460937,6065.565
2019-04-16T00:00:00,268.2,600,35.070375,-106.460937,6065.565
2018-12-17T00:00:00,274.4,600,35.070375,-106.460937,6065.565
2018-09-05T00:00:00,277.8,600,35.070375,-106.460937,6065.565
2018-04-02T00:00:00,274.6,600,35.070375,-106.460937,6065.565
2017-09-29T00:00:00,272.2,600,35.070375,-106.460937,6065.565
2017-06-12T00:00:00,267.5,600,35.070375,-106.460937,6065.565
2017-01-18T00:00:00,262,600,35.070375,-106.460937,6065.565
2016-06-08T00:00:00,261.6,600,35.070375,-106.460937,6065.565
2016-03-15T00:00:00,260.4,600,35.070375,-106.460937,6065.565
2015-12-11T00:00:00,265.4,600,35.070375,-106.460937,6065.565
2015-09-04T00:00:00,268,600,35.070375,-106.460937,6065.565
2015-06-12T00:00:00,261,600,35.070375,-106.460937,6065.565
2015-03-06T00:00:00,258.9,600,35.070375,-106.460937,6065.565
2014-12-12T00:00:00,262.1,600,35.070375,-106.460937,6065.565
2014-09-15T00:00:00,266.4,600,35.070375,-106.460937,6065.565
2021-03-06T16:51:45,277.1,600,35.070375,-106.460937,6065.565
2024-03-20T18:33:32,272.41,600,35.070375,-106.460937,6065.565
2025-03-01T16:55:12,281.68,600,35.070375,-106.460937,6065.565
2020-10-31T00:00:00,239.5,400,35.06918,-106.460066,6025.839
2020-07-24T00:00:00,230.4,400,35.06918,-106.460066,6025.839
2020-04-24T00:00:00,223.3,400,35.06918,-106.460066,6025.839
2019-10-27T00:00:00,238.7,400,35.06918,-106.460066,6025.839
2019-07-21T00:00:00,230.3,400,35.06918,-106.460066,6025.839
2019-04-16T00:00:00,228.1,400,35.06918,-106.460066,6025.839
2018-12-17T00:00:00,231.9,400,35.06918,-106.460066,6025.839
2018-09-05T00:00:00,236.8,400,35.06918,-106.460066,6025.839
2018-04-02T00:00:00,232.5,400,35.06918,-106.460066,6025.839
2017-09-29T00:00:00,230.65,400,35.06918,-106.460066,6025.839
2017-06-12T00:00:00,223.2,400,35.06918,-106.460066,6025.839
2017-01-18T00:00:00,220,400,35.06918,-106.460066,6025.839
2016-06-08T00:00:00,218.3,400,35.06918,-106.460066,6025.839
2016-03-15T00:00:00,217.5,400,35.06918,-106.460066,6025.839
2015-12-11T00:00:00,221.9,400,35.06918,-106.460066,6025.839
2015-09-04T00:00:00,224.2,400,35.06918,-106.460066,6025.839
2015-06-12T00:00:00,218.28,400,35.06918,-106.460066,6025.839
2015-03-06T00:00:00,215.11,400,35.06918,-106.460066,6025.839
2021-03-06T16:42:54,237.8,400,35.06918,-106.460066,6025.839
2021-10-18T17:27:46,238.1,400,35.06918,-106.460066,6025.839
2024-03-20T17:50:53,240.3,400,35.06918,-106.460066,6025.839
2025-03-01T17:41:20,238.02,400,35.06918,-106.460066,6025.839
2020-10-31T00:00:00,206.64,420,35.0681156718,-106.459316215,5991.453
2020-07-24T00:00:00,197.45,420,35.0681156718,-106.459316215,5991.453
2020-04-24T00:00:00,190,420,35.0681156718,-106.459316215,5991.453
2019-10-27T00:00:00,194.42,420,35.0681156718,-106.459316215,5991.453
2019-07-21T00:00:00,195.5,420,35.0681156718,-106.459316215,5991.453
2019-04-16T00:00:00,195.14,420,35.0681156718,-106.459316215,5991.453
2018-12-17T00:00:00,199.6,420,35.0681156718,-106.459316215,5991.453
2018-09-05T00:00:00,202.84,420,35.0681156718,-106.459316215,5991.453
2018-04-02T00:00:00,185,420,35.0681156718,-106.459316215,5991.453
2017-09-29T00:00:00,197.27,420,35.0681156718,-106.459316215,5991.453
2017-06-12T00:00:00,189.63,420,35.0681156718,-106.459316215,5991.453
2017-01-18T00:00:00,187.92,420,35.0681156718,-106.459316215,5991.453
2016-06-08T00:00:00,185.09,420,35.0681156718,-106.459316215,5991.453
2016-03-15T00:00:00,184.77,420,35.0681156718,-106.459316215,5991.453
2015-12-11T00:00:00,188.84,420,35.0681156718,-106.459316215,5991.453
2015-09-04T00:00:00,192.22,420,35.0681156718,-106.459316215,5991.453
2021-03-06T16:28:39,202.74,420,35.0681156718,-106.459316215,5991.453
2021-10-18T17:17:09,206.73,420,35.0681156718,-106.459316215,5991.453
2023-03-15T19:06:05,197.62,420,35.0681156718,-106.459316215,5991.453
2023-12-12T15:51:57,199.6,420,35.0681156718,-106.459316215,5991.453
2024-01-11T23:00:02,198.37,420,35.0681156718,-106.459316215,5991.453
2024-02-06T17:26:25,200.1,420,35.0681156718,-106.459316215,5991.453
2024-03-05T15:20:16,197.6,420,35.0681156718,-106.459316215,5991.453
2024-04-04T14:44:06,197.04,420,35.0681156718,-106.459316215,5991.453
2024-05-08T17:20:00,196.21,420,35.0681156718,-106.459316215,5991.453
2024-06-10T16:54:01,198.1,420,35.0681156718,-106.459316215,5991.453
2024-07-16T15:20:45,201.21,420,35.0681156718,-106.459316215,5991.453
2024-08-13T15:02:46,201.94,420,35.0681156718,-106.459316215,5991.453
2024-09-10T15:35:11,205.92,420,35.0681156718,-106.459316215,5991.453
2024-10-09T22:18:53,204.43,420,35.0681156718,-106.459316215,5991.453
2024-11-19T16:55:56,205.15,420,35.0681156718,-106.459316215,5991.453
2024-12-13T16:54:30,205.48,420,35.0681156718,-106.459316215,5991.453
2025-01-16T22:28:06,205.81,420,35.0681156718,-106.459316215,5991.453
2025-02-06T17:22:00,205.51,420,35.0681156718,-106.459316215,5991.453
2025-03-01T21:07:11,202.92,420,35.0681156718,-106.459316215,5991.453
2025-04-10T18:26:36,205.38,420,35.0681156718,-106.459316215,5991.453
2025-05-09T19:53:00,207.6,420,35.0681156718,-106.459316215,5991.453
2025-06-12T22:20:43,207.95,420,35.0681156718,-106.459316215,5991.453
2025-07-11T19:15:00,210.91,420,35.0681156718,-106.459316215,5991.453
2025-08-11T19:04:01,211.94,420,35.0681156718,-106.459316215,5991.453
2020-10-31T00:00:00,171.1,285,35.0672848266,-106.459516467,5946.033
2020-07-24T00:00:00,167.1,285,35.0672848266,-106.459516467,5946.033
2020-04-24T00:00:00,150.5,285,35.0672848266,-106.459516467,5946.033
2019-10-27T00:00:00,155.3,285,35.0672848266,-106.459516467,5946.033
2019-07-21T00:00:00,168.1,285,35.0672848266,-106.459516467,5946.033
2019-04-16T00:00:00,150.45,285,35.0672848266,-106.459516467,5946.033
2018-12-17T00:00:00,163.1,285,35.0672848266,-106.459516467,5946.033
2018-09-05T00:00:00,172.1,285,35.0672848266,-106.459516467,5946.033
2018-04-02T00:00:00,162.3,285,35.0672848266,-106.459516467,5946.033
2017-09-29T00:00:00,158.61,285,35.0672848266,-106.459516467,5946.033
2017-06-12T00:00:00,157.46,285,35.0672848266,-106.459516467,5946.033
2017-01-18T00:00:00,149.45,285,35.0672848266,-106.459516467,5946.033
2016-06-08T00:00:00,151.77,285,35.0672848266,-106.459516467,5946.033
2021-03-06T16:22:14,166.7,285,35.0672848266,-106.459516467,5946.033
2021-10-18T17:06:02,176.1,285,35.0672848266,-106.459516467,5946.033
2023-03-15T19:31:50,172,285,35.0672848266,-106.459516467,5946.033
2024-03-20T17:36:26,192.6,285,35.0672848266,-106.459516467,5946.033
2025-03-01T17:59:27,172.02,285,35.0672848266,-106.459516467,5946.033
2020-10-31T00:00:00,165,305,35.0713281966,-106.460754794,6111.284
2020-07-24T00:00:00,154.1,305,35.0713281966,-106.460754794,6111.284
2020-04-24T00:00:00,131.8,305,35.0713281966,-106.460754794,6111.284
2019-10-27T00:00:00,140,305,35.0713281966,-106.460754794,6111.284
2019-07-21T00:00:00,131.2,305,35.0713281966,-106.460754794,6111.284
2019-04-16T00:00:00,131.4,305,35.0713281966,-106.460754794,6111.284
2018-12-17T00:00:00,137.2,305,35.0713281966,-106.460754794,6111.284
2018-09-05T00:00:00,140.5,305,35.0713281966,-106.460754794,6111.284
2018-04-02T00:00:00,127.1,305,35.0713281966,-106.460754794,6111.284
2017-09-29T00:00:00,133.33,305,35.0713281966,-106.460754794,6111.284
2017-06-12T00:00:00,149.86,305,35.0713281966,-106.460754794,6111.284
2017-01-18T00:00:00,124.08,305,35.0713281966,-106.460754794,6111.284
2016-06-08T00:00:00,118.76,305,35.0713281966,-106.460754794,6111.284
2016-03-15T00:00:00,115.2,305,35.0713281966,-106.460754794,6111.284
2021-03-06T17:03:05,149.2,305,35.0713281966,-106.460754794,6111.284
2021-10-18T17:35:43,157.4,305,35.0713281966,-106.460754794,6111.284
2024-03-20T18:54:35,160.12,305,35.0713281966,-106.460754794,6111.284
2025-03-01T16:02:38,172.79,305,35.0713281966,-106.460754794,6111.284
2021-10-18T16:39:51,116.8,380,35.065944,-106.460018,5893.094
2023-08-03T14:32:36,130.9,380,35.065944,-106.460018,5893.094
2024-03-20T17:08:08,115.79,380,35.065944,-106.460018,5893.094
2024-10-11T19:46:14,131.83,380,35.065944,-106.460018,5893.094
2024-11-19T17:18:39,127.98,380,35.065944,-106.460018,5893.094
2024-12-13T17:15:54,128.98,380,35.065944,-106.460018,5893.094
2025-01-17T21:43:24,128.65,380,35.065944,-106.460018,5893.094
2025-02-06T17:07:20,126.66,380,35.065944,-106.460018,5893.094
2025-03-01T21:26:43,126.88,380,35.065944,-106.460018,5893.094
2025-06-23T21:13:00,139.19,380,35.065944,-106.460018,5893.094
2025-07-11T19:30:00,138.71,380,35.065944,-106.460018,5893.094
2025-08-08T15:00:00,147.8,380,35.065944,-106.460018,5893.094
2021-11-10T20:20:52,106.4,165,35.025474,-106.355355,7077.808
2023-04-04T14:27:13,92.1,165,35.025474,-106.355355,7077.808
2024-03-12T16:45:37,103.27,165,35.025474,-106.355355,7077.808
2025-03-12T13:59:00,110,165,35.025474,-106.355355,7077.808
2021-11-01T16:07:29,68.7,117,35.163721,-106.329809,6692.257
2023-09-06T14:48:00,61.44,117,35.163721,-106.329809,6692.257
2024-04-11T15:45:16,70.22,117,35.163721,-106.329809,6692.257
2025-03-28T16:47:33,71,117,35.163721,-106.329809,6692.257
2024-10-01T21:51:35,342.47,600,35.168672,-106.507177,5935.762
2025-01-07T20:04:15,342.61,600,35.168672,-106.507177,5935.762
2025-03-21T16:16:15,362.87,600,35.168672,-106.507177,5935.762
2025-06-09T20:10:24,361.11,600,35.168672,-106.507177,5935.762
2025-09-03T19:19:24,356.96,600,35.168672,-106.507177,5935.762
2020-11-07T00:00:00,163.2,300,35.159661,-106.324261,6691.813
2020-07-31T00:00:00,161.5,300,35.159661,-106.324261,6691.813
2020-04-28T00:00:00,157.5,300,35.159661,-106.324261,6691.813
2021-03-11T23:03:01,163.1,300,35.159661,-106.324261,6691.813
2021-10-30T19:40:06,168.6,300,35.159661,-106.324261,6691.813
2023-03-30T18:25:33,166.32,300,35.159661,-106.324261,6691.813
2024-03-13T19:12:04,171.31,300,35.159661,-106.324261,6691.813
2025-03-13T14:57:53,171.28,300,35.159661,-106.324261,6691.813
2021-11-01T16:33:14,163.2,225,35.159501,-106.325309,6700.281
2023-03-30T18:31:16,163.78,225,35.159501,-106.325309,6700.281
2024-03-13T19:33:02,165.43,225,35.159501,-106.325309,6700.281
2025-03-13T15:14:40,165.85,225,35.159501,-106.325309,6700.281
2019-11-07T00:00:00,37.72,317,35.03098333,-106.7167417,4955.74
2019-07-01T00:00:00,38.17,317,35.03098333,-106.7167417,4955.74
2019-04-25T00:00:00,38.02,317,35.03098333,-106.7167417,4955.74
2019-03-18T00:00:00,38.18,317,35.03098333,-106.7167417,4955.74
2018-11-08T00:00:00,37.54,317,35.03098333,-106.7167417,4955.74
2018-09-10T00:00:00,37.98,317,35.03098333,-106.7167417,4955.74
2018-05-24T00:00:00,38.54,317,35.03098333,-106.7167417,4955.74
2018-03-01T00:00:00,38.25,317,35.03098333,-106.7167417,4955.74
2017-10-05T00:00:00,37.62,317,35.03098333,-106.7167417,4955.74
2017-08-03T00:00:00,38.38,317,35.03098333,-106.7167417,4955.74
2017-06-01T00:00:00,38.15,317,35.03098333,-106.7167417,4955.74
2017-01-19T00:00:00,37.97,317,35.03098333,-106.7167417,4955.74
2016-11-21T00:00:00,37.89,317,35.03098333,-106.7167417,4955.74
2016-07-29T00:00:00,38.49,317,35.03098333,-106.7167417,4955.74
2016-06-17T00:00:00,38.51,317,35.03098333,-106.7167417,4955.74
2016-01-28T00:00:00,37.91,317,35.03098333,-106.7167417,4955.74
2015-10-29T00:00:00,37.49,317,35.03098333,-106.7167417,4955.74
2015-07-23T00:00:00,38.38,317,35.03098333,-106.7167417,4955.74
2015-04-30T00:00:00,39.12,317,35.03098333,-106.7167417,4955.74
2015-01-21T00:00:00,38.78,317,35.03098333,-106.7167417,4955.74
2014-11-20T00:00:00,38.4,317,35.03098333,-106.7167417,4955.74
2014-08-04T00:00:00,38.32,317,35.03098333,-106.7167417,4955.74
2014-05-07T00:00:00,38.82,317,35.03098333,-106.7167417,4955.74
2014-01-16T00:00:00,38.48,317,35.03098333,-106.7167417,4955.74
2013-10-09T00:00:00,38.21,317,35.03098333,-106.7167417,4955.74
2013-07-25T00:00:00,39.06,317,35.03098333,-106.7167417,4955.74
2013-04-23T00:00:00,39.43,317,35.03098333,-106.7167417,4955.74
2013-02-12T00:00:00,39.36,317,35.03098333,-106.7167417,4955.74
2012-11-19T00:00:00,39.07,317,35.03098333,-106.7167417,4955.74
2012-07-13T00:00:00,39.03,317,35.03098333,-106.7167417,4955.74
2012-04-27T00:00:00,39.03,317,35.03098333,-106.7167417,4955.74
2012-02-02T00:00:00,39.06,317,35.03098333,-106.7167417,4955.74
2011-10-04T00:00:00,39.13,317,35.03098333,-106.7167417,4955.74
2011-07-18T00:00:00,39.61,317,35.03098333,-106.7167417,4955.74
2011-04-27T00:00:00,39.47,317,35.03098333,-106.7167417,4955.74
2011-01-25T00:00:00,39.01,317,35.03098333,-106.7167417,4955.74
2010-10-20T00:00:00,38.79,317,35.03098333,-106.7167417,4955.74
2010-08-16T00:00:00,39.01,317,35.03098333,-106.7167417,4955.74
2010-05-03T00:00:00,39.38,317,35.03098333,-106.7167417,4955.74
2010-02-03T00:00:00,39.42,317,35.03098333,-106.7167417,4955.74
2009-11-20T00:00:00,39.13,317,35.03098333,-106.7167417,4955.74
2009-08-26T00:00:00,39.46,317,35.03098333,-106.7167417,4955.74
2009-06-23T00:00:00,40.38,317,35.03098333,-106.7167417,4955.74
2021-03-19T17:42:15,38.36,317,35.03098333,-106.7167417,4955.74
2021-11-08T19:17:36,37.47,317,35.03098333,-106.7167417,4955.74
2023-03-13T22:01:57,37.87,317,35.03098333,-106.7167417,4955.74
2024-01-02T18:43:52,37.65,317,35.03098333,-106.7167417,4955.74
2024-03-01T18:21:02,37.83,317,35.03098333,-106.7167417,4955.74
2024-07-29T20:17:30,37.03,317,35.03098333,-106.7167417,4955.74
2024-10-03T22:00:09,37.27,317,35.03098333,-106.7167417,4955.74
2025-01-10T17:06:47,37.7,317,35.03098333,-106.7167417,4955.74
2025-03-18T17:56:01,37.97,317,35.03098333,-106.7167417,4955.74
2025-06-04T20:53:00,37.79,317,35.03098333,-106.7167417,4955.74
2025-09-03T14:46:26,38.05,317,35.03098333,-106.7167417,4955.74
2019-11-07T00:00:00,8.9,250,34.998965,-106.715818,4918.112
2019-07-29T00:00:00,9.9,250,34.998965,-106.715818,4918.112
2019-04-25T00:00:00,9.77,250,34.998965,-106.715818,4918.112
2019-02-28T00:00:00,9.76,250,34.998965,-106.715818,4918.112
2018-11-08T00:00:00,9.63,250,34.998965,-106.715818,4918.112
2018-09-10T00:00:00,10.21,250,34.998965,-106.715818,4918.112
2018-05-24T00:00:00,10.05,250,34.998965,-106.715818,4918.112
2018-01-26T00:00:00,9.48,250,34.998965,-106.715818,4918.112
2017-10-05T00:00:00,9.22,250,34.998965,-106.715818,4918.112
2017-08-03T00:00:00,9.23,250,34.998965,-106.715818,4918.112
2017-06-08T00:00:00,9.9,250,34.998965,-106.715818,4918.112
2017-01-19T00:00:00,9.39,250,34.998965,-106.715818,4918.112
2016-11-21T00:00:00,9.33,250,34.998965,-106.715818,4918.112
2016-07-08T00:00:00,10.41,250,34.998965,-106.715818,4918.112
2016-05-20T00:00:00,9.78,250,34.998965,-106.715818,4918.112
2016-02-05T00:00:00,9.7,250,34.998965,-106.715818,4918.112
2015-10-29T00:00:00,8.63,250,34.998965,-106.715818,4918.112
2015-07-23T00:00:00,10.28,250,34.998965,-106.715818,4918.112
2015-04-30T00:00:00,10.2,250,34.998965,-106.715818,4918.112
2015-01-27T00:00:00,9.9,250,34.998965,-106.715818,4918.112
2014-11-20T00:00:00,9.55,250,34.998965,-106.715818,4918.112
2014-08-20T00:00:00,10.83,250,34.998965,-106.715818,4918.112
2014-06-09T00:00:00,11.1,250,34.998965,-106.715818,4918.112
2014-01-07T00:00:00,11.88,250,34.998965,-106.715818,4918.112
2013-10-09T00:00:00,11.98,250,34.998965,-106.715818,4918.112
2013-07-25T00:00:00,12.54,250,34.998965,-106.715818,4918.112
2013-04-23T00:00:00,12.66,250,34.998965,-106.715818,4918.112
2013-02-13T00:00:00,12.18,250,34.998965,-106.715818,4918.112
2012-11-29T00:00:00,11.98,250,34.998965,-106.715818,4918.112
2012-07-16T00:00:00,12.99,250,34.998965,-106.715818,4918.112
2012-04-30T00:00:00,12.74,250,34.998965,-106.715818,4918.112
2012-01-31T00:00:00,12.22,250,34.998965,-106.715818,4918.112
2011-10-05T00:00:00,12.13,250,34.998965,-106.715818,4918.112
2011-07-07T00:00:00,13.34,250,34.998965,-106.715818,4918.112
2011-04-26T00:00:00,12.51,250,34.998965,-106.715818,4918.112
2011-02-07T00:00:00,12.41,250,34.998965,-106.715818,4918.112
2010-10-20T00:00:00,12.02,250,34.998965,-106.715818,4918.112
2010-07-15T00:00:00,12.77,250,34.998965,-106.715818,4918.112
2010-05-25T00:00:00,12.65,250,34.998965,-106.715818,4918.112
2010-02-03T00:00:00,12.23,250,34.998965,-106.715818,4918.112
2009-11-23T00:00:00,11.88,250,34.998965,-106.715818,4918.112
2009-08-26T00:00:00,12.2,250,34.998965,-106.715818,4918.112
2009-06-23T00:00:00,12.91,250,34.998965,-106.715818,4918.112
2009-05-13T00:00:00,12.91,250,34.998965,-106.715818,4918.112
2009-01-09T00:00:00,12.36,250,34.998965,-106.715818,4918.112
2008-10-21T00:00:00,12.04,250,34.998965,-106.715818,4918.112
2021-11-08T19:36:59,9.63,250,34.998965,-106.715818,4918.112
2024-01-02T16:55:52,9.1,250,34.998965,-106.715818,4918.112
2019-11-07T00:00:00,8,115,34.98364667,-106.6985767,4913.678
2019-07-01T00:00:00,9.27,115,34.98364667,-106.6985767,4913.678
2019-04-25T00:00:00,9.09,115,34.98364667,-106.6985767,4913.678
2018-11-08T00:00:00,9.48,115,34.98364667,-106.6985767,4913.678
2018-08-16T00:00:00,9.45,115,34.98364667,-106.6985767,4913.678
2018-05-17T00:00:00,9.4,115,34.98364667,-106.6985767,4913.678
2018-03-19T00:00:00,9.7,115,34.98364667,-106.6985767,4913.678
2018-02-22T00:00:00,9.55,115,34.98364667,-106.6985767,4913.678
2017-11-03T00:00:00,8.81,115,34.98364667,-106.6985767,4913.678
2017-08-03T00:00:00,9.23,115,34.98364667,-106.6985767,4913.678
2017-05-25T00:00:00,9.04,115,34.98364667,-106.6985767,4913.678
2017-01-19T00:00:00,9.22,115,34.98364667,-106.6985767,4913.678
2016-12-01T00:00:00,9.16,115,34.98364667,-106.6985767,4913.678
2016-07-08T00:00:00,9.36,115,34.98364667,-106.6985767,4913.678
2016-06-17T00:00:00,9.43,115,34.98364667,-106.6985767,4913.678
2016-03-04T00:00:00,9.72,115,34.98364667,-106.6985767,4913.678
2015-10-29T00:00:00,8.98,115,34.98364667,-106.6985767,4913.678
2015-04-23T00:00:00,9.18,115,34.98364667,-106.6985767,4913.678
2015-04-10T00:00:00,10.3,115,34.98364667,-106.6985767,4913.678
2015-01-22T00:00:00,9.93,115,34.98364667,-106.6985767,4913.678
2014-11-20T00:00:00,9.65,115,34.98364667,-106.6985767,4913.678
2014-08-28T00:00:00,9.7,115,34.98364667,-106.6985767,4913.678
2014-04-28T00:00:00,9.37,115,34.98364667,-106.6985767,4913.678
2014-01-16T00:00:00,10,115,34.98364667,-106.6985767,4913.678
2013-10-09T00:00:00,9.86,115,34.98364667,-106.6985767,4913.678
2013-07-25T00:00:00,10.12,115,34.98364667,-106.6985767,4913.678
2013-04-23T00:00:00,10.1,115,34.98364667,-106.6985767,4913.678
2013-02-13T00:00:00,10.36,115,34.98364667,-106.6985767,4913.678
2012-11-29T00:00:00,10.09,115,34.98364667,-106.6985767,4913.678
2012-07-16T00:00:00,9.71,115,34.98364667,-106.6985767,4913.678
2012-04-30T00:00:00,9.62,115,34.98364667,-106.6985767,4913.678
2012-01-31T00:00:00,10.38,115,34.98364667,-106.6985767,4913.678
2011-10-05T00:00:00,9.56,115,34.98364667,-106.6985767,4913.678
2011-07-07T00:00:00,9.62,115,34.98364667,-106.6985767,4913.678
2011-04-26T00:00:00,9.56,115,34.98364667,-106.6985767,4913.678
2011-02-07T00:00:00,10.48,115,34.98364667,-106.6985767,4913.678
2010-10-20T00:00:00,9.3,115,34.98364667,-106.6985767,4913.678
2010-07-15T00:00:00,9.61,115,34.98364667,-106.6985767,4913.678
2010-05-25T00:00:00,9.75,115,34.98364667,-106.6985767,4913.678
2010-02-04T00:00:00,13.5,115,34.98364667,-106.6985767,4913.678
2009-11-23T00:00:00,12.9,115,34.98364667,-106.6985767,4913.678
2009-08-26T00:00:00,10.21,115,34.98364667,-106.6985767,4913.678
2009-06-23T00:00:00,9.78,115,34.98364667,-106.6985767,4913.678
2009-05-13T00:00:00,10.22,115,34.98364667,-106.6985767,4913.678
2021-11-08T17:35:16,9.78,115,34.98364667,-106.6985767,4913.678
2023-03-14T17:05:42,9.32,115,34.98364667,-106.6985767,4913.678
2023-08-15T21:29:48,9.04,115,34.98364667,-106.6985767,4913.678
2024-03-01T16:41:16,9.24,115,34.98364667,-106.6985767,4913.678
2024-07-29T18:00:00,9.58,115,34.98364667,-106.6985767,4913.678
2024-10-03T20:06:52,9.85,115,34.98364667,-106.6985767,4913.678
2025-01-08T18:39:46,9.07,115,34.98364667,-106.6985767,4913.678
2025-03-18T15:45:56,9.2,115,34.98364667,-106.6985767,4913.678
2025-06-04T18:50:47,8.89,115,34.98364667,-106.6985767,4913.678
2025-09-02T17:40:27,10.57,115,34.98364667,-106.6985767,4913.678
2019-11-01T00:00:00,338.16,609,35.17384,-106.5090283,5913.247
2019-07-29T00:00:00,338.16,609,35.17384,-106.5090283,5913.247
2019-06-06T00:00:00,335.85,609,35.17384,-106.5090283,5913.247
2019-02-14T00:00:00,345.09,609,35.17384,-106.5090283,5913.247
2018-10-16T00:00:00,338.16,609,35.17384,-106.5090283,5913.247
2018-08-22T00:00:00,338.16,609,35.17384,-106.5090283,5913.247
2018-04-19T00:00:00,331.23,609,35.17384,-106.5090283,5913.247
2018-02-15T00:00:00,335.85,609,35.17384,-106.5090283,5913.247
2017-11-30T00:00:00,328.92,609,35.17384,-106.5090283,5913.247
2017-09-15T00:00:00,328.92,609,35.17384,-106.5090283,5913.247
2017-05-31T00:00:00,338.16,609,35.17384,-106.5090283,5913.247
2017-02-23T00:00:00,338.16,609,35.17384,-106.5090283,5913.247
2016-10-20T00:00:00,333.54,609,35.17384,-106.5090283,5913.247
2016-08-25T00:00:00,328.92,609,35.17384,-106.5090283,5913.247
2016-05-19T00:00:00,342.78,609,35.17384,-106.5090283,5913.247
2016-01-29T00:00:00,333.54,609,35.17384,-106.5090283,5913.247
2015-10-22T00:00:00,347.4,609,35.17384,-106.5090283,5913.247
2015-07-30T00:00:00,333.54,609,35.17384,-106.5090283,5913.247
2015-05-13T00:00:00,340.47,609,35.17384,-106.5090283,5913.247
2015-02-11T00:00:00,324.3,609,35.17384,-106.5090283,5913.247
2014-08-21T00:00:00,328.92,609,35.17384,-106.5090283,5913.247
2014-04-08T00:00:00,338.16,609,35.17384,-106.5090283,5913.247
2014-01-06T00:00:00,328.92,609,35.17384,-106.5090283,5913.247
2013-09-04T00:00:00,321.99,609,35.17384,-106.5090283,5913.247
2013-06-18T00:00:00,328.92,609,35.17384,-106.5090283,5913.247
2013-02-13T00:00:00,333.54,609,35.17384,-106.5090283,5913.247
2012-11-19T00:00:00,326.61,609,35.17384,-106.5090283,5913.247
2012-09-04T00:00:00,321.99,609,35.17384,-106.5090283,5913.247
2012-05-10T00:00:00,321.99,609,35.17384,-106.5090283,5913.247
2012-02-07T00:00:00,321.99,609,35.17384,-106.5090283,5913.247
2011-11-29T00:00:00,324.3,609,35.17384,-106.5090283,5913.247
2011-07-27T00:00:00,321.99,609,35.17384,-106.5090283,5913.247
2011-04-28T00:00:00,337.01,609,35.17384,-106.5090283,5913.247
2011-04-05T00:00:00,321.99,609,35.17384,-106.5090283,5913.247
2011-01-20T00:00:00,324.3,609,35.17384,-106.5090283,5913.247
2010-10-26T00:00:00,315.06,609,35.17384,-106.5090283,5913.247
2010-08-20T00:00:00,326.61,609,35.17384,-106.5090283,5913.247
2010-06-07T00:00:00,349.71,609,35.17384,-106.5090283,5913.247
2010-02-03T00:00:00,321.99,609,35.17384,-106.5090283,5913.247
2009-11-20T00:00:00,321.99,609,35.17384,-106.5090283,5913.247
2009-08-26T00:00:00,321.99,609,35.17384,-106.5090283,5913.247
2009-05-14T00:00:00,321.99,609,35.17384,-106.5090283,5913.247
2009-01-14T00:00:00,323.15,609,35.17384,-106.5090283,5913.247
2008-10-14T00:00:00,326.61,609,35.17384,-106.5090283,5913.247
2008-05-19T00:00:00,321.07,609,35.17384,-106.5090283,5913.247
2023-03-13T19:10:27,337.06,609,35.17384,-106.5090283,5913.247
2023-08-01T21:37:49,338.33,609,35.17384,-106.5090283,5913.247
2024-01-03T00:09:55,338.82,609,35.17384,-106.5090283,5913.247
2024-03-01T23:40:20,338.85,609,35.17384,-106.5090283,5913.247
2024-07-15T23:50:00,339.89,609,35.17384,-106.5090283,5913.247
2024-10-01T21:18:38,341.66,609,35.17384,-106.5090283,5913.247
2025-01-07T19:38:00,340.62,609,35.17384,-106.5090283,5913.247
2025-03-21T15:16:13,340.6,609,35.17384,-106.5090283,5913.247
2025-06-09T19:09:29,341.3,609,35.17384,-106.5090283,5913.247
2025-09-03T19:48:45,342.07,609,35.17384,-106.5090283,5913.247
2019-11-07T00:00:00,82.43,167,35.014465,-106.649195,4979.685
2019-09-12T00:00:00,83.81,167,35.014465,-106.649195,4979.685
2019-05-02T00:00:00,83.2,167,35.014465,-106.649195,4979.685
2019-03-18T00:00:00,82.53,167,35.014465,-106.649195,4979.685
2018-11-13T00:00:00,83.39,167,35.014465,-106.649195,4979.685
2018-09-10T00:00:00,84.79,167,35.014465,-106.649195,4979.685
2018-06-07T00:00:00,85.44,167,35.014465,-106.649195,4979.685
2018-01-26T00:00:00,83.29,167,35.014465,-106.649195,4979.685
2017-12-07T00:00:00,83.61,167,35.014465,-106.649195,4979.685
2017-08-03T00:00:00,84.7,167,35.014465,-106.649195,4979.685
2017-06-08T00:00:00,84.45,167,35.014465,-106.649195,4979.685
2017-03-03T00:00:00,83.21,167,35.014465,-106.649195,4979.685
2016-12-14T00:00:00,83.7,167,35.014465,-106.649195,4979.685
2016-07-29T00:00:00,85.54,167,35.014465,-106.649195,4979.685
2016-05-20T00:00:00,84.71,167,35.014465,-106.649195,4979.685
2016-02-05T00:00:00,84.3,167,35.014465,-106.649195,4979.685
2015-10-29T19:15:00,85.4,167,35.014465,-106.649195,4979.685
2015-08-13T00:00:00,86.22,167,35.014465,-106.649195,4979.685
2015-04-09T00:00:00,85.33,167,35.014465,-106.649195,4979.685
2015-01-22T00:00:00,97.48,167,35.014465,-106.649195,4979.685
2014-10-24T00:00:00,86.93,167,35.014465,-106.649195,4979.685
2014-08-28T00:00:00,87.2,167,35.014465,-106.649195,4979.685
2014-05-05T00:00:00,87.23,167,35.014465,-106.649195,4979.685
2014-01-16T00:00:00,86.36,167,35.014465,-106.649195,4979.685
2013-10-09T00:00:00,87.56,167,35.014465,-106.649195,4979.685
2013-08-06T00:00:00,88.06,167,35.014465,-106.649195,4979.685
2013-04-24T00:00:00,87.15,167,35.014465,-106.649195,4979.685
2013-02-07T00:00:00,87.35,167,35.014465,-106.649195,4979.685
2012-11-19T00:00:00,88.27,167,35.014465,-106.649195,4979.685
2012-07-16T00:00:00,88.48,167,35.014465,-106.649195,4979.685
2012-04-30T00:00:00,87.69,167,35.014465,-106.649195,4979.685
2012-01-23T00:00:00,87,167,35.014465,-106.649195,4979.685
2011-10-05T00:00:00,89.05,167,35.014465,-106.649195,4979.685
2011-07-18T00:00:00,89.46,167,35.014465,-106.649195,4979.685
2011-04-26T00:00:00,88.1,167,35.014465,-106.649195,4979.685
2011-01-21T00:00:00,87.57,167,35.014465,-106.649195,4979.685
2010-10-18T00:00:00,89.04,167,35.014465,-106.649195,4979.685
2010-08-09T00:00:00,88.95,167,35.014465,-106.649195,4979.685
2010-05-04T00:00:00,88.35,167,35.014465,-106.649195,4979.685
2021-03-19T13:46:02,82.29,167,35.014465,-106.649195,4979.685
2021-11-08T19:55:09,82.55,167,35.014465,-106.649195,4979.685
2023-03-13T22:28:56,81.74,167,35.014465,-106.649195,4979.685
2023-08-15T15:12:39,81.62,167,35.014465,-106.649195,4979.685
2024-01-02T18:59:36,81.78,167,35.014465,-106.649195,4979.685
2024-03-01T14:27:10,81.65,167,35.014465,-106.649195,4979.685
2024-07-15T16:27:51,81.97,167,35.014465,-106.649195,4979.685
2024-10-03T18:27:44,83.43,167,35.014465,-106.649195,4979.685
2024-12-11T23:56:40,82.11,167,35.014465,-106.649195,4979.685
2025-01-08T16:02:54,81.54,167,35.014465,-106.649195,4979.685
2020-11-10T00:00:00,296.5,300,35.092958,-106.3004806,7002.633
2020-08-04T00:00:00,292.3,300,35.092958,-106.3004806,7002.633
2020-04-30T00:00:00,289.5,300,35.092958,-106.3004806,7002.633
2021-03-21T18:17:10,293.1,300,35.092958,-106.3004806,7002.633
2021-12-15T18:56:58,293.3,300,35.092958,-106.3004806,7002.633
2023-03-22T14:44:10,295.87,300,35.092958,-106.3004806,7002.633
2024-03-14T20:21:35,284.35,300,35.092958,-106.3004806,7002.633
2025-03-25T15:20:06,277.61,300,35.092958,-106.3004806,7002.633
2025-03-10T20:22:00,267.81,360,35.096505,-106.297088,7009.785
2020-11-12T00:00:00,25.18,95,35.166462,-106.471415,6429.124
2020-08-07T00:00:00,26.25,95,35.166462,-106.471415,6429.124
2020-05-05T00:00:00,25.38,95,35.166462,-106.471415,6429.124
2019-10-31T00:00:00,23.36,95,35.166462,-106.471415,6429.124
2019-08-01T00:00:00,25.41,95,35.166462,-106.471415,6429.124
2019-04-17T00:00:00,25.09,95,35.166462,-106.471415,6429.124
2019-01-16T00:00:00,25.17,95,35.166462,-106.471415,6429.124
2018-09-26T00:00:00,25.5,95,35.166462,-106.471415,6429.124
2018-04-12T00:00:00,24.9,95,35.166462,-106.471415,6429.124
2017-10-11T00:00:00,25.1,95,35.166462,-106.471415,6429.124
2017-06-28T00:00:00,24.71,95,35.166462,-106.471415,6429.124
2017-02-06T00:00:00,24.58,95,35.166462,-106.471415,6429.124
2016-06-28T00:00:00,24.67,95,35.166462,-106.471415,6429.124
2016-03-14T00:00:00,25.19,95,35.166462,-106.471415,6429.124
2015-09-03T00:00:00,24.81,95,35.166462,-106.471415,6429.124
2015-06-10T00:00:00,25.12,95,35.166462,-106.471415,6429.124
2014-12-09T00:00:00,24.26,95,35.166462,-106.471415,6429.124
2014-09-26T00:00:00,24.32,95,35.166462,-106.471415,6429.124
2014-06-23T00:00:00,24.42,95,35.166462,-106.471415,6429.124
2014-03-10T00:00:00,24.35,95,35.166462,-106.471415,6429.124
2013-12-23T00:00:00,24.27,95,35.166462,-106.471415,6429.124
2013-09-05T00:00:00,24.34,95,35.166462,-106.471415,6429.124
2013-06-20T00:00:00,24.1,95,35.166462,-106.471415,6429.124
2013-03-21T00:00:00,23.75,95,35.166462,-106.471415,6429.124
2012-12-17T00:00:00,23.47,95,35.166462,-106.471415,6429.124
2012-09-14T00:00:00,23.23,95,35.166462,-106.471415,6429.124
2012-06-13T00:00:00,23.8,95,35.166462,-106.471415,6429.124
2012-03-14T00:00:00,23.3,95,35.166462,-106.471415,6429.124
2021-03-21T20:17:30,24.45,95,35.166462,-106.471415,6429.124
2021-12-13T19:56:00,27.04,95,35.166462,-106.471415,6429.124
2023-08-01T16:33:35,23.42,95,35.166462,-106.471415,6429.124
2024-01-03T19:24:23,24.43,95,35.166462,-106.471415,6429.124
2024-03-04T16:32:47,23.26,95,35.166462,-106.471415,6429.124
2024-07-16T20:17:42,25.66,95,35.166462,-106.471415,6429.124
2024-10-01T19:01:00,24.97,95,35.166462,-106.471415,6429.124
2025-01-07T17:50:00,24.94,95,35.166462,-106.471415,6429.124
2025-03-14T20:56:00,25.21,95,35.166462,-106.471415,6429.124
2025-06-09T23:11:13,25.74,95,35.166462,-106.471415,6429.124
2025-09-05T18:45:00,26.34,95,35.166462,-106.471415,6429.124
2020-08-07T00:00:00,45.21,310,35.1172219329,-106.377849724,6800.264
2019-11-15T00:00:00,50.26,310,35.1172219329,-106.377849724,6800.264
2019-07-23T00:00:00,44.11,310,35.1172219329,-106.377849724,6800.264
2019-04-18T00:00:00,42.38,310,35.1172219329,-106.377849724,6800.264
2018-09-12T00:00:00,43.81,310,35.1172219329,-106.377849724,6800.264
2018-04-04T00:00:00,40.64,310,35.1172219329,-106.377849724,6800.264
2017-10-04T00:00:00,41.15,310,35.1172219329,-106.377849724,6800.264
2017-06-13T00:00:00,40.45,310,35.1172219329,-106.377849724,6800.264
2016-06-02T00:00:00,39.35,310,35.1172219329,-106.377849724,6800.264
2023-08-02T19:52:48,62.62,310,35.1172219329,-106.377849724,6800.264
2020-08-07T00:00:00,112.4,165,35.1166540698,-106.380699066,6868.333
2019-11-15T00:00:00,111.9,165,35.1166540698,-106.380699066,6868.333
2019-07-23T00:00:00,109.2,165,35.1166540698,-106.380699066,6868.333
2019-04-18T00:00:00,112.1,165,35.1166540698,-106.380699066,6868.333
2018-12-18T00:00:00,110.95,165,35.1166540698,-106.380699066,6868.333
2018-09-12T00:00:00,110.7,165,35.1166540698,-106.380699066,6868.333
2018-04-04T00:00:00,109.2,165,35.1166540698,-106.380699066,6868.333
2017-10-04T00:00:00,109.26,165,35.1166540698,-106.380699066,6868.333
2017-06-13T00:00:00,108.77,165,35.1166540698,-106.380699066,6868.333
2017-01-19T00:00:00,108.11,165,35.1166540698,-106.380699066,6868.333
2016-06-02T00:00:00,107.3,165,35.1166540698,-106.380699066,6868.333
2023-08-02T19:41:12,111.2,165,35.1166540698,-106.380699066,6868.333
2020-08-07T00:00:00,239.9,310,35.1163859809,-106.382982282,6994.689
2019-11-15T00:00:00,232.5,310,35.1163859809,-106.382982282,6994.689
2019-07-23T00:00:00,226,310,35.1163859809,-106.382982282,6994.689
2019-04-18T00:00:00,235.6,310,35.1163859809,-106.382982282,6994.689
2018-09-12T00:00:00,237.5,310,35.1163859809,-106.382982282,6994.689
2018-04-04T00:00:00,235.4,310,35.1163859809,-106.382982282,6994.689
2017-10-04T00:00:00,235,310,35.1163859809,-106.382982282,6994.689
2017-06-13T00:00:00,237.5,310,35.1163859809,-106.382982282,6994.689
2017-01-19T00:00:00,234,310,35.1163859809,-106.382982282,6994.689
2016-06-02T00:00:00,232.14,310,35.1163859809,-106.382982282,6994.689
2023-08-02T19:27:56,217.2,310,35.1163859809,-106.382982282,6994.689
2025-03-05T19:20:16,234.7,310,35.1163859809,-106.382982282,6994.689
2024-01-04T20:15:19,506.4,602.5,35.159987,-106.292384,6954.626
2023-10-19T19:17:00,510.7,602.5,35.159987,-106.292384,6954.626
2024-04-02T21:47:36,509.6,602.5,35.159987,-106.292384,6954.626
2024-07-15T19:54:20,517.14,602.5,35.159987,-106.292384,6954.626
2024-10-04T10:08:00,496.7,602.5,35.159987,-106.292384,6954.626
2025-01-07T15:55:57,508.74,602.5,35.159987,-106.292384,6954.626
2025-03-13T18:20:38,509.6,602.5,35.159987,-106.292384,6954.626
2025-06-11T22:19:51,506.91,602.5,35.159987,-106.292384,6954.626
2025-09-08T19:41:29,5085,602.5,35.159987,-106.292384,6954.626
2020-11-08T00:00:00,245.95,590,34.9928556,-106.3174528,7568.938
2020-08-02T00:00:00,246.01,590,34.9928556,-106.3174528,7568.938
2020-05-03T00:00:00,246.37,590,34.9928556,-106.3174528,7568.938
2019-11-03T00:00:00,247.23,590,34.9928556,-106.3174528,7568.938
2019-07-25T00:00:00,246.58,590,34.9928556,-106.3174528,7568.938
2019-04-25T00:00:00,245.95,590,34.9928556,-106.3174528,7568.938
2019-01-11T00:00:00,244.12,590,34.9928556,-106.3174528,7568.938
2018-09-29T00:00:00,241.33,590,34.9928556,-106.3174528,7568.938
2018-04-08T00:00:00,234.94,590,34.9928556,-106.3174528,7568.938
2017-10-14T00:00:00,229.51,590,34.9928556,-106.3174528,7568.938
2017-06-28T00:00:00,226.64,590,34.9928556,-106.3174528,7568.938
2017-02-02T00:00:00,223.15,590,34.9928556,-106.3174528,7568.938
2016-06-15T00:00:00,216.2,590,34.9928556,-106.3174528,7568.938
2021-03-14T21:40:04,246.4,590,34.9928556,-106.3174528,7568.938
2021-11-10T16:25:59,247.78,590,34.9928556,-106.3174528,7568.938
2023-03-16T16:56:15,251.86,590,34.9928556,-106.3174528,7568.938
2023-07-31T17:18:58,250.71,590,34.9928556,-106.3174528,7568.938
2023-10-17T20:13:51,250.07,590,34.9928556,-106.3174528,7568.938
2023-12-07T22:22:45,250.08,590,34.9928556,-106.3174528,7568.938
2024-01-11T17:08:33,250.2,590,34.9928556,-106.3174528,7568.938
2024-02-01T23:10:49,250.66,590,34.9928556,-106.3174528,7568.938
2024-02-15T22:42:00,250.91,590,34.9928556,-106.3174528,7568.938
2024-03-21T21:23:26,251.43,590,34.9928556,-106.3174528,7568.938
2024-04-03T17:29:52,251.62,590,34.9928556,-106.3174528,7568.938
2024-05-09T16:04:00,251.76,590,34.9928556,-106.3174528,7568.938
2024-06-13T17:06:23,252.58,590,34.9928556,-106.3174528,7568.938
2024-07-26T18:18:23,252.45,590,34.9928556,-106.3174528,7568.938
2024-08-16T19:38:00,252.12,590,34.9928556,-106.3174528,7568.938
2024-09-12T21:01:05,252.13,590,34.9928556,-106.3174528,7568.938
2024-10-07T19:50:00,252.18,590,34.9928556,-106.3174528,7568.938
2024-11-14T19:54:32,252.63,590,34.9928556,-106.3174528,7568.938
2024-12-10T21:06:42,251.74,590,34.9928556,-106.3174528,7568.938
2025-01-16T18:17:56,251.85,590,34.9928556,-106.3174528,7568.938
2025-02-10T19:05:00,251.6,590,34.9928556,-106.3174528,7568.938
2025-03-11T22:53:00,251.6,590,34.9928556,-106.3174528,7568.938
2025-05-08T17:20:00,252.81,590,34.9928556,-106.3174528,7568.938
2025-06-12T19:41:00,254.29,590,34.9928556,-106.3174528,7568.938
2025-07-10T19:44:00,254.77,590,34.9928556,-106.3174528,7568.938
2025-08-04T18:25:00,255.02,590,34.9928556,-106.3174528,7568.938
2020-11-08T00:00:00,353.2,520,34.995175,-106.3140722,7571.081
2020-08-02T00:00:00,353.7,520,34.995175,-106.3140722,7571.081
2020-05-03T00:00:00,351.4,520,34.995175,-106.3140722,7571.081
2019-11-03T00:00:00,348.2,520,34.995175,-106.3140722,7571.081
2019-07-25T00:00:00,347.3,520,34.995175,-106.3140722,7571.081
2019-04-25T00:00:00,348,520,34.995175,-106.3140722,7571.081
2019-01-11T00:00:00,345.2,520,34.995175,-106.3140722,7571.081
2018-09-29T00:00:00,344.8,520,34.995175,-106.3140722,7571.081
2018-04-08T00:00:00,345,520,34.995175,-106.3140722,7571.081
2017-10-14T00:00:00,348.8,520,34.995175,-106.3140722,7571.081
2017-06-28T00:00:00,344.8,520,34.995175,-106.3140722,7571.081
2017-02-02T00:00:00,336.8,520,34.995175,-106.3140722,7571.081
2016-06-15T00:00:00,338,520,34.995175,-106.3140722,7571.081
2021-03-14T22:13:50,352.4,520,34.995175,-106.3140722,7571.081
2021-11-10T17:03:36,352.9,520,34.995175,-106.3140722,7571.081
2023-04-04T17:31:17,361.24,520,34.995175,-106.3140722,7571.081
2023-07-31T18:04:17,369.52,520,34.995175,-106.3140722,7571.081
2023-11-08T22:02:32,359.3,520,34.995175,-106.3140722,7571.081
2023-12-13T22:20:41,357.29,520,34.995175,-106.3140722,7571.081
2024-01-17T23:01:31,358.44,520,34.995175,-106.3140722,7571.081
2024-02-08T22:39:31,357.17,520,34.995175,-106.3140722,7571.081
2024-03-21T21:59:57,360.03,520,34.995175,-106.3140722,7571.081
2024-04-03T17:18:05,357.91,520,34.995175,-106.3140722,7571.081
2024-05-09T17:41:00,361.08,520,34.995175,-106.3140722,7571.081
2024-06-13T16:25:54,360.5,520,34.995175,-106.3140722,7571.081
2024-07-26T18:16:03,363.65,520,34.995175,-106.3140722,7571.081
2024-08-15T19:39:00,362.4,520,34.995175,-106.3140722,7571.081
2024-09-12T17:49:05,362.12,520,34.995175,-106.3140722,7571.081
2024-10-10T15:20:00,362,520,34.995175,-106.3140722,7571.081
2024-11-14T19:32:02,360.75,520,34.995175,-106.3140722,7571.081
2024-12-10T20:48:00,360.74,520,34.995175,-106.3140722,7571.081
2025-01-16T17:58:56,359.67,520,34.995175,-106.3140722,7571.081
2025-02-10T18:56:00,358.81,520,34.995175,-106.3140722,7571.081
2025-03-11T22:42:06,358.36,520,34.995175,-106.3140722,7571.081
2025-04-09T20:50:48,360.05,520,34.995175,-106.3140722,7571.081
2025-05-08T17:28:00,358.08,520,34.995175,-106.3140722,7571.081
2025-07-10T19:30:29,361.99,520,34.995175,-106.3140722,7571.081
2025-07-23T15:08:00,361.68,520,34.995175,-106.3140722,7571.081
2025-08-04T18:25:00,363.64,520,34.995175,-106.3140722,7571.081
2020-11-08T00:00:00,303.6,440,34.9918177503,-106.31481622,7525.791
2020-08-02T00:00:00,303.4,440,34.9918177503,-106.31481622,7525.791
2020-05-03T00:00:00,302.3,440,34.9918177503,-106.31481622,7525.791
2019-11-03T00:00:00,299.2,440,34.9918177503,-106.31481622,7525.791
2019-07-25T00:00:00,298.3,440,34.9918177503,-106.31481622,7525.791
2019-04-25T00:00:00,297.6,440,34.9918177503,-106.31481622,7525.791
2019-01-11T00:00:00,294.6,440,34.9918177503,-106.31481622,7525.791
2018-09-29T00:00:00,294.1,440,34.9918177503,-106.31481622,7525.791
2018-04-08T00:00:00,293.7,440,34.9918177503,-106.31481622,7525.791
2017-10-14T00:00:00,292.8,440,34.9918177503,-106.31481622,7525.791
2017-06-28T00:00:00,293,440,34.9918177503,-106.31481622,7525.791
2017-02-02T00:00:00,285,440,34.9918177503,-106.31481622,7525.791
2016-06-15T00:00:00,326.8,440,34.9918177503,-106.31481622,7525.791
2021-03-14T22:06:56,302.7,440,34.9918177503,-106.31481622,7525.791
2021-11-10T16:52:56,304.2,440,34.9918177503,-106.31481622,7525.791
2023-04-04T18:03:00,303.59,440,34.9918177503,-106.31481622,7525.791
2023-07-31T17:47:30,312.64,440,34.9918177503,-106.31481622,7525.791
2024-03-11T22:47:42,300,440,34.9918177503,-106.31481622,7525.791
2020-11-08T00:00:00,234.12,480,34.9942306,-106.3175028,7583.164
2020-08-02T00:00:00,233.54,480,34.9942306,-106.3175028,7583.164
2020-05-03T00:00:00,233.58,480,34.9942306,-106.3175028,7583.164
2019-11-03T00:00:00,232.05,480,34.9942306,-106.3175028,7583.164
2019-07-25T00:00:00,231.89,480,34.9942306,-106.3175028,7583.164
2019-04-25T00:00:00,231.15,480,34.9942306,-106.3175028,7583.164
2019-01-11T00:00:00,230.67,480,34.9942306,-106.3175028,7583.164
2018-09-29T00:00:00,230.33,480,34.9942306,-106.3175028,7583.164
2018-04-08T00:00:00,229.18,480,34.9942306,-106.3175028,7583.164
2017-10-14T00:00:00,228.68,480,34.9942306,-106.3175028,7583.164
2017-06-28T00:00:00,227,480,34.9942306,-106.3175028,7583.164
2017-02-02T00:00:00,227.25,480,34.9942306,-106.3175028,7583.164
2021-03-14T21:31:35,234.9,480,34.9942306,-106.3175028,7583.164
2021-11-10T16:15:22,235.36,480,34.9942306,-106.3175028,7583.164
2023-03-16T16:58:04,238.28,480,34.9942306,-106.3175028,7583.164
2023-07-31T16:52:20,238.88,480,34.9942306,-106.3175028,7583.164
2024-03-11T19:05:59,239.19,480,34.9942306,-106.3175028,7583.164
2025-03-11T18:47:24,237.48,480,34.9942306,-106.3175028,7583.164
2023-04-03T19:04:38,184.2,260,35.165718,-106.348541,6855.787
2024-03-25T16:33:57,71.92,260,35.165718,-106.348541,6855.787
2025-03-28T15:07:03,90.87,260,35.165718,-106.348541,6855.787
2020-11-10T00:00:00,209.9,360,35.020816,-106.335352,7306.411
2020-08-04T00:00:00,212.9,360,35.020816,-106.335352,7306.411
2020-05-02T00:00:00,211.4,360,35.020816,-106.335352,7306.411
2019-11-03T00:00:00,206.2,360,35.020816,-106.335352,7306.411
2019-07-25T00:00:00,213.5,360,35.020816,-106.335352,7306.411
2019-04-25T00:00:00,205.95,360,35.020816,-106.335352,7306.411
2019-01-11T00:00:00,224.1,360,35.020816,-106.335352,7306.411
2018-09-29T00:00:00,226.7,360,35.020816,-106.335352,7306.411
2018-04-08T00:00:00,205.5,360,35.020816,-106.335352,7306.411
2017-10-14T00:00:00,202.91,360,35.020816,-106.335352,7306.411
2017-06-28T00:00:00,209.66,360,35.020816,-106.335352,7306.411
2017-02-02T00:00:00,199.78,360,35.020816,-106.335352,7306.411
2016-06-15T00:00:00,189.85,360,35.020816,-106.335352,7306.411
2016-03-14T00:00:00,213.61,360,35.020816,-106.335352,7306.411
2015-12-07T00:00:00,203.23,360,35.020816,-106.335352,7306.411
2015-09-15T00:00:00,193.8,360,35.020816,-106.335352,7306.411
2015-09-09T00:00:00,212.4,360,35.020816,-106.335352,7306.411
2015-06-17T00:00:00,191.61,360,35.020816,-106.335352,7306.411
2015-06-08T00:00:00,212.57,360,35.020816,-106.335352,7306.411
2015-03-10T00:00:00,205.62,360,35.020816,-106.335352,7306.411
2014-12-09T00:00:00,200.85,360,35.020816,-106.335352,7306.411
2014-09-24T00:00:00,192.54,360,35.020816,-106.335352,7306.411
2014-06-11T00:00:00,199.9,360,35.020816,-106.335352,7306.411
2014-03-12T00:00:00,188.08,360,35.020816,-106.335352,7306.411
2013-09-04T00:00:00,195.56,360,35.020816,-106.335352,7306.411
2013-06-18T00:00:00,203.1,360,35.020816,-106.335352,7306.411
2013-03-18T00:00:00,200.23,360,35.020816,-106.335352,7306.411
2021-03-20T14:35:16,206.5,360,35.020816,-106.335352,7306.411
2021-11-10T17:38:34,203.9,360,35.020816,-106.335352,7306.411
2023-04-04T15:22:24,220.1,360,35.020816,-106.335352,7306.411
2024-04-02T20:01:50,220.53,360,35.020816,-106.335352,7306.411
2025-03-12T15:00:56,219.13,360,35.020816,-106.335352,7306.411
2020-11-10T00:00:00,177.1,350,35.0202278,-106.3380639,7290.441
2020-08-04T00:00:00,176.2,350,35.0202278,-106.3380639,7290.441
2020-05-02T00:00:00,165.4,350,35.0202278,-106.3380639,7290.441
2019-11-03T00:00:00,167.8,350,35.0202278,-106.3380639,7290.441
2019-07-25T00:00:00,164.6,350,35.0202278,-106.3380639,7290.441
2019-04-25T00:00:00,163.6,350,35.0202278,-106.3380639,7290.441
2019-01-11T00:00:00,165.7,350,35.0202278,-106.3380639,7290.441
2021-03-20T14:22:53,177.1,350,35.0202278,-106.3380639,7290.441
2021-11-10T17:26:01,171.3,350,35.0202278,-106.3380639,7290.441
2023-04-04T16:07:18,183.95,350,35.0202278,-106.3380639,7290.441
2024-03-25T17:09:00,170.76,350,35.0202278,-106.3380639,7290.441
2025-03-12T16:25:42,179.08,350,35.0202278,-106.3380639,7290.441
2020-11-10T00:00:00,266.1,325,35.023969,-106.331914,7386.97
2020-08-04T00:00:00,267.9,325,35.023969,-106.331914,7386.97
2021-03-20T14:52:07,266.2,325,35.023969,-106.331914,7386.97
2021-11-10T18:43:42,267.9,325,35.023969,-106.331914,7386.97
2023-04-04T15:47:00,273.57,325,35.023969,-106.331914,7386.97
2024-03-25T17:11:00,270.75,325,35.023969,-106.331914,7386.97
2020-11-10T00:00:00,284.9,500,35.023925,-106.333317,7386.418
2020-08-04T00:00:00,285.1,500,35.023925,-106.333317,7386.418
2021-03-20T15:07:55,279.8,500,35.023925,-106.333317,7386.418
2021-11-10T18:46:45,294.2,500,35.023925,-106.333317,7386.418
2023-04-04T15:40:10,317.7,500,35.023925,-106.333317,7386.418
2024-03-26T17:15:24,299.34,500,35.023925,-106.333317,7386.418
2024-04-02T20:18:06,294.59,500,35.023925,-106.333317,7386.418
2025-03-12T21:50:09,298.34,500,35.023925,-106.333317,7386.418
2021-03-20T15:33:00,216.8,425,35.021807,-106.336276,7324.505
2021-11-10T19:00:42,217.8,425,35.021807,-106.336276,7324.505
2023-04-04T15:55:44,215.71,425,35.021807,-106.336276,7324.505
2024-03-12T15:55:19,209.11,425,35.021807,-106.336276,7324.505
2024-06-13T16:10:42,212.98,425,35.021807,-106.336276,7324.505
2024-08-15T21:27:11,212.69,425,35.021807,-106.336276,7324.505
2024-09-11T21:29:48,212.93,425,35.021807,-106.336276,7324.505
2024-11-14T20:09:00,213.13,425,35.021807,-106.336276,7324.505
2024-12-23T17:10:00,214.14,425,35.021807,-106.336276,7324.505
2025-01-16T18:36:00,213.2,425,35.021807,-106.336276,7324.505
2025-02-10T19:17:00,213.12,425,35.021807,-106.336276,7324.505
2025-04-10T15:37:34,213.24,425,35.021807,-106.336276,7324.505
2025-03-12T22:30:00,213,425,35.021807,-106.336276,7324.505
2025-05-08T17:40:00,213.99,425,35.021807,-106.336276,7324.505
2025-06-16T21:56:00,213.73,425,35.021807,-106.336276,7324.505
2025-07-10T19:49:28,214.58,425,35.021807,-106.336276,7324.505
2025-08-04T18:00:00,214.24,425,35.021807,-106.336276,7324.505
2025-09-09T14:04:08,214.28,425,35.021807,-106.336276,7324.505
2021-11-10T18:09:20,345.6,425,35.022091,-106.334345,7352.552
2023-04-04T15:32:58,238.39,425,35.022091,-106.334345,7352.552
2023-09-22T14:54:42,315.02,425,35.022091,-106.334345,7352.552
2024-03-12T15:36:31,229.66,425,35.022091,-106.334345,7352.552
2025-03-12T15:15:23,234.39,425,35.022091,-106.334345,7352.552
2024-07-26T18:57:37,221.98,375,35.021126,-106.333093,7349.238
2023-03-08T15:59:00,278,375,35.021126,-106.333093,7349.238
2024-10-10T16:40:00,247.95,375,35.021126,-106.333093,7349.238
2025-01-06T23:34:55,222.65,375,35.021126,-106.333093,7349.238
2025-06-16T20:01:00,227.66,375,35.021126,-106.333093,7349.238
2025-09-09T14:18:12,227.41,375,35.021126,-106.333093,7349.238
2025-09-18T16:54:47,227.43,375,35.021126,-106.333093,7349.238
2024-04-02T19:16:40,215.88,500,35.02126,-106.336424,7329.065
2024-07-26T19:27:37,212.49,500,35.02126,-106.336424,7329.065
2025-03-12T16:26:09,217.3,500,35.02126,-106.336424,7329.065
2025-03-11T15:59:48,198.6,275,35.020297,-106.333779,7318.384
2025-03-12T22:45:10,266.15,NaN,35.020687,-106.334358,7320.598
2024-03-13T15:59:48,156.88,345,34.952575,-106.242004,7077.74
2025-03-12T18:02:34,159.35,345,34.952575,-106.242004,7077.74
2019-11-07T00:00:00,10.25,195,34.989422,-106.69603,4916.643
2019-07-01T00:00:00,14.6,195,34.989422,-106.69603,4916.643
2019-04-25T00:00:00,11,195,34.989422,-106.69603,4916.643
2019-02-28T00:00:00,11,195,34.989422,-106.69603,4916.643
2018-11-15T00:00:00,11.1,195,34.989422,-106.69603,4916.643
2018-08-15T00:00:00,11.48,195,34.989422,-106.69603,4916.643
2018-05-17T00:00:00,10.9,195,34.989422,-106.69603,4916.643
2018-03-01T00:00:00,11.55,195,34.989422,-106.69603,4916.643
2017-11-03T00:00:00,10.41,195,34.989422,-106.69603,4916.643
2017-09-14T00:00:00,10.66,195,34.989422,-106.69603,4916.643
2017-05-25T00:00:00,8.5,195,34.989422,-106.69603,4916.643
2017-02-23T00:00:00,10.94,195,34.989422,-106.69603,4916.643
2016-12-08T00:00:00,10.75,195,34.989422,-106.69603,4916.643
2016-07-22T00:00:00,11.05,195,34.989422,-106.69603,4916.643
2016-04-28T00:00:00,11.06,195,34.989422,-106.69603,4916.643
2016-03-04T00:00:00,11.38,195,34.989422,-106.69603,4916.643
2015-11-21T00:00:00,10.55,195,34.989422,-106.69603,4916.643
2015-07-23T00:00:00,11.32,195,34.989422,-106.69603,4916.643
2015-04-09T00:00:00,11.96,195,34.989422,-106.69603,4916.643
2015-02-19T00:00:00,11.52,195,34.989422,-106.69603,4916.643
2014-11-20T00:00:00,11.27,195,34.989422,-106.69603,4916.643
2014-09-03T00:00:00,16.76,195,34.989422,-106.69603,4916.643
2014-04-28T00:00:00,11.18,195,34.989422,-106.69603,4916.643
2014-01-07T00:00:00,10.57,195,34.989422,-106.69603,4916.643
2013-11-14T00:00:00,11.33,195,34.989422,-106.69603,4916.643
2013-07-30T00:00:00,11.71,195,34.989422,-106.69603,4916.643
2013-06-26T00:00:00,12.09,195,34.989422,-106.69603,4916.643
2013-02-13T00:00:00,12,195,34.989422,-106.69603,4916.643
2012-11-29T00:00:00,11.73,195,34.989422,-106.69603,4916.643
2012-08-27T00:00:00,11.88,195,34.989422,-106.69603,4916.643
2012-05-02T00:00:00,12.45,195,34.989422,-106.69603,4916.643
2012-01-31T00:00:00,12,195,34.989422,-106.69603,4916.643
2011-12-15T00:00:00,11.45,195,34.989422,-106.69603,4916.643
2011-10-05T00:00:00,10.48,195,34.989422,-106.69603,4916.643
2011-07-18T00:00:00,10.5,195,34.989422,-106.69603,4916.643
2011-06-02T00:00:00,11.09,195,34.989422,-106.69603,4916.643
2011-05-03T00:00:00,10.65,195,34.989422,-106.69603,4916.643
2011-01-25T00:00:00,11.27,195,34.989422,-106.69603,4916.643
2010-10-20T00:00:00,10.52,195,34.989422,-106.69603,4916.643
2010-07-15T00:00:00,10.48,195,34.989422,-106.69603,4916.643
2010-05-03T00:00:00,11.37,195,34.989422,-106.69603,4916.643
2010-02-04T00:00:00,14.53,195,34.989422,-106.69603,4916.643
2009-11-23T00:00:00,13.9,195,34.989422,-106.69603,4916.643
2009-08-31T00:00:00,10.91,195,34.989422,-106.69603,4916.643
2009-05-13T00:00:00,10.75,195,34.989422,-106.69603,4916.643
2009-01-09T00:00:00,10.28,195,34.989422,-106.69603,4916.643
2021-03-19T15:58:52,11.06,195,34.989422,-106.69603,4916.643
2021-11-08T17:24:22,11.3,195,34.989422,-106.69603,4916.643
2023-03-14T17:29:56,15.3,195,34.989422,-106.69603,4916.643
2023-08-15T16:26:33,11.62,195,34.989422,-106.69603,4916.643
2024-01-02T17:13:19,10.49,195,34.989422,-106.69603,4916.643
2024-03-01T16:57:52,9.36,195,34.989422,-106.69603,4916.643
2024-07-29T18:05:00,12.32,195,34.989422,-106.69603,4916.643
2024-10-03T19:41:08,11.21,195,34.989422,-106.69603,4916.643
2025-01-08T19:03:27,10.4,195,34.989422,-106.69603,4916.643
2025-03-18T16:04:41,11,195,34.989422,-106.69603,4916.643
2025-06-04T19:09:39,10.78,195,34.989422,-106.69603,4916.643
2025-09-02T17:59:23,12.89,195,34.989422,-106.69603,4916.643
2019-12-05T00:00:00,16.91,1320,34.947269,-106.69998,4910.169
2019-07-29T00:00:00,12.08,1320,34.947269,-106.69998,4910.169
2019-06-06T00:00:00,16.9,1320,34.947269,-106.69998,4910.169
2019-03-18T00:00:00,17.05,1320,34.947269,-106.69998,4910.169
2018-08-16T00:00:00,17.17,1320,34.947269,-106.69998,4910.169
2018-05-24T00:00:00,17.06,1320,34.947269,-106.69998,4910.169
2018-02-22T00:00:00,17.15,1320,34.947269,-106.69998,4910.169
2017-11-08T00:00:00,17.16,1320,34.947269,-106.69998,4910.169
2017-11-03T00:00:00,17.26,1320,34.947269,-106.69998,4910.169
2017-08-10T00:00:00,16.26,1320,34.947269,-106.69998,4910.169
2017-05-25T00:00:00,17.01,1320,34.947269,-106.69998,4910.169
2017-01-26T00:00:00,17.3,1320,34.947269,-106.69998,4910.169
2016-11-17T00:00:00,17.36,1320,34.947269,-106.69998,4910.169
2016-07-08T00:00:00,17.25,1320,34.947269,-106.69998,4910.169
2016-05-20T00:00:00,17.28,1320,34.947269,-106.69998,4910.169
2016-03-04T00:00:00,17.43,1320,34.947269,-106.69998,4910.169
2015-10-29T00:00:00,17.48,1320,34.947269,-106.69998,4910.169
2015-07-23T00:00:00,17.51,1320,34.947269,-106.69998,4910.169
2015-04-09T00:00:00,17.55,1320,34.947269,-106.69998,4910.169
2015-01-27T00:00:00,17.74,1320,34.947269,-106.69998,4910.169
2014-10-24T00:00:00,17.86,1320,34.947269,-106.69998,4910.169
2014-08-28T00:00:00,17.81,1320,34.947269,-106.69998,4910.169
2014-04-28T00:00:00,17.74,1320,34.947269,-106.69998,4910.169
2014-01-15T00:00:00,18,1320,34.947269,-106.69998,4910.169
2013-10-09T00:00:00,18.01,1320,34.947269,-106.69998,4910.169
2013-07-25T00:00:00,18.13,1320,34.947269,-106.69998,4910.169
2013-04-23T00:00:00,18.01,1320,34.947269,-106.69998,4910.169
2013-02-13T00:00:00,18.28,1320,34.947269,-106.69998,4910.169
2012-11-29T00:00:00,18.5,1320,34.947269,-106.69998,4910.169
2012-08-20T00:00:00,18.36,1320,34.947269,-106.69998,4910.169
2012-05-02T00:00:00,18.28,1320,34.947269,-106.69998,4910.169
2012-01-31T00:00:00,18.59,1320,34.947269,-106.69998,4910.169
2011-10-05T00:00:00,18.81,1320,34.947269,-106.69998,4910.169
2011-07-18T00:00:00,18.87,1320,34.947269,-106.69998,4910.169
2011-04-27T00:00:00,18.97,1320,34.947269,-106.69998,4910.169
2011-01-25T00:00:00,19.26,1320,34.947269,-106.69998,4910.169
2010-10-21T00:00:00,19.44,1320,34.947269,-106.69998,4910.169
2010-07-15T00:00:00,19.62,1320,34.947269,-106.69998,4910.169
2010-05-03T00:00:00,19.6,1320,34.947269,-106.69998,4910.169
2010-02-03T00:00:00,19.63,1320,34.947269,-106.69998,4910.169
2009-11-23T00:00:00,19.82,1320,34.947269,-106.69998,4910.169
2009-08-31T00:00:00,19.9,1320,34.947269,-106.69998,4910.169
2009-03-17T00:00:00,20.09,1320,34.947269,-106.69998,4910.169
2008-10-21T00:00:00,20.26,1320,34.947269,-106.69998,4910.169
2008-04-29T00:00:00,20.02,1320,34.947269,-106.69998,4910.169
2008-04-09T00:00:00,19.72,1320,34.947269,-106.69998,4910.169
2007-06-01T00:00:00,19.72,1320,34.947269,-106.69998,4910.169
2005-11-28T00:00:00,20.29,1320,34.947269,-106.69998,4910.169
2021-03-05T17:13:06,17.09,1320,34.947269,-106.69998,4910.169
2021-11-08T18:04:41,17.24,1320,34.947269,-106.69998,4910.169
2023-07-31T20:37:19,17.31,1320,34.947269,-106.69998,4910.169
2024-01-03T15:31:01,17.1,1320,34.947269,-106.69998,4910.169
2024-03-01T15:14:35,16.94,1320,34.947269,-106.69998,4910.169
2024-07-15T16:40:00,16.97,1320,34.947269,-106.69998,4910.169
2024-10-02T21:30:15,17.05,1320,34.947269,-106.69998,4910.169
2025-01-08T16:35:02,17.12,1320,34.947269,-106.69998,4910.169
2025-03-18T14:22:22,16.84,1320,34.947269,-106.69998,4910.169
2025-06-04T17:01:35,16.94,1320,34.947269,-106.69998,4910.169
2025-09-02T16:02:23,17.15,1320,34.947269,-106.69998,4910.169
2019-12-05T00:00:00,9.69,810,34.947277,-106.69998,4910.169
2019-07-29T00:00:00,11.41,810,34.947277,-106.69998,4910.169
2019-06-06T00:00:00,11.07,810,34.947277,-106.69998,4910.169
2019-03-18T00:00:00,9.52,810,34.947277,-106.69998,4910.169
2018-11-08T00:00:00,10.21,810,34.947277,-106.69998,4910.169
2018-08-16T00:00:00,11.95,810,34.947277,-106.69998,4910.169
2018-05-24T00:00:00,12.24,810,34.947277,-106.69998,4910.169
2018-02-22T00:00:00,10.25,810,34.947277,-106.69998,4910.169
2017-11-03T00:00:00,11.12,810,34.947277,-106.69998,4910.169
2017-08-10T00:00:00,12.05,810,34.947277,-106.69998,4910.169
2017-05-25T00:00:00,10.61,810,34.947277,-106.69998,4910.169
2017-01-26T00:00:00,9.88,810,34.947277,-106.69998,4910.169
2016-11-21T00:00:00,10.56,810,34.947277,-106.69998,4910.169
2016-07-08T00:00:00,13.03,810,34.947277,-106.69998,4910.169
2016-05-20T00:00:00,11.16,810,34.947277,-106.69998,4910.169
2016-03-04T00:00:00,10.49,810,34.947277,-106.69998,4910.169
2015-10-29T00:00:00,10.7,810,34.947277,-106.69998,4910.169
2015-07-23T00:00:00,11.59,810,34.947277,-106.69998,4910.169
2015-04-09T00:00:00,10.43,810,34.947277,-106.69998,4910.169
2015-01-27T00:00:00,10.41,810,34.947277,-106.69998,4910.169
2014-10-24T00:00:00,11.54,810,34.947277,-106.69998,4910.169
2014-08-28T00:00:00,12.51,810,34.947277,-106.69998,4910.169
2014-04-28T00:00:00,12.1,810,34.947277,-106.69998,4910.169
2014-01-15T00:00:00,10.45,810,34.947277,-106.69998,4910.169
2013-10-09T00:00:00,11.58,810,34.947277,-106.69998,4910.169
2013-07-25T00:00:00,13.1,810,34.947277,-106.69998,4910.169
2013-04-23T00:00:00,12.42,810,34.947277,-106.69998,4910.169
2013-02-13T00:00:00,10.27,810,34.947277,-106.69998,4910.169
2012-11-29T00:00:00,11.23,810,34.947277,-106.69998,4910.169
2012-08-20T00:00:00,14.31,810,34.947277,-106.69998,4910.169
2012-05-02T00:00:00,12.44,810,34.947277,-106.69998,4910.169
2012-01-31T00:00:00,10.74,810,34.947277,-106.69998,4910.169
2011-10-05T00:00:00,12.89,810,34.947277,-106.69998,4910.169
2011-07-18T00:00:00,13.72,810,34.947277,-106.69998,4910.169
2011-04-27T00:00:00,12.84,810,34.947277,-106.69998,4910.169
2011-01-25T00:00:00,10.27,810,34.947277,-106.69998,4910.169
2010-10-21T00:00:00,11.56,810,34.947277,-106.69998,4910.169
2010-07-15T00:00:00,13.37,810,34.947277,-106.69998,4910.169
2010-05-03T00:00:00,11.69,810,34.947277,-106.69998,4910.169
2010-02-03T00:00:00,10.38,810,34.947277,-106.69998,4910.169
2009-11-23T00:00:00,10.39,810,34.947277,-106.69998,4910.169
2009-08-31T00:00:00,12.61,810,34.947277,-106.69998,4910.169
2009-03-17T00:00:00,10.86,810,34.947277,-106.69998,4910.169
2008-10-21T00:00:00,11.34,810,34.947277,-106.69998,4910.169
2008-04-29T00:00:00,12.1,810,34.947277,-106.69998,4910.169
2008-04-09T00:00:00,11.99,810,34.947277,-106.69998,4910.169
2007-06-01T00:00:00,11.82,810,34.947277,-106.69998,4910.169
2005-11-28T00:00:00,10.29,810,34.947277,-106.69998,4910.169
2021-03-05T17:14:36,10.62,810,34.947277,-106.69998,4910.169
2021-11-08T18:05:44,10.93,810,34.947277,-106.69998,4910.169
2023-07-31T20:39:10,12.75,810,34.947277,-106.69998,4910.169
2024-01-03T15:32:44,9.79,810,34.947277,-106.69998,4910.169
2024-03-01T15:16:25,9.68,810,34.947277,-106.69998,4910.169
2024-07-15T16:42:00,12.43,810,34.947277,-106.69998,4910.169
2024-10-02T21:31:14,11.66,810,34.947277,-106.69998,4910.169
2025-01-08T16:36:16,9.86,810,34.947277,-106.69998,4910.169
2025-03-18T14:23:39,10.19,810,34.947277,-106.69998,4910.169
2025-06-04T17:02:19,11.9,810,34.947277,-106.69998,4910.169
2025-09-02T16:03:36,13.1,810,34.947277,-106.69998,4910.169
2019-12-05T00:00:00,8.39,180,34.947277,-106.69998,4910.169
2019-07-29T00:00:00,10.25,180,34.947277,-106.69998,4910.169
2019-06-06T00:00:00,9.82,180,34.947277,-106.69998,4910.169
2019-03-18T00:00:00,9.07,180,34.947277,-106.69998,4910.169
2018-11-08T00:00:00,9.19,180,34.947277,-106.69998,4910.169
2018-08-16T00:00:00,10.19,180,34.947277,-106.69998,4910.169
2018-05-24T00:00:00,10.94,180,34.947277,-106.69998,4910.169
2018-02-22T00:00:00,9.2,180,34.947277,-106.69998,4910.169
2017-11-03T00:00:00,9.6,180,34.947277,-106.69998,4910.169
2017-08-10T00:00:00,10.13,180,34.947277,-106.69998,4910.169
2017-05-25T00:00:00,9.36,180,34.947277,-106.69998,4910.169
2017-01-26T00:00:00,8.68,180,34.947277,-106.69998,4910.169
2016-11-21T00:00:00,8.83,180,34.947277,-106.69998,4910.169
2016-07-08T00:00:00,11.17,180,34.947277,-106.69998,4910.169
2016-05-20T00:00:00,9.97,180,34.947277,-106.69998,4910.169
2016-03-04T00:00:00,9.21,180,34.947277,-106.69998,4910.169
2015-10-29T00:00:00,9.81,180,34.947277,-106.69998,4910.169
2015-07-23T00:00:00,10.33,180,34.947277,-106.69998,4910.169
2015-04-09T00:00:00,10.81,180,34.947277,-106.69998,4910.169
2015-01-27T00:00:00,9.25,180,34.947277,-106.69998,4910.169
2014-10-24T00:00:00,10.06,180,34.947277,-106.69998,4910.169
2014-08-28T00:00:00,10.63,180,34.947277,-106.69998,4910.169
2014-04-28T00:00:00,10.34,180,34.947277,-106.69998,4910.169
2014-01-15T00:00:00,9.64,180,34.947277,-106.69998,4910.169
2013-10-09T00:00:00,10.51,180,34.947277,-106.69998,4910.169
2013-07-25T00:00:00,11.29,180,34.947277,-106.69998,4910.169
2013-04-23T00:00:00,11.29,180,34.947277,-106.69998,4910.169
2013-02-13T00:00:00,10.02,180,34.947277,-106.69998,4910.169
2012-11-29T00:00:00,10.01,180,34.947277,-106.69998,4910.169
2012-08-23T00:00:00,11.15,180,34.947277,-106.69998,4910.169
2012-05-02T00:00:00,11.25,180,34.947277,-106.69998,4910.169
2012-01-31T00:00:00,9.44,180,34.947277,-106.69998,4910.169
2011-10-05T00:00:00,10.37,180,34.947277,-106.69998,4910.169
2011-07-18T00:00:00,11.95,180,34.947277,-106.69998,4910.169
2011-04-27T00:00:00,10.92,180,34.947277,-106.69998,4910.169
2011-01-25T00:00:00,9.26,180,34.947277,-106.69998,4910.169
2010-10-21T00:00:00,9.85,180,34.947277,-106.69998,4910.169
2010-07-15T00:00:00,11.4,180,34.947277,-106.69998,4910.169
2010-05-03T00:00:00,10.29,180,34.947277,-106.69998,4910.169
2010-02-03T00:00:00,9.46,180,34.947277,-106.69998,4910.169
2009-11-23T00:00:00,9.08,180,34.947277,-106.69998,4910.169
2009-08-31T00:00:00,10.99,180,34.947277,-106.69998,4910.169
2009-03-17T00:00:00,9.44,180,34.947277,-106.69998,4910.169
2008-10-21T00:00:00,9.04,180,34.947277,-106.69998,4910.169
2008-04-29T00:00:00,10.89,180,34.947277,-106.69998,4910.169
2008-04-09T00:00:00,10.92,180,34.947277,-106.69998,4910.169
2007-06-01T00:00:00,10.88,180,34.947277,-106.69998,4910.169
2005-11-28T00:00:00,9.55,180,34.947277,-106.69998,4910.169
2021-03-05T17:15:00,9.53,180,34.947277,-106.69998,4910.169
2021-11-08T18:06:48,9.94,180,34.947277,-106.69998,4910.169
2023-07-31T20:40:34,11.15,180,34.947277,-106.69998,4910.169
2024-01-03T22:35:00,8.18,180,34.947277,-106.69998,4910.169
2024-03-01T15:17:11,8.35,180,34.947277,-106.69998,4910.169
2024-07-15T16:45:00,10.56,180,34.947277,-106.69998,4910.169
2024-10-02T21:32:07,10.09,180,34.947277,-106.69998,4910.169
2025-01-08T16:43:23,8.69,180,34.947277,-106.69998,4910.169
2025-03-18T14:24:46,8.94,180,34.947277,-106.69998,4910.169
2025-06-04T17:02:58,10.25,180,34.947277,-106.69998,4910.169
2025-09-02T16:05:09,11.38,180,34.947277,-106.69998,4910.169
2019-12-05T00:00:00,8.73,50,34.947269,-106.69998,4910.169
2019-06-06T00:00:00,8.13,50,34.947269,-106.69998,4910.169
2019-04-29T00:00:00,8.2,50,34.947269,-106.69998,4910.169
2019-03-18T00:00:00,8.89,50,34.947269,-106.69998,4910.169
2018-11-08T00:00:00,8.84,50,34.947269,-106.69998,4910.169
2018-08-16T00:00:00,8.28,50,34.947269,-106.69998,4910.169
2018-05-24T00:00:00,8.53,50,34.947269,-106.69998,4910.169
2018-02-22T00:00:00,9.18,50,34.947269,-106.69998,4910.169
2017-11-03T00:00:00,8.42,50,34.947269,-106.69998,4910.169
2017-08-10T00:00:00,8.42,50,34.947269,-106.69998,4910.169
2017-05-25T00:00:00,8.62,50,34.947269,-106.69998,4910.169
2017-01-26T00:00:00,9.15,50,34.947269,-106.69998,4910.169
2016-11-21T00:00:00,8.97,50,34.947269,-106.69998,4910.169
2016-07-08T00:00:00,8.58,50,34.947269,-106.69998,4910.169
2016-05-20T00:00:00,5.52,50,34.947269,-106.69998,4910.169
2016-03-03T00:00:00,9.36,50,34.947269,-106.69998,4910.169
2015-10-29T00:00:00,8.85,50,34.947269,-106.69998,4910.169
2015-07-23T00:00:00,8.74,50,34.947269,-106.69998,4910.169
2015-04-09T00:00:00,9.15,50,34.947269,-106.69998,4910.169
2015-01-27T00:00:00,9.45,50,34.947269,-106.69998,4910.169
2014-10-24T00:00:00,8.5,50,34.947269,-106.69998,4910.169
2014-08-28T00:00:00,8.64,50,34.947269,-106.69998,4910.169
2014-04-28T00:00:00,9.05,50,34.947269,-106.69998,4910.169
2014-01-15T00:00:00,9.53,50,34.947269,-106.69998,4910.169
2013-10-09T00:00:00,9.51,50,34.947269,-106.69998,4910.169
2013-07-25T00:00:00,9.34,50,34.947269,-106.69998,4910.169
2013-04-23T00:00:00,9.17,50,34.947269,-106.69998,4910.169
2013-02-13T00:00:00,9.76,50,34.947269,-106.69998,4910.169
2012-11-29T00:00:00,9.58,50,34.947269,-106.69998,4910.169
2012-08-23T00:00:00,8.57,50,34.947269,-106.69998,4910.169
2012-05-02T00:00:00,8.68,50,34.947269,-106.69998,4910.169
2012-01-31T00:00:00,9.58,50,34.947269,-106.69998,4910.169
2011-10-05T00:00:00,8.56,50,34.947269,-106.69998,4910.169
2011-07-18T00:00:00,8.48,50,34.947269,-106.69998,4910.169
2011-04-27T00:00:00,8.67,50,34.947269,-106.69998,4910.169
2011-01-25T00:00:00,9.56,50,34.947269,-106.69998,4910.169
2010-10-21T00:00:00,8.67,50,34.947269,-106.69998,4910.169
2010-08-16T00:00:00,8.54,50,34.947269,-106.69998,4910.169
2010-05-03T00:00:00,8.64,50,34.947269,-106.69998,4910.169
2010-02-03T00:00:00,9.55,50,34.947269,-106.69998,4910.169
2009-11-23T00:00:00,9.22,50,34.947269,-106.69998,4910.169
2009-08-31T00:00:00,8.21,50,34.947269,-106.69998,4910.169
2009-03-17T00:00:00,8.62,50,34.947269,-106.69998,4910.169
2008-10-21T00:00:00,8.33,50,34.947269,-106.69998,4910.169
2008-04-29T00:00:00,8.09,50,34.947269,-106.69998,4910.169
2008-04-09T00:00:00,8.22,50,34.947269,-106.69998,4910.169
2007-06-01T00:00:00,7.78,50,34.947269,-106.69998,4910.169
2005-11-28T00:00:00,8.46,50,34.947269,-106.69998,4910.169
2021-03-05T17:17:39,8.68,50,34.947269,-106.69998,4910.169
2021-11-08T18:08:02,8.89,50,34.947269,-106.69998,4910.169
2023-07-31T20:41:34,7.81,50,34.947269,-106.69998,4910.169
2024-01-03T15:33:53,8.36,50,34.947269,-106.69998,4910.169
2024-03-01T15:17:59,8.29,50,34.947269,-106.69998,4910.169
2024-07-15T16:50:00,8.23,50,34.947269,-106.69998,4910.169
2024-10-02T21:32:50,8.92,50,34.947269,-106.69998,4910.169
2025-01-08T16:41:25,8.65,50,34.947269,-106.69998,4910.169
2025-03-18T14:23:06,8.25,50,34.947269,-106.69998,4910.169
2025-06-04T17:03:38,7.6,50,34.947269,-106.69998,4910.169
2025-09-02T16:06:35,8.74,50,34.947269,-106.69998,4910.169
2025-03-12T15:50:00,211.24,240,35.032244,-106.289932,7084.528
2025-03-12T16:35:55,205.53,240,35.032266,-106.288941,7074.306
2021-10-30T15:26:49,280.9,375,35.141629,-106.29266187,6784.766
2023-03-29T19:57:50,284.11,375,35.141629,-106.29266187,6784.766
2024-03-18T15:55:34,281.58,375,35.141629,-106.29266187,6784.766
2025-03-17T19:04:10,280.47,375,35.141629,-106.29266187,6784.766
2019-11-20T00:00:00,590.71,645,35.17766944,-106.4885444,6174.287
2019-07-29T00:00:00,590.24,645,35.17766944,-106.4885444,6174.287
2019-05-08T00:00:00,589.39,645,35.17766944,-106.4885444,6174.287
2019-02-20T00:00:00,588.85,645,35.17766944,-106.4885444,6174.287
2018-10-10T00:00:00,583,645,35.17766944,-106.4885444,6174.287
2018-08-16T00:00:00,589,645,35.17766944,-106.4885444,6174.287
2018-04-19T00:00:00,587.62,645,35.17766944,-106.4885444,6174.287
2018-01-25T00:00:00,587.74,645,35.17766944,-106.4885444,6174.287
2017-11-30T00:00:00,587.68,645,35.17766944,-106.4885444,6174.287
2017-07-27T00:00:00,586.81,645,35.17766944,-106.4885444,6174.287
2017-05-18T00:00:00,586.01,645,35.17766944,-106.4885444,6174.287
2017-01-05T00:00:00,585.36,645,35.17766944,-106.4885444,6174.287
2016-11-17T00:00:00,585.69,645,35.17766944,-106.4885444,6174.287
2016-07-22T00:00:00,585.09,645,35.17766944,-106.4885444,6174.287
2016-05-20T00:00:00,584.29,645,35.17766944,-106.4885444,6174.287
2016-01-29T00:00:00,583.79,645,35.17766944,-106.4885444,6174.287
2015-11-20T00:00:00,584.34,645,35.17766944,-106.4885444,6174.287
2015-07-14T00:00:00,583.6,645,35.17766944,-106.4885444,6174.287
2015-04-30T00:00:00,582.84,645,35.17766944,-106.4885444,6174.287
2015-02-05T00:00:00,582.8,645,35.17766944,-106.4885444,6174.287
2014-10-23T00:00:00,583.24,645,35.17766944,-106.4885444,6174.287
2014-08-19T00:00:00,582.72,645,35.17766944,-106.4885444,6174.287
2021-12-13T19:51:00,594.76,645,35.17766944,-106.4885444,6174.287
2023-08-01T16:06:08,597.34,645,35.17766944,-106.4885444,6174.287
2024-01-03T18:39:21,597.9,645,35.17766944,-106.4885444,6174.287
2024-02-16T23:04:00,597.65,645,35.17766944,-106.4885444,6174.287
2024-03-02T00:24:53,597.61,645,35.17766944,-106.4885444,6174.287
2024-04-04T00:36:42,597.76,645,35.17766944,-106.4885444,6174.287
2024-04-26T18:15:19,597.95,645,35.17766944,-106.4885444,6174.287
2024-07-03T20:15:00,598.7,645,35.17766944,-106.4885444,6174.287
2024-07-15T23:20:00,598.68,645,35.17766944,-106.4885444,6174.287
2024-08-12T19:18:21,599.08,645,35.17766944,-106.4885444,6174.287
2024-09-17T14:27:00,599.41,645,35.17766944,-106.4885444,6174.287
2024-10-01T19:48:03,599.73,645,35.17766944,-106.4885444,6174.287
2024-11-05T17:37:03,599.99,645,35.17766944,-106.4885444,6174.287
2024-12-09T19:02:26,599.63,645,35.17766944,-106.4885444,6174.287
2025-01-07T18:36:45,599.59,645,35.17766944,-106.4885444,6174.287
2025-02-06T20:43:53,600.01,645,35.17766944,-106.4885444,6174.287
2025-03-14T20:24:45,599.18,645,35.17766944,-106.4885444,6174.287
2025-04-04T16:34:25,599.56,645,35.17766944,-106.4885444,6174.287
2025-05-01T21:10:00,599.69,645,35.17766944,-106.4885444,6174.287
2025-06-09T21:05:58,600.01,645,35.17766944,-106.4885444,6174.287
2025-07-11T20:40:00,600.41,645,35.17766944,-106.4885444,6174.287
2025-08-01T15:13:00,600.65,645,35.17766944,-106.4885444,6174.287
2025-09-03T20:54:45,600.83,645,35.17766944,-106.4885444,6174.287
2019-11-07T00:00:00,7.3,200,34.956868,-106.697609,4902.834
2019-07-29T00:00:00,8.11,200,34.956868,-106.697609,4902.834
2019-05-02T00:00:00,7.96,200,34.956868,-106.697609,4902.834
2019-02-28T00:00:00,7.7,200,34.956868,-106.697609,4902.834
2018-09-10T00:00:00,8.75,200,34.956868,-106.697609,4902.834
2018-05-17T00:00:00,8.76,200,34.956868,-106.697609,4902.834
2018-02-22T00:00:00,7.8,200,34.956868,-106.697609,4902.834
2017-11-03T00:00:00,8.1,200,34.956868,-106.697609,4902.834
2017-09-14T00:00:00,8.48,200,34.956868,-106.697609,4902.834
2017-05-25T00:00:00,8.18,200,34.956868,-106.697609,4902.834
2017-01-19T00:00:00,7.4,200,34.956868,-106.697609,4902.834
2016-12-08T00:00:00,7.41,200,34.956868,-106.697609,4902.834
2016-07-22T00:00:00,9.74,200,34.956868,-106.697609,4902.834
2016-04-28T00:00:00,8.47,200,34.956868,-106.697609,4902.834
2016-01-22T00:00:00,7.74,200,34.956868,-106.697609,4902.834
2015-11-21T00:00:00,7.44,200,34.956868,-106.697609,4902.834
2015-11-15T00:00:00,7.61,200,34.956868,-106.697609,4902.834
2015-07-23T00:00:00,8.24,200,34.956868,-106.697609,4902.834
2015-04-09T00:00:00,8.86,200,34.956868,-106.697609,4902.834
2015-02-19T00:00:00,8.15,200,34.956868,-106.697609,4902.834
2014-11-20T00:00:00,8.14,200,34.956868,-106.697609,4902.834
2014-05-07T00:00:00,9.86,200,34.956868,-106.697609,4902.834
2014-01-07T00:00:00,8.07,200,34.956868,-106.697609,4902.834
2013-10-23T00:00:00,8.12,200,34.956868,-106.697609,4902.834
2013-09-23T00:00:00,9.1,200,34.956868,-106.697609,4902.834
2013-09-03T00:00:00,8.91,200,34.956868,-106.697609,4902.834
2013-04-23T00:00:00,9.3,200,34.956868,-106.697609,4902.834
2013-02-13T00:00:00,8.27,200,34.956868,-106.697609,4902.834
2012-11-29T00:00:00,8.05,200,34.956868,-106.697609,4902.834
2012-09-05T00:00:00,9.9,200,34.956868,-106.697609,4902.834
2012-05-02T00:00:00,9.4,200,34.956868,-106.697609,4902.834
2012-02-02T00:00:00,8.8,200,34.956868,-106.697609,4902.834
2011-10-05T00:00:00,8.55,200,34.956868,-106.697609,4902.834
2011-07-18T00:00:00,9.59,200,34.956868,-106.697609,4902.834
2011-02-08T00:00:00,8.4,200,34.956868,-106.697609,4902.834
2010-10-21T00:00:00,8.23,200,34.956868,-106.697609,4902.834
2010-07-15T00:00:00,9.6,200,34.956868,-106.697609,4902.834
2010-05-21T00:00:00,7.92,200,34.956868,-106.697609,4902.834
2010-02-04T00:00:00,7.19,200,34.956868,-106.697609,4902.834
2009-08-26T00:00:00,8.4,200,34.956868,-106.697609,4902.834
2021-03-05T17:42:00,7.91,200,34.956868,-106.697609,4902.834
2021-11-08T17:45:38,8.05,200,34.956868,-106.697609,4902.834
2023-03-14T15:05:20,8.6,200,34.956868,-106.697609,4902.834
2023-07-31T20:21:51,8.9,200,34.956868,-106.697609,4902.834
2024-01-02T15:43:31,6.98,200,34.956868,-106.697609,4902.834
2024-03-01T15:13:20,6.81,200,34.956868,-106.697609,4902.834
2024-07-15T17:14:00,9.15,200,34.956868,-106.697609,4902.834
2024-10-02T21:53:53,8.49,200,34.956868,-106.697609,4902.834
2025-01-08T17:01:38,6.81,200,34.956868,-106.697609,4902.834
2025-03-18T14:37:11,7.58,200,34.956868,-106.697609,4902.834
2025-06-04T17:24:02,8.57,200,34.956868,-106.697609,4902.834
2025-09-02T16:17:40,9.86,200,34.956868,-106.697609,4902.834
2020-11-07T00:00:00,356.4,425,35.153461,-106.294222,6972.104
2020-07-31T00:00:00,354.1,425,35.153461,-106.294222,6972.104
2020-04-28T00:00:00,350.9,425,35.153461,-106.294222,6972.104
2019-11-02T00:00:00,345.8,425,35.153461,-106.294222,6972.104
2019-07-24T00:00:00,345.2,425,35.153461,-106.294222,6972.104
2019-04-24T00:00:00,345,425,35.153461,-106.294222,6972.104
2019-01-10T00:00:00,346.4,425,35.153461,-106.294222,6972.104
2018-09-23T00:00:00,343.5,425,35.153461,-106.294222,6972.104
2018-04-06T00:00:00,339.2,425,35.153461,-106.294222,6972.104
2017-10-09T00:00:00,339.7,425,35.153461,-106.294222,6972.104
2017-06-21T00:00:00,340,425,35.153461,-106.294222,6972.104
2017-01-25T00:00:00,336.5,425,35.153461,-106.294222,6972.104
2016-06-07T00:00:00,336,425,35.153461,-106.294222,6972.104
2016-03-09T00:00:00,336.8,425,35.153461,-106.294222,6972.104
2015-12-02T00:00:00,337.8,425,35.153461,-106.294222,6972.104
2015-09-02T00:00:00,337.8,425,35.153461,-106.294222,6972.104
2015-06-03T00:00:00,340.2,425,35.153461,-106.294222,6972.104
2015-03-11T00:00:00,341.2,425,35.153461,-106.294222,6972.104
2014-12-03T00:00:00,342.5,425,35.153461,-106.294222,6972.104
2014-09-06T00:00:00,340.5,425,35.153461,-106.294222,6972.104
2014-06-03T00:00:00,339.6,425,35.153461,-106.294222,6972.104
2014-03-04T00:00:00,339.4,425,35.153461,-106.294222,6972.104
2013-12-04T00:00:00,338.7,425,35.153461,-106.294222,6972.104
2013-09-11T00:00:00,336.5,425,35.153461,-106.294222,6972.104
2013-06-13T00:00:00,335,425,35.153461,-106.294222,6972.104
2013-03-12T00:00:00,340.2,425,35.153461,-106.294222,6972.104
2012-12-11T00:00:00,338.5,425,35.153461,-106.294222,6972.104
2012-09-12T00:00:00,336.2,425,35.153461,-106.294222,6972.104
2012-06-12T00:00:00,333.8,425,35.153461,-106.294222,6972.104
2012-03-07T00:00:00,335.4,425,35.153461,-106.294222,6972.104
2011-12-21T00:00:00,335.7,425,35.153461,-106.294222,6972.104
2011-05-26T00:00:00,333.1,425,35.153461,-106.294222,6972.104
2010-12-15T00:00:00,329.9,425,35.153461,-106.294222,6972.104
2010-08-10T00:00:00,330.2,425,35.153461,-106.294222,6972.104
2021-03-13T18:08:07,356,425,35.153461,-106.294222,6972.104
2021-10-30T17:39:29,359.1,425,35.153461,-106.294222,6972.104
2023-03-30T14:49:49,353.63,425,35.153461,-106.294222,6972.104
2023-11-09T22:15:00,349.4,425,35.153461,-106.294222,6972.104
2023-12-08T19:54:32,352.59,425,35.153461,-106.294222,6972.104
2024-01-17T19:45:00,350.5,425,35.153461,-106.294222,6972.104
2024-02-07T22:09:40,351.1,425,35.153461,-106.294222,6972.104
2024-03-22T22:31:14,351.95,425,35.153461,-106.294222,6972.104
2024-03-26T17:43:16,351.95,425,35.153461,-106.294222,6972.104
2024-04-09T21:22:10,352.1,425,35.153461,-106.294222,6972.104
2024-05-08T17:06:00,352.2,425,35.153461,-106.294222,6972.104
2024-06-12T16:33:35,354,425,35.153461,-106.294222,6972.104
2024-07-25T15:35:00,356.16,425,35.153461,-106.294222,6972.104
2024-08-14T19:10:20,356.59,425,35.153461,-106.294222,6972.104
2024-09-11T15:44:57,355.85,425,35.153461,-106.294222,6972.104
2024-10-09T15:27:25,356.51,425,35.153461,-106.294222,6972.104
2024-11-13T19:13:34,354.7,425,35.153461,-106.294222,6972.104
2024-12-16T22:02:35,354.77,425,35.153461,-106.294222,6972.104
2025-01-15T16:43:19,354.69,425,35.153461,-106.294222,6972.104
2025-02-04T17:03:56,354.92,425,35.153461,-106.294222,6972.104
2025-03-20T14:38:18,355.18,425,35.153461,-106.294222,6972.104
2025-04-08T20:01:26,356.1,425,35.153461,-106.294222,6972.104
2025-05-06T17:30:44,355.9,425,35.153461,-106.294222,6972.104
2025-06-11T20:01:22,353.21,425,35.153461,-106.294222,6972.104
2025-07-14T17:46:30,352.49,425,35.153461,-106.294222,6972.104
2025-08-05T21:38:28,353,425,35.153461,-106.294222,6972.104
2025-09-15T19:11:37,350.52,425,35.153461,-106.294222,6972.104
2014-12-03T00:00:00,379,440,35.153242,-106.298617,6857.966
2014-09-06T00:00:00,378.2,440,35.153242,-106.298617,6857.966
2014-06-03T00:00:00,377.3,440,35.153242,-106.298617,6857.966
2014-03-04T00:00:00,377.1,440,35.153242,-106.298617,6857.966
2013-12-04T00:00:00,377,440,35.153242,-106.298617,6857.966
2013-09-11T00:00:00,376,440,35.153242,-106.298617,6857.966
2013-06-13T00:00:00,374.8,440,35.153242,-106.298617,6857.966
2013-03-12T00:00:00,373.8,440,35.153242,-106.298617,6857.966
2012-12-11T00:00:00,373.8,440,35.153242,-106.298617,6857.966
2012-09-12T00:00:00,372.8,440,35.153242,-106.298617,6857.966
2012-06-12T00:00:00,372.4,440,35.153242,-106.298617,6857.966
2023-12-08T21:32:09,400.1,440,35.153242,-106.298617,6857.966
2024-01-17T19:27:21,400,440,35.153242,-106.298617,6857.966
2024-02-07T23:15:45,399.7,440,35.153242,-106.298617,6857.966
2024-03-22T22:07:50,405.37,440,35.153242,-106.298617,6857.966
2024-03-26T17:41:26,405.37,440,35.153242,-106.298617,6857.966
2024-05-08T17:04:00,406.13,440,35.153242,-106.298617,6857.966
2024-06-12T22:02:00,406.5,440,35.153242,-106.298617,6857.966
2024-08-14T19:52:48,407.82,440,35.153242,-106.298617,6857.966
2024-09-11T16:47:07,408.75,440,35.153242,-106.298617,6857.966
2024-10-09T15:56:17,407.18,440,35.153242,-106.298617,6857.966
2024-12-19T20:50:00,406.17,440,35.153242,-106.298617,6857.966
2025-01-15T16:56:27,406.79,440,35.153242,-106.298617,6857.966
2025-02-04T17:36:41,405.7,440,35.153242,-106.298617,6857.966
2025-03-20T15:25:36,405.98,440,35.153242,-106.298617,6857.966
2025-04-08T20:32:30,406.31,440,35.153242,-106.298617,6857.966
2025-06-11T20:46:40,406.95,440,35.153242,-106.298617,6857.966
2025-07-23T18:32:58,409.11,440,35.153242,-106.298617,6857.966
2025-08-05T21:49:00,412.57,440,35.153242,-106.298617,6857.966
2025-09-08T17:53:11,407.54,440,35.153242,-106.298617,6857.966
2020-11-07T00:00:00,344.4,400,35.152372,-106.299691,6809.157
2020-07-31T00:00:00,343.1,400,35.152372,-106.299691,6809.157
2020-04-28T00:00:00,340.2,400,35.152372,-106.299691,6809.157
2019-11-02T00:00:00,338,400,35.152372,-106.299691,6809.157
2019-07-24T00:00:00,338.4,400,35.152372,-106.299691,6809.157
2019-04-24T00:00:00,337.5,400,35.152372,-106.299691,6809.157
2019-01-10T00:00:00,338.1,400,35.152372,-106.299691,6809.157
2018-09-23T00:00:00,336.2,400,35.152372,-106.299691,6809.157
2018-04-06T00:00:00,335,400,35.152372,-106.299691,6809.157
2017-10-09T00:00:00,334.9,400,35.152372,-106.299691,6809.157
2017-06-21T00:00:00,336,400,35.152372,-106.299691,6809.157
2017-01-25T00:00:00,331.8,400,35.152372,-106.299691,6809.157
2016-06-07T00:00:00,330.7,400,35.152372,-106.299691,6809.157
2016-03-09T00:00:00,330.2,400,35.152372,-106.299691,6809.157
2015-12-02T00:00:00,329.7,400,35.152372,-106.299691,6809.157
2015-09-02T00:00:00,329,400,35.152372,-106.299691,6809.157
2015-06-03T00:00:00,328.8,400,35.152372,-106.299691,6809.157
2015-03-11T00:00:00,328.4,400,35.152372,-106.299691,6809.157
2014-12-03T00:00:00,327.9,400,35.152372,-106.299691,6809.157
2014-09-06T00:00:00,327.4,400,35.152372,-106.299691,6809.157
2014-06-03T00:00:00,326.4,400,35.152372,-106.299691,6809.157
2014-03-04T00:00:00,326.2,400,35.152372,-106.299691,6809.157
2013-12-04T00:00:00,325.8,400,35.152372,-106.299691,6809.157
2013-09-11T00:00:00,325.4,400,35.152372,-106.299691,6809.157
2013-06-13T00:00:00,324.6,400,35.152372,-106.299691,6809.157
2013-03-12T00:00:00,323.9,400,35.152372,-106.299691,6809.157
2012-12-11T00:00:00,323.2,400,35.152372,-106.299691,6809.157
2012-09-12T00:00:00,322.9,400,35.152372,-106.299691,6809.157
2021-03-13T18:27:24,343.2,400,35.152372,-106.299691,6809.157
2021-10-30T18:00:47,345.2,400,35.152372,-106.299691,6809.157
2023-03-30T15:24:47,353.13,400,35.152372,-106.299691,6809.157
2023-11-09T21:56:04,350.57,400,35.152372,-106.299691,6809.157
2023-12-08T19:39:40,349.4,400,35.152372,-106.299691,6809.157
2024-01-17T18:47:41,349.7,400,35.152372,-106.299691,6809.157
2024-02-07T23:49:32,349.7,400,35.152372,-106.299691,6809.157
2024-03-26T17:40:32,350.62,400,35.152372,-106.299691,6809.157
2024-04-10T21:40:52,350.67,400,35.152372,-106.299691,6809.157
2024-05-08T17:02:00,350.7,400,35.152372,-106.299691,6809.157
2024-06-12T22:03:00,351.82,400,35.152372,-106.299691,6809.157
2024-07-25T14:54:00,351.75,400,35.152372,-106.299691,6809.157
2024-08-14T20:11:19,351.88,400,35.152372,-106.299691,6809.157
2024-09-11T16:48:09,353.21,400,35.152372,-106.299691,6809.157
2024-10-09T16:03:41,353.06,400,35.152372,-106.299691,6809.157
2024-11-13T20:28:06,352.69,400,35.152372,-106.299691,6809.157
2024-12-19T22:42:00,352.66,400,35.152372,-106.299691,6809.157
2025-02-04T17:53:18,353.18,400,35.152372,-106.299691,6809.157
2025-03-20T15:56:15,353.29,400,35.152372,-106.299691,6809.157
2025-04-08T21:19:34,353.74,400,35.152372,-106.299691,6809.157
2025-05-08T20:46:04,353.68,400,35.152372,-106.299691,6809.157
2025-06-11T19:34:00,353.64,400,35.152372,-106.299691,6809.157
2025-07-23T18:33:54,354.99,400,35.152372,-106.299691,6809.157
2025-08-05T21:53:00,353.6,400,35.152372,-106.299691,6809.157
2025-09-08T17:54:11,1363.43,400,35.152372,-106.299691,6809.157
2025-09-15T18:56:01,361.73,400,35.152372,-106.299691,6809.157
2020-11-07T00:00:00,172.2,402,35.156182,-106.296728,6824.73
2020-07-31T00:00:00,173.5,402,35.156182,-106.296728,6824.73
2020-04-28T00:00:00,174.18,402,35.156182,-106.296728,6824.73
2019-11-02T00:00:00,175.53,402,35.156182,-106.296728,6824.73
2019-07-24T00:00:00,176.4,402,35.156182,-106.296728,6824.73
2019-04-24T00:00:00,177.09,402,35.156182,-106.296728,6824.73
2019-01-10T00:00:00,177.97,402,35.156182,-106.296728,6824.73
2018-09-23T00:00:00,178.57,402,35.156182,-106.296728,6824.73
2018-04-06T00:00:00,179.05,402,35.156182,-106.296728,6824.73
2017-10-09T00:00:00,179.21,402,35.156182,-106.296728,6824.73
2017-06-21T00:00:00,178.99,402,35.156182,-106.296728,6824.73
2017-01-25T00:00:00,178.58,402,35.156182,-106.296728,6824.73
2016-06-07T00:00:00,177.99,402,35.156182,-106.296728,6824.73
2016-03-08T00:00:00,177.64,402,35.156182,-106.296728,6824.73
2015-12-02T00:00:00,177.45,402,35.156182,-106.296728,6824.73
2015-09-02T00:00:00,177.06,402,35.156182,-106.296728,6824.73
2015-06-03T00:00:00,176.61,402,35.156182,-106.296728,6824.73
2015-03-11T00:00:00,176.3,402,35.156182,-106.296728,6824.73
2014-12-03T00:00:00,175.85,402,35.156182,-106.296728,6824.73
2014-09-06T00:00:00,175.5,402,35.156182,-106.296728,6824.73
2014-06-03T00:00:00,174.92,402,35.156182,-106.296728,6824.73
2014-03-04T00:00:00,174.41,402,35.156182,-106.296728,6824.73
2013-12-04T00:00:00,173.85,402,35.156182,-106.296728,6824.73
2013-09-11T00:00:00,173.54,402,35.156182,-106.296728,6824.73
2013-06-13T00:00:00,173.05,402,35.156182,-106.296728,6824.73
2013-03-19T00:00:00,172.52,402,35.156182,-106.296728,6824.73
2021-03-13T18:16:55,171.73,402,35.156182,-106.296728,6824.73
2021-10-30T17:51:51,169.95,402,35.156182,-106.296728,6824.73
2023-03-30T15:04:17,167.87,402,35.156182,-106.296728,6824.73
2023-12-08T20:25:03,166.93,402,35.156182,-106.296728,6824.73
2023-11-09T21:37:00,167.1,402,35.156182,-106.296728,6824.73
2024-01-04T17:41:15,166.81,402,35.156182,-106.296728,6824.73
2024-02-07T15:31:00,166.68,402,35.156182,-106.296728,6824.73
2024-03-22T22:30:10,166.64,402,35.156182,-106.296728,6824.73
2024-03-26T17:45:19,166.64,402,35.156182,-106.296728,6824.73
2024-04-09T21:30:20,166.59,402,35.156182,-106.296728,6824.73
2024-05-16T17:09:19,166.52,402,35.156182,-106.296728,6824.73
2024-06-12T16:27:47,166.62,402,35.156182,-106.296728,6824.73
2024-07-25T15:38:00,166.59,402,35.156182,-106.296728,6824.73
2024-08-14T19:32:34,166.49,402,35.156182,-106.296728,6824.73
2024-09-11T16:45:44,166.47,402,35.156182,-106.296728,6824.73
2024-10-07T16:31:00,166.51,402,35.156182,-106.296728,6824.73
2024-11-05T21:52:00,166.38,402,35.156182,-106.296728,6824.73
2024-12-16T22:23:09,166.39,402,35.156182,-106.296728,6824.73
2025-01-14T22:50:00,166.3,402,35.156182,-106.296728,6824.73
2025-02-04T17:16:54,166.17,402,35.156182,-106.296728,6824.73
2025-03-20T14:54:08,166.33,402,35.156182,-106.296728,6824.73
2025-04-08T20:21:13,166.3,402,35.156182,-106.296728,6824.73
2025-05-06T17:42:51,166.37,402,35.156182,-106.296728,6824.73
2025-06-11T19:40:00,166.51,402,35.156182,-106.296728,6824.73
2025-07-14T17:42:53,166.5,402,35.156182,-106.296728,6824.73
2025-08-05T21:37:30,166.47,402,35.156182,-106.296728,6824.73
2025-09-08T17:40:51,166.43,402,35.156182,-106.296728,6824.73
2020-11-08T00:00:00,26.01,205,34.960614,-106.252039,7071.233
2020-08-02T00:00:00,25.65,205,34.960614,-106.252039,7071.233
2020-05-02T00:00:00,24.38,205,34.960614,-106.252039,7071.233
2019-11-03T00:00:00,22.7,205,34.960614,-106.252039,7071.233
2019-07-25T00:00:00,21.08,205,34.960614,-106.252039,7071.233
2019-04-25T00:00:00,20.2,205,34.960614,-106.252039,7071.233
2019-01-05T00:00:00,22.76,205,34.960614,-106.252039,7071.233
2018-09-24T00:00:00,23.03,205,34.960614,-106.252039,7071.233
2018-04-08T00:00:00,22.25,205,34.960614,-106.252039,7071.233
2017-10-03T00:00:00,22.96,205,34.960614,-106.252039,7071.233
2017-06-26T00:00:00,22.38,205,34.960614,-106.252039,7071.233
2017-02-01T00:00:00,22.02,205,34.960614,-106.252039,7071.233
2016-06-15T00:00:00,20.58,205,34.960614,-106.252039,7071.233
2016-03-30T00:00:00,19.92,205,34.960614,-106.252039,7071.233
2015-09-09T00:00:00,20.41,205,34.960614,-106.252039,7071.233
2015-06-08T00:00:00,24.07,205,34.960614,-106.252039,7071.233
2015-03-09T00:00:00,24.23,205,34.960614,-106.252039,7071.233
2014-10-16T00:00:00,24.558,205,34.960614,-106.252039,7071.233
2014-08-05T00:00:00,23.542,205,34.960614,-106.252039,7071.233
2014-05-06T00:00:00,22.27,205,34.960614,-106.252039,7071.233
2014-01-30T00:00:00,22.279,205,34.960614,-106.252039,7071.233
2013-11-13T00:00:00,21.67,205,34.960614,-106.252039,7071.233
2013-08-14T00:00:00,25.546,205,34.960614,-106.252039,7071.233
2013-05-21T00:00:00,25.635,205,34.960614,-106.252039,7071.233
2013-02-21T00:00:00,24.296,205,34.960614,-106.252039,7071.233
2012-11-14T00:00:00,24.481,205,34.960614,-106.252039,7071.233
2012-08-09T00:00:00,23.54,205,34.960614,-106.252039,7071.233
2012-04-24T00:00:00,21.418,205,34.960614,-106.252039,7071.233
2012-03-13T00:00:00,21.212,205,34.960614,-106.252039,7071.233
2021-03-14T16:18:34,26.31,205,34.960614,-106.252039,7071.233
2021-11-06T16:57:54,27.9,205,34.960614,-106.252039,7071.233
2020-10-31T00:00:00,25.13,37.8,35.076975,-106.38924,6275.974
2020-08-01T00:00:00,24.83,37.8,35.076975,-106.38924,6275.974
2020-04-24T00:00:00,24.05,37.8,35.076975,-106.38924,6275.974
2019-10-27T00:00:00,24.71,37.8,35.076975,-106.38924,6275.974
2019-07-21T00:00:00,24.45,37.8,35.076975,-106.38924,6275.974
2019-04-16T00:00:00,24.08,37.8,35.076975,-106.38924,6275.974
2018-12-17T00:00:00,24.44,37.8,35.076975,-106.38924,6275.974
2018-09-05T00:00:00,24.52,37.8,35.076975,-106.38924,6275.974
2018-04-02T00:00:00,24.42,37.8,35.076975,-106.38924,6275.974
2017-09-29T00:00:00,24.25,37.8,35.076975,-106.38924,6275.974
2017-06-13T00:00:00,23.79,37.8,35.076975,-106.38924,6275.974
2017-01-17T00:00:00,23.98,37.8,35.076975,-106.38924,6275.974
2016-06-14T00:00:00,24.12,37.8,35.076975,-106.38924,6275.974
2016-03-10T00:00:00,23.72,37.8,35.076975,-106.38924,6275.974
2015-12-08T00:00:00,23.5,37.8,35.076975,-106.38924,6275.974
2015-09-08T00:00:00,23.58,37.8,35.076975,-106.38924,6275.974
2015-06-03T00:00:00,23.351,37.8,35.076975,-106.38924,6275.974
2015-03-09T00:00:00,23.63,37.8,35.076975,-106.38924,6275.974
2014-10-16T00:00:00,23.447,37.8,35.076975,-106.38924,6275.974
2014-07-21T00:00:00,24.802,37.8,35.076975,-106.38924,6275.974
2014-05-01T00:00:00,24.237,37.8,35.076975,-106.38924,6275.974
2014-01-29T00:00:00,24.563,37.8,35.076975,-106.38924,6275.974
2013-11-12T00:00:00,24.367,37.8,35.076975,-106.38924,6275.974
2013-08-13T00:00:00,25.677,37.8,35.076975,-106.38924,6275.974
2013-05-06T00:00:00,25.74,37.8,35.076975,-106.38924,6275.974
2013-02-11T00:00:00,26.074,37.8,35.076975,-106.38924,6275.974
2012-11-28T00:00:00,26.059,37.8,35.076975,-106.38924,6275.974
2012-08-09T00:00:00,27.212,37.8,35.076975,-106.38924,6275.974
2012-05-10T00:00:00,25.317,37.8,35.076975,-106.38924,6275.974
2012-03-05T00:00:00,25.39,37.8,35.076975,-106.38924,6275.974
2021-03-06T21:02:36,25.41,37.8,35.076975,-106.38924,6275.974
2021-10-18T18:50:16,24.94,37.8,35.076975,-106.38924,6275.974
2023-08-02T22:22:35,24.79,37.8,35.076975,-106.38924,6275.974
2023-10-17T18:30:00,25.38,37.8,35.076975,-106.38924,6275.974
2023-11-06T20:57:45,24.78,37.8,35.076975,-106.38924,6275.974
2023-12-06T19:43:48,25.09,37.8,35.076975,-106.38924,6275.974
2024-01-03T22:29:58,24.38,37.8,35.076975,-106.38924,6275.974
2024-02-01T16:55:29,24.53,37.8,35.076975,-106.38924,6275.974
2024-03-22T16:23:21,24.52,37.8,35.076975,-106.38924,6275.974
2024-04-04T16:33:29,24.42,37.8,35.076975,-106.38924,6275.974
2024-05-06T15:02:00,24.43,37.8,35.076975,-106.38924,6275.974
2024-06-03T18:42:03,24.56,37.8,35.076975,-106.38924,6275.974
2024-07-03T18:47:00,24.91,37.8,35.076975,-106.38924,6275.974
2024-08-16T16:25:39,24.6,37.8,35.076975,-106.38924,6275.974
2024-09-12T14:38:00,24.62,37.8,35.076975,-106.38924,6275.974
2024-10-04T17:31:08,24.62,37.8,35.076975,-106.38924,6275.974
2024-11-05T18:59:46,24.91,37.8,35.076975,-106.38924,6275.974
2025-03-19T15:27:49,24.6,37.8,35.076975,-106.38924,6275.974
2020-10-31T00:00:00,32.64,100,35.076878,-106.389454,6279.868
2020-07-24T00:00:00,32.15,100,35.076878,-106.389454,6279.868
2020-04-24T00:00:00,31.36,100,35.076878,-106.389454,6279.868
2019-10-27T00:00:00,32.13,100,35.076878,-106.389454,6279.868
2019-07-21T00:00:00,31.89,100,35.076878,-106.389454,6279.868
2019-04-16T00:00:00,31.43,100,35.076878,-106.389454,6279.868
2018-12-17T00:00:00,31.8,100,35.076878,-106.389454,6279.868
2018-09-05T00:00:00,35.45,100,35.076878,-106.389454,6279.868
2018-04-02T00:00:00,31.75,100,35.076878,-106.389454,6279.868
2017-09-29T00:00:00,31.77,100,35.076878,-106.389454,6279.868
2017-06-13T00:00:00,31.32,100,35.076878,-106.389454,6279.868
2017-01-17T00:00:00,31.45,100,35.076878,-106.389454,6279.868
2016-06-14T00:00:00,31.76,100,35.076878,-106.389454,6279.868
2016-03-10T00:00:00,31.34,100,35.076878,-106.389454,6279.868
2015-12-08T00:00:00,31.16,100,35.076878,-106.389454,6279.868
2015-09-08T00:00:00,31.25,100,35.076878,-106.389454,6279.868
2015-06-03T00:00:00,30.8,100,35.076878,-106.389454,6279.868
2015-03-09T00:00:00,31.09,100,35.076878,-106.389454,6279.868
2014-11-06T00:00:00,31.61,100,35.076878,-106.389454,6279.868
2014-07-23T00:00:00,32.41,100,35.076878,-106.389454,6279.868
2014-04-16T00:00:00,31.94,100,35.076878,-106.389454,6279.868
2014-02-10T00:00:00,31.68,100,35.076878,-106.389454,6279.868
2013-10-02T00:00:00,32.15,100,35.076878,-106.389454,6279.868
2013-08-13T00:00:00,33.4,100,35.076878,-106.389454,6279.868
2013-05-06T00:00:00,33.64,100,35.076878,-106.389454,6279.868
2013-02-11T00:00:00,33.95,100,35.076878,-106.389454,6279.868
2012-11-28T00:00:00,34.11,100,35.076878,-106.389454,6279.868
2012-08-09T00:00:00,34.18,100,35.076878,-106.389454,6279.868
2012-04-10T00:00:00,32.91,100,35.076878,-106.389454,6279.868
2012-03-05T00:00:00,33.21,100,35.076878,-106.389454,6279.868
2021-03-06T21:03:55,33.08,100,35.076878,-106.389454,6279.868
2021-10-18T18:51:57,32.46,100,35.076878,-106.389454,6279.868
2023-03-21T15:59:16,31.37,100,35.076878,-106.389454,6279.868
2023-08-02T22:19:32,32.25,100,35.076878,-106.389454,6279.868
2023-10-17T18:04:54,32.75,100,35.076878,-106.389454,6279.868
2023-11-06T20:56:32,32.28,100,35.076878,-106.389454,6279.868
2023-12-06T19:47:22,32.56,100,35.076878,-106.389454,6279.868
2024-01-03T22:25:26,31.61,100,35.076878,-106.389454,6279.868
2024-02-01T16:56:44,31.95,100,35.076878,-106.389454,6279.868
2024-03-22T16:25:26,31.88,100,35.076878,-106.389454,6279.868
2024-04-04T16:38:32,31.72,100,35.076878,-106.389454,6279.868
2024-05-06T15:04:00,31.81,100,35.076878,-106.389454,6279.868
2024-06-03T18:41:25,31.67,100,35.076878,-106.389454,6279.868
2024-07-03T18:48:00,32.36,100,35.076878,-106.389454,6279.868
2024-08-16T16:26:43,32.53,100,35.076878,-106.389454,6279.868
2024-09-17T14:37:34,32.26,100,35.076878,-106.389454,6279.868
2024-10-04T17:11:00,32.73,100,35.076878,-106.389454,6279.868
2024-11-05T18:54:00,33.18,100,35.076878,-106.389454,6279.868
2024-12-09T21:29:08,32.61,100,35.076878,-106.389454,6279.868
2025-01-08T22:09:31,32.96,100,35.076878,-106.389454,6279.868
2025-02-10T22:51:57,33.49,100,35.076878,-106.389454,6279.868
2025-03-19T15:26:44,33.75,100,35.076878,-106.389454,6279.868
2025-04-07T18:38:04,33.83,100,35.076878,-106.389454,6279.868
2025-06-11T15:22:51,33.32,100,35.076878,-106.389454,6279.868
2025-07-14T16:03:25,32.85,100,35.076878,-106.389454,6279.868
2025-08-04T16:52:00,32.49,100,35.076878,-106.389454,6279.868
2023-08-02T19:11:00,20.2,32,35.077143,-106.389302,6267.176
2023-12-06T19:43:25,19.32,32,35.077143,-106.389302,6267.176
2024-01-03T22:20:54,18.49,32,35.077143,-106.389302,6267.176
2024-02-01T16:54:07,18.72,32,35.077143,-106.389302,6267.176
2024-03-22T16:22:10,18.68,32,35.077143,-106.389302,6267.176
2024-04-04T16:30:34,18.54,32,35.077143,-106.389302,6267.176
2024-05-06T15:01:00,18.59,32,35.077143,-106.389302,6267.176
2024-06-03T18:28:26,18.77,32,35.077143,-106.389302,6267.176
2024-07-03T18:19:00,19.26,32,35.077143,-106.389302,6267.176
2024-07-08T17:41:28,19.26,32,35.077143,-106.389302,6267.176
2024-08-16T16:24:01,19.35,32,35.077143,-106.389302,6267.176
2024-09-08T14:33:00,19.12,32,35.077143,-106.389302,6267.176
2024-10-04T16:55:00,19.54,32,35.077143,-106.389302,6267.176
2024-11-05T18:59:04,20.02,32,35.077143,-106.389302,6267.176
2024-12-09T21:22:55,19.38,32,35.077143,-106.389302,6267.176
2025-01-08T22:08:07,19.7,32,35.077143,-106.389302,6267.176
2025-02-10T22:49:58,20.02,32,35.077143,-106.389302,6267.176
2025-03-19T15:16:58,20.47,32,35.077143,-106.389302,6267.176
2025-04-07T18:33:20,20.6,32,35.077143,-106.389302,6267.176
2025-05-01T19:00:00,20.56,32,35.077143,-106.389302,6267.176
2025-06-11T15:08:20,20.1,32,35.077143,-106.389302,6267.176
2025-07-14T16:02:28,19.61,32,35.077143,-106.389302,6267.176
2025-08-04T16:45:00,19.68,32,35.077143,-106.389302,6267.176
2021-03-06T18:22:37,141.9,185,35.069007,-106.441846,6100.865
2021-10-18T20:38:36,148.9,185,35.069007,-106.441846,6100.865
2023-03-15T20:56:06,146.45,185,35.069007,-106.441846,6100.865
2024-03-18T15:36:42,147.24,185,35.069007,-106.441846,6100.865
2025-03-08T17:17:51,150.82,185,35.069007,-106.441846,6100.865
2021-03-06T18:58:42,54.3,270,35.070465,-106.443325,6145.27
2021-10-18T20:58:49,57.1,270,35.070465,-106.443325,6145.27
2023-03-15T22:07:32,57.05,270,35.070465,-106.443325,6145.27
2024-03-18T15:24:57,60.51,270,35.070465,-106.443325,6145.27
2025-03-26T23:06:55,60.45,270,35.070465,-106.443325,6145.27
2020-11-12T00:00:00,504.1,0,35.187853,-106.512028,5898.237
2020-08-07T00:00:00,502.8,0,35.187853,-106.512028,5898.237
2020-05-05T00:00:00,498.5,0,35.187853,-106.512028,5898.237
2019-10-31T00:00:00,498.2,0,35.187853,-106.512028,5898.237
2019-08-01T00:00:00,498.4,0,35.187853,-106.512028,5898.237
2021-03-21T20:44:28,500.6,0,35.187853,-106.512028,5898.237
2023-04-05T15:26:53,508.77,0,35.187853,-106.512028,5898.237
2024-01-03T16:54:32,502.61,0,35.187853,-106.512028,5898.237
2024-03-04T15:46:27,502.6,0,35.187853,-106.512028,5898.237
2024-07-16T22:05:13,515.99,0,35.187853,-106.512028,5898.237
2024-10-02T16:23:33,508.3,0,35.187853,-106.512028,5898.237
2025-01-07T20:21:00,510.65,0,35.187853,-106.512028,5898.237
2025-03-14T18:40:24,504.28,0,35.187853,-106.512028,5898.237
2025-06-09T18:59:09,503.32,0,35.187853,-106.512028,5898.237
2025-09-03T18:55:00,503.56,0,35.187853,-106.512028,5898.237
2021-12-13T20:29:00,429.5,600,35.173403,-106.500418,6013.75
2024-01-03T17:54:55,434.6,600,35.173403,-106.500418,6013.75
2024-04-02T21:53:00,432.51,600,35.173403,-106.500418,6013.75
2024-07-16T20:56:05,436.23,600,35.173403,-106.500418,6013.75
2024-10-01T20:52:48,436.84,600,35.173403,-106.500418,6013.75
2025-01-07T19:24:42,432.92,600,35.173403,-106.500418,6013.75
2025-03-14T19:44:43,432.61,600,35.173403,-106.500418,6013.75
2025-06-09T21:59:11,434.2,600,35.173403,-106.500418,6013.75
2025-09-03T20:40:00,432.58,600,35.173403,-106.500418,6013.75
2019-07-01T00:00:00,7.4,20,35.01833,-106.6886383,4926.49
2019-04-25T00:00:00,6.47,20,35.01833,-106.6886383,4926.49
2019-03-18T00:00:00,7.08,20,35.01833,-106.6886383,4926.49
2018-11-15T00:00:00,6.65,20,35.01833,-106.6886383,4926.49
2018-09-10T00:00:00,6.7,20,35.01833,-106.6886383,4926.49
2018-05-24T00:00:00,6.65,20,35.01833,-106.6886383,4926.49
2018-03-15T00:00:00,6.85,20,35.01833,-106.6886383,4926.49
2017-12-07T00:00:00,6.44,20,35.01833,-106.6886383,4926.49
2017-09-14T00:00:00,6.33,20,35.01833,-106.6886383,4926.49
2017-05-25T00:00:00,6.2,20,35.01833,-106.6886383,4926.49
2017-01-19T00:00:00,6.55,20,35.01833,-106.6886383,4926.49
2016-11-04T00:00:00,6.61,20,35.01833,-106.6886383,4926.49
2016-07-08T00:00:00,6.18,20,35.01833,-106.6886383,4926.49
2016-04-28T00:00:00,6.61,20,35.01833,-106.6886383,4926.49
2016-03-04T00:00:00,6.85,20,35.01833,-106.6886383,4926.49
2015-10-28T18:55:00,6.35,20,35.01833,-106.6886383,4926.49
2015-07-23T00:00:00,6.31,20,35.01833,-106.6886383,4926.49
2015-04-30T00:00:00,6.8,20,35.01833,-106.6886383,4926.49
2015-02-19T00:00:00,7.06,20,35.01833,-106.6886383,4926.49
2014-11-20T00:00:00,6.75,20,35.01833,-106.6886383,4926.49
2014-09-03T00:00:00,8.01,20,35.01833,-106.6886383,4926.49
2014-05-05T00:00:00,6.81,20,35.01833,-106.6886383,4926.49
2014-01-07T00:00:00,6.71,20,35.01833,-106.6886383,4926.49
2013-11-14T00:00:00,6.22,20,35.01833,-106.6886383,4926.49
2013-07-25T00:00:00,6.63,20,35.01833,-106.6886383,4926.49
2013-04-23T00:00:00,6.86,20,35.01833,-106.6886383,4926.49
2013-02-13T00:00:00,7.24,20,35.01833,-106.6886383,4926.49
2012-11-29T00:00:00,6.81,20,35.01833,-106.6886383,4926.49
2012-08-23T00:00:00,6.28,20,35.01833,-106.6886383,4926.49
2012-05-02T00:00:00,6.42,20,35.01833,-106.6886383,4926.49
2012-02-08T00:00:00,7.02,20,35.01833,-106.6886383,4926.49
2011-10-05T00:00:00,6.44,20,35.01833,-106.6886383,4926.49
2011-07-14T00:00:00,6.54,20,35.01833,-106.6886383,4926.49
2011-04-21T00:00:00,7.03,20,35.01833,-106.6886383,4926.49
2011-01-25T00:00:00,9.27,20,35.01833,-106.6886383,4926.49
2010-10-19T00:00:00,8.31,20,35.01833,-106.6886383,4926.49
2010-07-15T00:00:00,6.4,20,35.01833,-106.6886383,4926.49
2010-05-21T00:00:00,6.4,20,35.01833,-106.6886383,4926.49
2010-02-04T00:00:00,6.91,20,35.01833,-106.6886383,4926.49
2009-11-30T00:00:00,6.39,20,35.01833,-106.6886383,4926.49
2009-08-31T00:00:00,6.44,20,35.01833,-106.6886383,4926.49
2009-05-13T00:00:00,6.42,20,35.01833,-106.6886383,4926.49
2009-01-09T00:00:00,6.86,20,35.01833,-106.6886383,4926.49
2008-10-14T00:00:00,6.24,20,35.01833,-106.6886383,4926.49
2007-08-15T00:00:00,6.05,20,35.01833,-106.6886383,4926.49
2007-01-19T00:00:00,6.86,20,35.01833,-106.6886383,4926.49
2021-11-08T16:43:27,7.11,20,35.01833,-106.6886383,4926.49
2023-03-14T19:28:27,7.06,20,35.01833,-106.6886383,4926.49
2023-08-15T15:42:26,6.3,20,35.01833,-106.6886383,4926.49
2024-01-02T18:12:34,6.74,20,35.01833,-106.6886383,4926.49
2024-03-01T18:06:26,6.92,20,35.01833,-106.6886383,4926.49
2024-07-29T17:08:36,6.27,20,35.01833,-106.6886383,4926.49
2024-10-03T19:08:57,6.79,20,35.01833,-106.6886383,4926.49
2025-01-10T20:40:19,6.9,20,35.01833,-106.6886383,4926.49
2025-03-18T16:50:47,6.85,20,35.01833,-106.6886383,4926.49
2025-06-04T19:42:33,6.38,20,35.01833,-106.6886383,4926.49
2025-09-02T18:50:00,7.21,20,35.01833,-106.6886383,4926.49
2019-11-14T00:00:00,250.97,1455,34.978495,-106.741522,5141.919
2019-08-01T00:00:00,250.95,1455,34.978495,-106.741522,5141.919
2019-05-02T00:00:00,251.04,1455,34.978495,-106.741522,5141.919
2019-02-28T00:00:00,251.1,1455,34.978495,-106.741522,5141.919
2018-09-10T00:00:00,251.19,1455,34.978495,-106.741522,5141.919
2018-06-07T00:00:00,251.27,1455,34.978495,-106.741522,5141.919
2018-01-18T00:00:00,251.39,1455,34.978495,-106.741522,5141.919
2017-11-30T00:00:00,251.37,1455,34.978495,-106.741522,5141.919
2017-08-10T00:00:00,251.41,1455,34.978495,-106.741522,5141.919
2017-06-08T00:00:00,251.41,1455,34.978495,-106.741522,5141.919
2017-01-26T00:00:00,251.45,1455,34.978495,-106.741522,5141.919
2016-11-21T00:00:00,251.43,1455,34.978495,-106.741522,5141.919
2016-08-12T00:00:00,251.58,1455,34.978495,-106.741522,5141.919
2016-06-17T00:00:00,251.66,1455,34.978495,-106.741522,5141.919
2016-03-06T00:00:00,252.59,1455,34.978495,-106.741522,5141.919
2016-01-22T00:00:00,251.69,1455,34.978495,-106.741522,5141.919
2015-11-15T00:00:00,251.08,1455,34.978495,-106.741522,5141.919
2015-08-13T00:00:00,251.87,1455,34.978495,-106.741522,5141.919
2015-04-16T00:00:00,251.85,1455,34.978495,-106.741522,5141.919
2015-01-27T00:00:00,251.93,1455,34.978495,-106.741522,5141.919
2014-11-13T00:00:00,251.98,1455,34.978495,-106.741522,5141.919
2014-09-03T00:00:00,252,1455,34.978495,-106.741522,5141.919
2014-05-12T00:00:00,252.1,1455,34.978495,-106.741522,5141.919
2014-01-22T00:00:00,252.09,1455,34.978495,-106.741522,5141.919
2013-11-07T00:00:00,252.24,1455,34.978495,-106.741522,5141.919
2013-07-17T00:00:00,252.41,1455,34.978495,-106.741522,5141.919
2013-05-09T00:00:00,252.5,1455,34.978495,-106.741522,5141.919
2012-12-19T00:00:00,252.58,1455,34.978495,-106.741522,5141.919
2012-08-23T00:00:00,252.72,1455,34.978495,-106.741522,5141.919
2012-05-09T00:00:00,252.85,1455,34.978495,-106.741522,5141.919
2012-02-08T00:00:00,253.23,1455,34.978495,-106.741522,5141.919
2011-10-04T00:00:00,253.68,1455,34.978495,-106.741522,5141.919
2011-07-18T00:00:00,252.78,1455,34.978495,-106.741522,5141.919
2011-04-27T00:00:00,254.07,1455,34.978495,-106.741522,5141.919
2011-01-25T00:00:00,254.51,1455,34.978495,-106.741522,5141.919
2010-11-01T00:00:00,255.02,1455,34.978495,-106.741522,5141.919
2010-09-08T00:00:00,255.23,1455,34.978495,-106.741522,5141.919
2010-05-04T00:00:00,255.97,1455,34.978495,-106.741522,5141.919
2010-02-03T00:00:00,256.19,1455,34.978495,-106.741522,5141.919
2009-11-23T00:00:00,256.3,1455,34.978495,-106.741522,5141.919
2009-08-31T00:00:00,256.38,1455,34.978495,-106.741522,5141.919
2009-04-28T00:00:00,256.35,1455,34.978495,-106.741522,5141.919
2009-01-09T00:00:00,257,1455,34.978495,-106.741522,5141.919
2008-10-21T00:00:00,257.21,1455,34.978495,-106.741522,5141.919
2008-05-01T00:00:00,257.1,1455,34.978495,-106.741522,5141.919
2007-05-15T00:00:00,256.58,1455,34.978495,-106.741522,5141.919
2005-11-16T00:00:00,258.48,1455,34.978495,-106.741522,5141.919
2005-01-13T00:00:00,259.09,1455,34.978495,-106.741522,5141.919
2021-03-05T18:28:56,250.69,1455,34.978495,-106.741522,5141.919
2021-11-08T18:43:12,250.69,1455,34.978495,-106.741522,5141.919
2023-03-14T16:01:29,250.66,1455,34.978495,-106.741522,5141.919
2023-07-31T21:31:42,250.64,1455,34.978495,-106.741522,5141.919
2024-01-02T16:43:39,255.51,1455,34.978495,-106.741522,5141.919
2024-03-01T16:25:59,250.64,1455,34.978495,-106.741522,5141.919
2024-10-03T21:04:48,250.51,1455,34.978495,-106.741522,5141.919
2025-01-08T17:30:00,250.5,1455,34.978495,-106.741522,5141.919
2025-03-18T15:00:00,250.41,1455,34.978495,-106.741522,5141.919
2025-06-04T18:23:22,250.49,1455,34.978495,-106.741522,5141.919
2025-09-02T16:59:20,250.91,1455,34.978495,-106.741522,5141.919
2019-11-14T00:00:00,244.82,960,34.978495,-106.741522,5141.919
2019-08-01T00:00:00,244.9,960,34.978495,-106.741522,5141.919
2019-05-02T00:00:00,244.86,960,34.978495,-106.741522,5141.919
2019-02-28T00:00:00,244.78,960,34.978495,-106.741522,5141.919
2018-09-10T00:00:00,245.03,960,34.978495,-106.741522,5141.919
2018-06-07T00:00:00,245.04,960,34.978495,-106.741522,5141.919
2018-01-18T00:00:00,244.94,960,34.978495,-106.741522,5141.919
2017-11-30T00:00:00,244.96,960,34.978495,-106.741522,5141.919
2017-08-10T00:00:00,245.27,960,34.978495,-106.741522,5141.919
2017-06-08T00:00:00,245.19,960,34.978495,-106.741522,5141.919
2017-01-26T00:00:00,245.03,960,34.978495,-106.741522,5141.919
2016-11-21T00:00:00,245.12,960,34.978495,-106.741522,5141.919
2016-08-12T00:00:00,245.43,960,34.978495,-106.741522,5141.919
2016-06-17T00:00:00,245.35,960,34.978495,-106.741522,5141.919
2016-01-22T00:00:00,245.18,960,34.978495,-106.741522,5141.919
2015-11-15T00:00:00,244.91,960,34.978495,-106.741522,5141.919
2015-08-13T00:00:00,245.54,960,34.978495,-106.741522,5141.919
2015-04-16T00:00:00,245.46,960,34.978495,-106.741522,5141.919
2015-01-27T00:00:00,245.42,960,34.978495,-106.741522,5141.919
2014-11-13T00:00:00,245.53,960,34.978495,-106.741522,5141.919
2014-09-03T00:00:00,245.65,960,34.978495,-106.741522,5141.919
2014-05-12T00:00:00,245.68,960,34.978495,-106.741522,5141.919
2014-01-22T00:00:00,245.47,960,34.978495,-106.741522,5141.919
2013-11-07T00:00:00,245.69,960,34.978495,-106.741522,5141.919
2013-07-17T00:00:00,245.98,960,34.978495,-106.741522,5141.919
2013-05-09T00:00:00,245.81,960,34.978495,-106.741522,5141.919
2013-03-06T00:00:00,245.67,960,34.978495,-106.741522,5141.919
2012-12-19T00:00:00,245.61,960,34.978495,-106.741522,5141.919
2012-08-23T00:00:00,244.47,960,34.978495,-106.741522,5141.919
2012-05-09T00:00:00,245.65,960,34.978495,-106.741522,5141.919
2012-02-08T00:00:00,245.77,960,34.978495,-106.741522,5141.919
2011-10-04T00:00:00,246.13,960,34.978495,-106.741522,5141.919
2011-07-18T00:00:00,245.84,960,34.978495,-106.741522,5141.919
2011-04-27T00:00:00,246.08,960,34.978495,-106.741522,5141.919
2011-01-25T00:00:00,245.66,960,34.978495,-106.741522,5141.919
2010-11-01T00:00:00,242.82,960,34.978495,-106.741522,5141.919
2010-09-08T00:00:00,246.3,960,34.978495,-106.741522,5141.919
2010-05-04T00:00:00,246.34,960,34.978495,-106.741522,5141.919
2010-02-03T00:00:00,246.21,960,34.978495,-106.741522,5141.919
2009-11-23T00:00:00,246.34,960,34.978495,-106.741522,5141.919
2009-08-31T00:00:00,246.36,960,34.978495,-106.741522,5141.919
2009-04-28T00:00:00,246.43,960,34.978495,-106.741522,5141.919
2009-01-01T00:00:00,246.4,960,34.978495,-106.741522,5141.919
2008-10-21T00:00:00,246.64,960,34.978495,-106.741522,5141.919
2008-05-01T00:00:00,246.52,960,34.978495,-106.741522,5141.919
2007-05-15T00:00:00,246.42,960,34.978495,-106.741522,5141.919
2005-11-16T00:00:00,247.63,960,34.978495,-106.741522,5141.919
2021-03-05T18:31:57,244.84,960,34.978495,-106.741522,5141.919
2021-11-08T18:42:26,245.31,960,34.978495,-106.741522,5141.919
2023-03-14T16:08:48,244.8,960,34.978495,-106.741522,5141.919
2023-07-31T21:34:17,245.52,960,34.978495,-106.741522,5141.919
2024-01-02T16:33:28,245.01,960,34.978495,-106.741522,5141.919
2024-03-01T16:26:56,245.03,960,34.978495,-106.741522,5141.919
2024-10-03T21:03:54,247.43,960,34.978495,-106.741522,5141.919
2025-01-08T17:40:00,242.62,960,34.978495,-106.741522,5141.919
2025-03-18T15:05:00,244.92,960,34.978495,-106.741522,5141.919
2025-06-04T18:24:28,245.3,960,34.978495,-106.741522,5141.919
2025-09-02T17:00:10,245.69,960,34.978495,-106.741522,5141.919
2019-11-14T00:00:00,244.69,297,34.978495,-106.741522,5141.919
2019-08-01T00:00:00,244.72,297,34.978495,-106.741522,5141.919
2019-05-02T00:00:00,244.72,297,34.978495,-106.741522,5141.919
2019-02-28T00:00:00,244.69,297,34.978495,-106.741522,5141.919
2018-09-10T00:00:00,244.64,297,34.978495,-106.741522,5141.919
2018-06-07T00:00:00,244.61,297,34.978495,-106.741522,5141.919
2018-01-18T00:00:00,244.53,297,34.978495,-106.741522,5141.919
2017-11-30T00:00:00,245.6,297,34.978495,-106.741522,5141.919
2017-08-10T00:00:00,244.7,297,34.978495,-106.741522,5141.919
2017-06-08T00:00:00,244.68,297,34.978495,-106.741522,5141.919
2017-01-26T00:00:00,244.79,297,34.978495,-106.741522,5141.919
2016-11-21T00:00:00,244.38,297,34.978495,-106.741522,5141.919
2016-08-12T00:00:00,244.78,297,34.978495,-106.741522,5141.919
2016-06-17T00:00:00,244.77,297,34.978495,-106.741522,5141.919
2016-01-22T00:00:00,244.87,297,34.978495,-106.741522,5141.919
2015-11-15T00:00:00,244.7,297,34.978495,-106.741522,5141.919
2015-08-13T00:00:00,245.04,297,34.978495,-106.741522,5141.919
2015-04-16T00:00:00,245.46,297,34.978495,-106.741522,5141.919
2015-01-27T00:00:00,244.89,297,34.978495,-106.741522,5141.919
2014-11-13T00:00:00,244.98,297,34.978495,-106.741522,5141.919
2014-09-03T00:00:00,244.91,297,34.978495,-106.741522,5141.919
2014-05-12T00:00:00,245.11,297,34.978495,-106.741522,5141.919
2014-01-22T00:00:00,244.71,297,34.978495,-106.741522,5141.919
2013-11-07T00:00:00,245.25,297,34.978495,-106.741522,5141.919
2013-07-17T00:00:00,245.16,297,34.978495,-106.741522,5141.919
2013-05-09T00:00:00,245.95,297,34.978495,-106.741522,5141.919
2013-03-06T00:00:00,244.86,297,34.978495,-106.741522,5141.919
2012-12-19T00:00:00,244.47,297,34.978495,-106.741522,5141.919
2012-08-23T00:00:00,245.8,297,34.978495,-106.741522,5141.919
2012-05-09T00:00:00,244.85,297,34.978495,-106.741522,5141.919
2012-02-08T00:00:00,244.81,297,34.978495,-106.741522,5141.919
2011-10-04T00:00:00,244.97,297,34.978495,-106.741522,5141.919
2011-07-18T00:00:00,245.11,297,34.978495,-106.741522,5141.919
2011-04-27T00:00:00,245.02,297,34.978495,-106.741522,5141.919
2011-01-25T00:00:00,244.8,297,34.978495,-106.741522,5141.919
2010-11-01T00:00:00,244.97,297,34.978495,-106.741522,5141.919
2010-09-08T00:00:00,244.72,297,34.978495,-106.741522,5141.919
2010-05-04T00:00:00,244.97,297,34.978495,-106.741522,5141.919
2010-02-03T00:00:00,244.52,297,34.978495,-106.741522,5141.919
2009-11-23T00:00:00,244.91,297,34.978495,-106.741522,5141.919
2009-08-31T00:00:00,246.57,297,34.978495,-106.741522,5141.919
2009-04-28T00:00:00,244.84,297,34.978495,-106.741522,5141.919
2009-01-09T00:00:00,244.62,297,34.978495,-106.741522,5141.919
2008-10-21T00:00:00,244.72,297,34.978495,-106.741522,5141.919
2008-05-01T00:00:00,244.34,297,34.978495,-106.741522,5141.919
2007-05-15T00:00:00,244.65,297,34.978495,-106.741522,5141.919
2005-11-16T00:00:00,244.64,297,34.978495,-106.741522,5141.919
2005-01-13T00:00:00,244.46,297,34.978495,-106.741522,5141.919
2021-03-05T18:35:43,244.8,297,34.978495,-106.741522,5141.919
2021-11-08T18:41:39,244.81,297,34.978495,-106.741522,5141.919
2023-03-14T16:11:14,244.87,297,34.978495,-106.741522,5141.919
2023-07-31T21:48:00,244.81,297,34.978495,-106.741522,5141.919
2024-01-02T16:26:35,244.69,297,34.978495,-106.741522,5141.919
2024-03-01T16:27:56,244.68,297,34.978495,-106.741522,5141.919
2024-10-03T21:02:48,244.48,297,34.978495,-106.741522,5141.919
2025-01-08T17:54:58,242.65,297,34.978495,-106.741522,5141.919
2025-03-18T15:10:00,244.45,297,34.978495,-106.741522,5141.919
2025-06-04T18:25:16,244.71,297,34.978495,-106.741522,5141.919
2025-09-02T17:01:20,245.02,297,34.978495,-106.741522,5141.919
2020-11-12T00:00:00,31.47,42,35.1859638963,-106.618758673,4998.935
2020-08-07T00:00:00,31.48,42,35.1859638963,-106.618758673,4998.935
2020-05-05T00:00:00,31.66,42,35.1859638963,-106.618758673,4998.935
2019-10-31T00:00:00,31.54,42,35.1859638963,-106.618758673,4998.935
2019-08-01T00:00:00,31.96,42,35.1859638963,-106.618758673,4998.935
2019-04-17T00:00:00,32.42,42,35.1859638963,-106.618758673,4998.935
2019-01-16T00:00:00,32.38,42,35.1859638963,-106.618758673,4998.935
2018-09-26T00:00:00,32.17,42,35.1859638963,-106.618758673,4998.935
2018-04-12T00:00:00,33.13,42,35.1859638963,-106.618758673,4998.935
2017-10-11T00:00:00,32.97,42,35.1859638963,-106.618758673,4998.935
2017-06-28T00:00:00,33.65,42,35.1859638963,-106.618758673,4998.935
2017-02-06T00:00:00,33.82,42,35.1859638963,-106.618758673,4998.935
2016-06-30T00:00:00,34.79,42,35.1859638963,-106.618758673,4998.935
2023-03-13T20:40:09,32.7,42,35.1859638963,-106.618758673,4998.935
2024-03-01T22:56:09,32.65,42,35.1859638963,-106.618758673,4998.935
2024-07-30T16:16:00,32.5,42,35.1859638963,-106.618758673,4998.935
2024-10-11T18:48:34,32.48,42,35.1859638963,-106.618758673,4998.935
2025-01-07T20:47:00,32.5,42,35.1859638963,-106.618758673,4998.935
2025-03-14T16:25:38,32.62,42,35.1859638963,-106.618758673,4998.935
2025-09-03T17:40:17,33.24,42,35.1859638963,-106.618758673,4998.935
2020-11-12T00:00:00,16.45,252,35.2014222,-106.6277306,5000.213
2020-08-07T00:00:00,17.03,252,35.2014222,-106.6277306,5000.213
2020-05-05T00:00:00,16.81,252,35.2014222,-106.6277306,5000.213
2019-10-31T00:00:00,16.08,252,35.2014222,-106.6277306,5000.213
2019-08-01T00:00:00,16.99,252,35.2014222,-106.6277306,5000.213
2018-09-26T00:00:00,17.33,252,35.2014222,-106.6277306,5000.213
2018-04-12T00:00:00,17.2,252,35.2014222,-106.6277306,5000.213
2017-06-28T00:00:00,17.65,252,35.2014222,-106.6277306,5000.213
2017-02-06T00:00:00,17.02,252,35.2014222,-106.6277306,5000.213
2021-12-13T19:32:00,16.8,252,35.2014222,-106.6277306,5000.213
2023-03-13T20:55:25,16.96,252,35.2014222,-106.6277306,5000.213
2023-08-01T20:54:15,17.78,252,35.2014222,-106.6277306,5000.213
2024-01-02T22:54:22,16.75,252,35.2014222,-106.6277306,5000.213
2024-03-01T22:18:46,16.83,252,35.2014222,-106.6277306,5000.213
2024-07-30T14:56:59,19.51,252,35.2014222,-106.6277306,5000.213
2024-10-02T17:36:41,18.37,252,35.2014222,-106.6277306,5000.213
2025-01-07T22:30:00,19.83,252,35.2014222,-106.6277306,5000.213
2025-06-09T17:46:10,17.79,252,35.2014222,-106.6277306,5000.213
2025-09-16T19:33:00,18.47,252,35.2014222,-106.6277306,5000.213
2020-11-01T00:00:00,56.55,125,35.104501,-106.382962,6723.614
2020-08-01T00:00:00,56.4,125,35.104501,-106.382962,6723.614
2020-04-25T00:00:00,56.13,125,35.104501,-106.382962,6723.614
2019-10-31T00:00:00,59.6,125,35.104501,-106.382962,6723.614
2019-07-21T00:00:00,78.05,125,35.104501,-106.382962,6723.614
2019-04-18T00:00:00,62.86,125,35.104501,-106.382962,6723.614
2018-12-17T00:00:00,59.15,125,35.104501,-106.382962,6723.614
2018-10-05T00:00:00,65.46,125,35.104501,-106.382962,6723.614
2018-09-12T00:00:00,71.56,125,35.104501,-106.382962,6723.614
2018-04-03T00:00:00,53.44,125,35.104501,-106.382962,6723.614
2016-06-29T00:00:00,58.613,125,35.104501,-106.382962,6723.614
2016-03-07T00:00:00,42.45,125,35.104501,-106.382962,6723.614
2015-08-31T00:00:00,52.103,125,35.104501,-106.382962,6723.614
2015-06-01T00:00:00,60.36,125,35.104501,-106.382962,6723.614
2015-03-03T00:00:00,38.46,125,35.104501,-106.382962,6723.614
2013-08-22T00:00:00,48.48,125,35.104501,-106.382962,6723.614
2013-08-19T00:00:00,41.741,125,35.104501,-106.382962,6723.614
2013-06-13T00:00:00,36.384,125,35.104501,-106.382962,6723.614
2013-02-14T00:00:00,28.461,125,35.104501,-106.382962,6723.614
2012-11-28T00:00:00,28.929,125,35.104501,-106.382962,6723.614
2012-08-01T00:00:00,31.128,125,35.104501,-106.382962,6723.614
2012-04-11T00:00:00,28.821,125,35.104501,-106.382962,6723.614
2012-03-13T00:00:00,26.307,125,35.104501,-106.382962,6723.614
2021-03-05T20:24:53,56.76,125,35.104501,-106.382962,6723.614
2023-07-18T15:39:30,55.15,125,35.104501,-106.382962,6723.614
2023-07-26T16:08:43,55.45,125,35.104501,-106.382962,6723.614
2023-08-02T21:52:02,55.26,125,35.104501,-106.382962,6723.614
2023-11-02T15:41:55,59.48,125,35.104501,-106.382962,6723.614
2023-12-07T16:02:37,57.93,125,35.104501,-106.382962,6723.614
2024-01-03T23:16:43,57.22,125,35.104501,-106.382962,6723.614
2024-02-01T17:16:03,56.38,125,35.104501,-106.382962,6723.614
2024-03-22T17:04:11,54.55,125,35.104501,-106.382962,6723.614
2024-04-10T16:54:10,53.9,125,35.104501,-106.382962,6723.614
2024-05-06T15:29:00,53.21,125,35.104501,-106.382962,6723.614
2024-06-03T19:07:28,53.82,125,35.104501,-106.382962,6723.614
2024-07-26T21:18:11,52.75,125,35.104501,-106.382962,6723.614
2024-08-19T16:29:20,52.82,125,35.104501,-106.382962,6723.614
2024-08-28T15:15:00,52.99,125,35.104501,-106.382962,6723.614
2024-09-17T14:41:45,52.93,125,35.104501,-106.382962,6723.614
2024-10-04T18:17:53,53.12,125,35.104501,-106.382962,6723.614
2024-11-15T19:58:00,53.03,125,35.104501,-106.382962,6723.614
2024-12-16T19:46:51,53.09,125,35.104501,-106.382962,6723.614
2025-01-14T16:46:53,52.89,125,35.104501,-106.382962,6723.614
2025-02-03T22:34:30,52.88,125,35.104501,-106.382962,6723.614
2025-03-05T23:08:45,52.78,125,35.104501,-106.382962,6723.614
2025-04-07T18:07:39,52.57,125,35.104501,-106.382962,6723.614
2025-05-02T20:13:00,52.39,125,35.104501,-106.382962,6723.614
2025-06-18T15:52:39,52.52,125,35.104501,-106.382962,6723.614
2025-07-11T17:00:00,52.62,125,35.104501,-106.382962,6723.614
2025-08-01T19:40:00,52.81,125,35.104501,-106.382962,6723.614
2025-09-12T16:37:06,52.97,125,35.104501,-106.382962,6723.614
2019-11-07T00:00:00,8.8,58,35.053223,-106.670164,4940.355
2019-07-29T00:00:00,9,58,35.053223,-106.670164,4940.355
2019-04-25T00:00:00,8.74,58,35.053223,-106.670164,4940.355
2019-02-28T00:00:00,8.89,58,35.053223,-106.670164,4940.355
2018-11-08T00:00:00,9.32,58,35.053223,-106.670164,4940.355
2018-09-10T00:00:00,9.66,58,35.053223,-106.670164,4940.355
2018-05-17T00:00:00,9.18,58,35.053223,-106.670164,4940.355
2018-01-18T00:00:00,8.85,58,35.053223,-106.670164,4940.355
2017-10-05T00:00:00,9.15,58,35.053223,-106.670164,4940.355
2017-08-03T00:00:00,9.41,58,35.053223,-106.670164,4940.355
2017-05-25T00:00:00,8.85,58,35.053223,-106.670164,4940.355
2017-01-19T00:00:00,8.95,58,35.053223,-106.670164,4940.355
2016-11-04T00:00:00,9.29,58,35.053223,-106.670164,4940.355
2016-08-12T00:00:00,9.54,58,35.053223,-106.670164,4940.355
2016-05-20T00:00:00,9.48,58,35.053223,-106.670164,4940.355
2016-01-29T00:00:00,9.11,58,35.053223,-106.670164,4940.355
2015-10-22T00:00:00,9.4,58,35.053223,-106.670164,4940.355
2015-04-09T00:00:00,9.11,58,35.053223,-106.670164,4940.355
2015-01-27T00:00:00,9.1,58,35.053223,-106.670164,4940.355
2014-11-21T00:00:00,9.55,58,35.053223,-106.670164,4940.355
2014-08-28T00:00:00,9.3,58,35.053223,-106.670164,4940.355
2014-05-12T00:00:00,9.05,58,35.053223,-106.670164,4940.355
2014-01-06T00:00:00,9.12,58,35.053223,-106.670164,4940.355
2013-10-09T00:00:00,9.56,58,35.053223,-106.670164,4940.355
2013-07-25T00:00:00,9.92,58,35.053223,-106.670164,4940.355
2013-04-23T00:00:00,9.12,58,35.053223,-106.670164,4940.355
2013-02-13T00:00:00,9.35,58,35.053223,-106.670164,4940.355
2012-11-19T00:00:00,9.61,58,35.053223,-106.670164,4940.355
2012-08-27T00:00:00,9.99,58,35.053223,-106.670164,4940.355
2012-04-27T00:00:00,9.21,58,35.053223,-106.670164,4940.355
2012-02-02T00:00:00,9.38,58,35.053223,-106.670164,4940.355
2011-10-04T00:00:00,9.98,58,35.053223,-106.670164,4940.355
2011-07-14T00:00:00,10.07,58,35.053223,-106.670164,4940.355
2011-04-26T00:00:00,9.36,58,35.053223,-106.670164,4940.355
2011-02-08T00:00:00,9.42,58,35.053223,-106.670164,4940.355
2010-10-19T00:00:00,9.72,58,35.053223,-106.670164,4940.355
2010-07-15T00:00:00,9.84,58,35.053223,-106.670164,4940.355
2010-05-25T00:00:00,9.45,58,35.053223,-106.670164,4940.355
2010-02-04T00:00:00,9.31,58,35.053223,-106.670164,4940.355
2009-11-23T00:00:00,9.37,58,35.053223,-106.670164,4940.355
2009-08-31T00:00:00,9.92,58,35.053223,-106.670164,4940.355
2021-11-08T16:03:15,9.43,58,35.053223,-106.670164,4940.355
2023-03-14T18:28:12,9.02,58,35.053223,-106.670164,4940.355
2023-08-15T20:54:57,9.52,58,35.053223,-106.670164,4940.355
2024-01-02T20:02:22,5.94,58,35.053223,-106.670164,4940.355
2024-03-01T19:42:07,8.92,58,35.053223,-106.670164,4940.355
2024-07-29T18:00:00,9.08,58,35.053223,-106.670164,4940.355
2024-10-03T22:32:00,9.53,58,35.053223,-106.670164,4940.355
2025-01-10T16:09:43,8.84,58,35.053223,-106.670164,4940.355
2025-03-18T18:48:33,8.7,58,35.053223,-106.670164,4940.355
2025-06-04T21:29:00,9.28,58,35.053223,-106.670164,4940.355
2025-09-03T13:57:37,9.98,58,35.053223,-106.670164,4940.355
2019-11-07T00:00:00,8.45,250,34.98705,-106.6962133,4914.694
2019-09-12T00:00:00,8.85,250,34.98705,-106.6962133,4914.694
2019-04-25T00:00:00,8.9,250,34.98705,-106.6962133,4914.694
2019-02-28T00:00:00,9.4,250,34.98705,-106.6962133,4914.694
2018-11-15T00:00:00,9.2,250,34.98705,-106.6962133,4914.694
2018-08-16T00:00:00,9.23,250,34.98705,-106.6962133,4914.694
2018-05-17T00:00:00,9.28,250,34.98705,-106.6962133,4914.694
2018-03-15T00:00:00,9.6,250,34.98705,-106.6962133,4914.694
2017-12-07T00:00:00,8.88,250,34.98705,-106.6962133,4914.694
2017-09-14T00:00:00,9.5,250,34.98705,-106.6962133,4914.694
2017-05-25T00:00:00,8.5,250,34.98705,-106.6962133,4914.694
2017-03-23T00:00:00,9.33,250,34.98705,-106.6962133,4914.694
2016-12-08T00:00:00,8.95,250,34.98705,-106.6962133,4914.694
2016-06-10T00:00:00,9.03,250,34.98705,-106.6962133,4914.694
2016-03-04T00:00:00,10.47,250,34.98705,-106.6962133,4914.694
2015-12-11T00:00:00,9.81,250,34.98705,-106.6962133,4914.694
2015-07-23T00:00:00,9.11,250,34.98705,-106.6962133,4914.694
2015-04-09T00:00:00,10.1,250,34.98705,-106.6962133,4914.694
2015-01-22T00:00:00,9.72,250,34.98705,-106.6962133,4914.694
2014-08-28T00:00:00,9.48,250,34.98705,-106.6962133,4914.694
2014-05-07T00:00:00,9.29,250,34.98705,-106.6962133,4914.694
2014-01-13T00:00:00,10,250,34.98705,-106.6962133,4914.694
2013-10-09T00:00:00,9.69,250,34.98705,-106.6962133,4914.694
2013-07-25T00:00:00,10.05,250,34.98705,-106.6962133,4914.694
2013-04-23T00:00:00,9.8,250,34.98705,-106.6962133,4914.694
2013-02-13T00:00:00,10.69,250,34.98705,-106.6962133,4914.694
2012-11-29T00:00:00,10.4,250,34.98705,-106.6962133,4914.694
2012-07-16T00:00:00,9.81,250,34.98705,-106.6962133,4914.694
2012-04-30T00:00:00,9.61,250,34.98705,-106.6962133,4914.694
2012-02-02T00:00:00,10.17,250,34.98705,-106.6962133,4914.694
2011-10-05T00:00:00,9.49,250,34.98705,-106.6962133,4914.694
2011-07-18T00:00:00,9.66,250,34.98705,-106.6962133,4914.694
2011-07-18T00:00:00,9.66,250,34.98705,-106.6962133,4914.694
2011-04-27T00:00:00,9.64,250,34.98705,-106.6962133,4914.694
2011-01-25T00:00:00,10.12,250,34.98705,-106.6962133,4914.694
2010-11-01T00:00:00,9.53,250,34.98705,-106.6962133,4914.694
2010-07-15T00:00:00,9.48,250,34.98705,-106.6962133,4914.694
2010-05-25T00:00:00,9.72,250,34.98705,-106.6962133,4914.694
2010-02-04T00:00:00,13.76,250,34.98705,-106.6962133,4914.694
2009-11-23T00:00:00,13.1,250,34.98705,-106.6962133,4914.694
2021-11-08T17:30:09,9.52,250,34.98705,-106.6962133,4914.694
2016-08-24T20:42:00,8.9,250,34.98705,-106.6962133,4914.694
2024-10-03T19:54:31,10.02,250,34.98705,-106.6962133,4914.694
2025-01-08T18:48:35,9.16,250,34.98705,-106.6962133,4914.694
2025-03-18T15:52:14,9.45,250,34.98705,-106.6962133,4914.694
2025-06-04T18:59:00,9.26,250,34.98705,-106.6962133,4914.694
2025-09-02T17:47:00,10.84,250,34.98705,-106.6962133,4914.694
2019-11-14T00:00:00,900.55,1740,35.177722,-106.807666,5843.206
2019-09-06T00:00:00,900.53,1740,35.177722,-106.807666,5843.206
2019-05-09T00:00:00,900.39,1740,35.177722,-106.807666,5843.206
2019-03-04T00:00:00,900.31,1740,35.177722,-106.807666,5843.206
2018-09-10T00:00:00,900.6,1740,35.177722,-106.807666,5843.206
2018-06-07T00:00:00,900.48,1740,35.177722,-106.807666,5843.206
2018-02-12T00:00:00,900.34,1740,35.177722,-106.807666,5843.206
2018-01-04T00:00:00,900.63,1740,35.177722,-106.807666,5843.206
2017-12-07T00:00:00,900.68,1740,35.177722,-106.807666,5843.206
2017-09-14T00:00:00,900.71,1740,35.177722,-106.807666,5843.206
2017-06-01T00:00:00,900.055,1740,35.177722,-106.807666,5843.206
2017-01-26T00:00:00,900.48,1740,35.177722,-106.807666,5843.206
2016-12-01T00:00:00,900.55,1740,35.177722,-106.807666,5843.206
2016-04-15T00:00:00,900.54,1740,35.177722,-106.807666,5843.206
2016-03-04T00:00:00,900.5,1740,35.177722,-106.807666,5843.206
2015-11-13T00:00:00,901.32,1740,35.177722,-106.807666,5843.206
2015-07-30T00:00:00,900.92,1740,35.177722,-106.807666,5843.206
2015-04-16T00:00:00,901.01,1740,35.177722,-106.807666,5843.206
2015-02-05T00:00:00,901.3,1740,35.177722,-106.807666,5843.206
2014-11-13T00:00:00,901.31,1740,35.177722,-106.807666,5843.206
2014-09-08T00:00:00,901.16,1740,35.177722,-106.807666,5843.206
2014-06-02T00:00:00,900.93,1740,35.177722,-106.807666,5843.206
2014-01-22T00:00:00,900.89,1740,35.177722,-106.807666,5843.206
2013-11-07T00:00:00,901,1740,35.177722,-106.807666,5843.206
2013-08-01T00:00:00,900.94,1740,35.177722,-106.807666,5843.206
2013-05-16T00:00:00,900.79,1740,35.177722,-106.807666,5843.206
2013-02-12T00:00:00,900.94,1740,35.177722,-106.807666,5843.206
2012-11-20T00:00:00,901.5,1740,35.177722,-106.807666,5843.206
2012-05-03T00:00:00,900.03,1740,35.177722,-106.807666,5843.206
2012-02-21T00:00:00,900.96,1740,35.177722,-106.807666,5843.206
2011-10-04T00:00:00,901.23,1740,35.177722,-106.807666,5843.206
2011-08-01T00:00:00,901.16,1740,35.177722,-106.807666,5843.206
2011-04-28T00:00:00,900.69,1740,35.177722,-106.807666,5843.206
2011-01-25T00:00:00,901.33,1740,35.177722,-106.807666,5843.206
2010-11-01T00:00:00,901.49,1740,35.177722,-106.807666,5843.206
2010-09-09T00:00:00,901.38,1740,35.177722,-106.807666,5843.206
2010-05-04T00:00:00,901.06,1740,35.177722,-106.807666,5843.206
2010-02-04T00:00:00,901.27,1740,35.177722,-106.807666,5843.206
2009-11-09T00:00:00,901.68,1740,35.177722,-106.807666,5843.206
2009-08-26T00:00:00,901.6,1740,35.177722,-106.807666,5843.206
2009-01-13T00:00:00,901.5,1740,35.177722,-106.807666,5843.206
2008-10-21T00:00:00,901.45,1740,35.177722,-106.807666,5843.206
2008-05-07T00:00:00,901,1740,35.177722,-106.807666,5843.206
2006-01-11T00:00:00,900,1740,35.177722,-106.807666,5843.206
2005-10-31T00:00:00,899.99,1740,35.177722,-106.807666,5843.206
2005-07-26T00:00:00,900,1740,35.177722,-106.807666,5843.206
2005-05-19T00:00:00,899.7,1740,35.177722,-106.807666,5843.206
2005-03-31T00:00:00,899.5,1740,35.177722,-106.807666,5843.206
2005-01-13T00:00:00,899.68,1740,35.177722,-106.807666,5843.206
2004-09-22T00:00:00,900.1,1740,35.177722,-106.807666,5843.206
2004-05-19T00:00:00,899.5,1740,35.177722,-106.807666,5843.206
2004-02-23T00:00:00,899.56,1740,35.177722,-106.807666,5843.206
2003-11-19T00:00:00,899.73,1740,35.177722,-106.807666,5843.206
2003-09-11T00:00:00,899.73,1740,35.177722,-106.807666,5843.206
2003-07-24T00:00:00,899.55,1740,35.177722,-106.807666,5843.206
2003-04-30T00:00:00,899.45,1740,35.177722,-106.807666,5843.206
2003-03-11T00:00:00,899.3,1740,35.177722,-106.807666,5843.206
2003-01-16T00:00:00,899.6,1740,35.177722,-106.807666,5843.206
2002-10-30T00:00:00,899.45,1740,35.177722,-106.807666,5843.206
2002-09-26T00:00:00,899.35,1740,35.177722,-106.807666,5843.206
2002-01-22T00:00:00,899.25,1740,35.177722,-106.807666,5843.206
2001-09-27T00:00:00,899.35,1740,35.177722,-106.807666,5843.206
2001-07-25T00:00:00,899.98,1740,35.177722,-106.807666,5843.206
2001-06-07T00:00:00,899.46,1740,35.177722,-106.807666,5843.206
2021-12-13T19:35:00,900.7,1740,35.177722,-106.807666,5843.206
2024-10-11T17:31:00,900.66,1740,35.177722,-106.807666,5843.206
2025-01-07T23:40:26,900.45,1740,35.177722,-106.807666,5843.206
2025-03-21T19:00:53,900.4,1740,35.177722,-106.807666,5843.206
2025-06-09T16:12:35,900.41,1740,35.177722,-106.807666,5843.206
2025-09-03T16:51:52,900.54,1740,35.177722,-106.807666,5843.206
2020-11-03T00:00:00,252.2,400,35.157686,-106.354239,6911.023
2020-07-26T00:00:00,277.1,400,35.157686,-106.354239,6911.023
2020-04-28T00:00:00,269,400,35.157686,-106.354239,6911.023
2021-03-09T17:15:28,230,400,35.157686,-106.354239,6911.023
2021-10-24T15:03:25,249.2,400,35.157686,-106.354239,6911.023
2023-04-03T15:16:29,214.2,400,35.157686,-106.354239,6911.023
2024-03-18T22:02:33,205,400,35.157686,-106.354239,6911.023
2020-11-03T00:00:00,90.5,200,35.157125,-106.35585,6962.129
2020-07-26T00:00:00,88.1,200,35.157125,-106.35585,6962.129
2020-04-28T00:00:00,85.2,200,35.157125,-106.35585,6962.129
2021-03-09T17:25:08,90.5,200,35.157125,-106.35585,6962.129
2021-10-24T15:10:51,94.05,200,35.157125,-106.35585,6962.129
2023-04-03T16:01:58,77.24,200,35.157125,-106.35585,6962.129
2024-03-18T22:23:28,85.94,200,35.157125,-106.35585,6962.129
2025-03-04T22:34:21,89.26,200,35.157125,-106.35585,6962.129
2020-11-03T00:00:00,204.1,0,35.159319,-106.354642,6914.184
2020-07-26T00:00:00,201.2,0,35.159319,-106.354642,6914.184
2020-04-28T00:00:00,193.9,0,35.159319,-106.354642,6914.184
2021-10-24T16:17:51,209.95,0,35.159319,-106.354642,6914.184
2023-04-03T14:09:00,204,0,35.159319,-106.354642,6914.184
2024-03-18T22:06:44,167.09,0,35.159319,-106.354642,6914.184
2020-11-03T00:00:00,249,360,35.1574889,-106.35506,6965.01
2021-03-09T17:29:43,261.1,360,35.1574889,-106.35506,6965.01
2021-10-24T15:28:21,204,360,35.1574889,-106.35506,6965.01
2023-04-03T15:56:22,225.03,360,35.1574889,-106.35506,6965.01
2024-03-18T21:30:00,215.2,360,35.1574889,-106.35506,6965.01
2025-03-04T21:38:08,215.19,360,35.1574889,-106.35506,6965.01
2020-11-03T00:00:00,239,400,35.1589194,-106.3555028,6934.177
2021-03-09T17:43:37,239.7,400,35.1589194,-106.3555028,6934.177
2021-10-24T16:09:28,231.3,400,35.1589194,-106.3555028,6934.177
2023-04-03T16:37:12,226,400,35.1589194,-106.3555028,6934.177
2024-03-25T19:00:01,251.15,400,35.1589194,-106.3555028,6934.177
2025-03-26T20:38:02,259.24,400,35.1589194,-106.3555028,6934.177
2020-11-03T00:00:00,232.3,400,35.1589056,-106.3554611,6937.914
2023-04-03T16:24:21,250.08,400,35.1589056,-106.3554611,6937.914
2024-03-25T19:34:58,251.6,400,35.1589056,-106.3554611,6937.914
2025-03-04T20:17:50,259.33,400,35.1589056,-106.3554611,6937.914
2025-03-26T20:36:32,258.59,400,35.1589056,-106.3554611,6937.914
2020-11-01T00:00:00,190.99,220,35.148297,-106.349897,6964.329
2020-08-04T00:00:00,190.48,220,35.148297,-106.349897,6964.329
2020-04-25T00:00:00,190.5,220,35.148297,-106.349897,6964.329
2019-10-28T00:00:00,190.1,220,35.148297,-106.349897,6964.329
2019-07-22T00:00:00,190,220,35.148297,-106.349897,6964.329
2019-04-22T00:00:00,190,220,35.148297,-106.349897,6964.329
2018-12-20T00:00:00,190.36,220,35.148297,-106.349897,6964.329
2018-09-19T00:00:00,189.7,220,35.148297,-106.349897,6964.329
2018-04-05T00:00:00,188.68,220,35.148297,-106.349897,6964.329
2017-10-04T00:00:00,190.1,220,35.148297,-106.349897,6964.329
2017-06-16T00:00:00,189.9,220,35.148297,-106.349897,6964.329
2017-01-27T00:00:00,188.8,220,35.148297,-106.349897,6964.329
2016-06-01T00:00:00,187.63,220,35.148297,-106.349897,6964.329
2016-03-07T00:00:00,187.63,220,35.148297,-106.349897,6964.329
2015-11-30T00:00:00,187.9,220,35.148297,-106.349897,6964.329
2015-08-31T00:00:00,187.75,220,35.148297,-106.349897,6964.329
2015-06-02T00:00:00,187.65,220,35.148297,-106.349897,6964.329
2015-03-02T00:00:00,188.1,220,35.148297,-106.349897,6964.329
2014-11-06T00:00:00,188.78,220,35.148297,-106.349897,6964.329
2014-08-12T00:00:00,188.83,220,35.148297,-106.349897,6964.329
2014-04-09T00:00:00,189.12,220,35.148297,-106.349897,6964.329
2014-01-02T00:00:00,189.6,220,35.148297,-106.349897,6964.329
2013-10-01T00:00:00,189.56,220,35.148297,-106.349897,6964.329
2013-07-30T00:00:00,189.07,220,35.148297,-106.349897,6964.329
2013-05-06T00:00:00,189.33,220,35.148297,-106.349897,6964.329
2013-02-11T00:00:00,189.26,220,35.148297,-106.349897,6964.329
2012-11-14T00:00:00,189.14,220,35.148297,-106.349897,6964.329
2012-07-24T00:00:00,188.71,220,35.148297,-106.349897,6964.329
2012-05-10T00:00:00,188.54,220,35.148297,-106.349897,6964.329
2012-02-13T00:00:00,188.77,220,35.148297,-106.349897,6964.329
2021-03-13T21:38:50,191.12,220,35.148297,-106.349897,6964.329
2021-10-23T17:35:21,191.36,220,35.148297,-106.349897,6964.329
2024-02-20T18:28:10,191.2,220,35.148297,-106.349897,6964.329
2024-04-09T16:08:44,191.27,220,35.148297,-106.349897,6964.329
2024-05-06T15:33:00,191.2,220,35.148297,-106.349897,6964.329
2024-06-13T20:56:21,191.18,220,35.148297,-106.349897,6964.329
2024-07-30T16:01:38,191.44,220,35.148297,-106.349897,6964.329
2024-09-17T14:44:00,191.48,220,35.148297,-106.349897,6964.329
2024-10-07T15:30:00,191.52,220,35.148297,-106.349897,6964.329
2024-11-12T23:29:00,191.99,220,35.148297,-106.349897,6964.329
2024-12-12T18:19:12,191.73,220,35.148297,-106.349897,6964.329
2025-01-14T19:11:24,191.94,220,35.148297,-106.349897,6964.329
2025-02-05T16:08:11,191.94,220,35.148297,-106.349897,6964.329
2025-03-20T18:11:43,191.91,220,35.148297,-106.349897,6964.329
2025-04-07T16:17:24,191.89,220,35.148297,-106.349897,6964.329
2025-05-05T18:39:02,191.71,220,35.148297,-106.349897,6964.329
2025-06-10T18:16:55,191.7,220,35.148297,-106.349897,6964.329
2025-07-17T21:48:00,191.69,220,35.148297,-106.349897,6964.329
2025-08-01T06:31:00,191.74,220,35.148297,-106.349897,6964.329
2025-09-11T19:13:16,191.8,220,35.148297,-106.349897,6964.329
2020-11-01T00:00:00,513.8,680,35.149662,-106.355131,7081.632
2020-08-04T00:00:00,515.4,680,35.149662,-106.355131,7081.632
2020-04-25T00:00:00,500.2,680,35.149662,-106.355131,7081.632
2019-10-28T00:00:00,487.9,680,35.149662,-106.355131,7081.632
2019-07-22T00:00:00,505.7,680,35.149662,-106.355131,7081.632
2019-04-22T00:00:00,482.4,680,35.149662,-106.355131,7081.632
2018-12-20T00:00:00,480,680,35.149662,-106.355131,7081.632
2018-09-19T00:00:00,502.6,680,35.149662,-106.355131,7081.632
2018-04-04T00:00:00,487.4,680,35.149662,-106.355131,7081.632
2017-10-04T00:00:00,481.8,680,35.149662,-106.355131,7081.632
2017-06-14T00:00:00,501,680,35.149662,-106.355131,7081.632
2017-01-27T00:00:00,464.4,680,35.149662,-106.355131,7081.632
2016-06-01T00:00:00,464.4,680,35.149662,-106.355131,7081.632
2016-03-07T00:00:00,452.8,680,35.149662,-106.355131,7081.632
2015-11-30T00:00:00,450.8,680,35.149662,-106.355131,7081.632
2015-08-31T00:00:00,464.7,680,35.149662,-106.355131,7081.632
2015-06-01T00:00:00,459.4,680,35.149662,-106.355131,7081.632
2015-03-02T00:00:00,454.5,680,35.149662,-106.355131,7081.632
2014-12-01T00:00:00,459.8,680,35.149662,-106.355131,7081.632
2014-09-02T00:00:00,468.6,680,35.149662,-106.355131,7081.632
2014-06-02T00:00:00,477.6,680,35.149662,-106.355131,7081.632
2014-03-03T00:00:00,452.5,680,35.149662,-106.355131,7081.632
2013-12-02T00:00:00,454.6,680,35.149662,-106.355131,7081.632
2013-09-09T00:00:00,463.4,680,35.149662,-106.355131,7081.632
2021-03-07T20:39:06,503,680,35.149662,-106.355131,7081.632
2021-10-23T16:17:05,498.9,680,35.149662,-106.355131,7081.632
2023-03-28T18:55:42,506.67,680,35.149662,-106.355131,7081.632
2024-03-04T21:49:48,499.4,680,35.149662,-106.355131,7081.632
2025-03-24T15:35:03,505.4,680,35.149662,-106.355131,7081.632
2020-11-01T00:00:00,347.3,450,35.148794,-106.350183,6969.521
2020-07-25T00:00:00,347.3,450,35.148794,-106.350183,6969.521
2020-04-25T00:00:00,346.1,450,35.148794,-106.350183,6969.521
2019-10-28T00:00:00,343.8,450,35.148794,-106.350183,6969.521
2019-07-22T00:00:00,344.4,450,35.148794,-106.350183,6969.521
2019-04-22T00:00:00,341.3,450,35.148794,-106.350183,6969.521
2018-12-20T00:00:00,342.4,450,35.148794,-106.350183,6969.521
2018-09-19T00:00:00,342.3,450,35.148794,-106.350183,6969.521
2018-04-04T00:00:00,341.2,450,35.148794,-106.350183,6969.521
2017-10-04T00:00:00,341.4,450,35.148794,-106.350183,6969.521
2017-06-14T00:00:00,343.4,450,35.148794,-106.350183,6969.521
2017-01-27T00:00:00,337.6,450,35.148794,-106.350183,6969.521
2016-06-01T00:00:00,333.8,450,35.148794,-106.350183,6969.521
2016-03-07T00:00:00,332.6,450,35.148794,-106.350183,6969.521
2015-11-30T00:00:00,332.2,450,35.148794,-106.350183,6969.521
2015-08-31T00:00:00,333.4,450,35.148794,-106.350183,6969.521
2015-06-01T00:00:00,331.6,450,35.148794,-106.350183,6969.521
2015-03-02T00:00:00,331.1,450,35.148794,-106.350183,6969.521
2014-12-01T00:00:00,332.2,450,35.148794,-106.350183,6969.521
2014-09-02T00:00:00,332.4,450,35.148794,-106.350183,6969.521
2014-06-02T00:00:00,331.4,450,35.148794,-106.350183,6969.521
2014-03-03T00:00:00,330.9,450,35.148794,-106.350183,6969.521
2013-12-02T00:00:00,330.6,450,35.148794,-106.350183,6969.521
2013-09-09T00:00:00,331.6,450,35.148794,-106.350183,6969.521
2021-03-07T21:41:55,345.5,450,35.148794,-106.350183,6969.521
2021-10-23T17:32:47,346.7,450,35.148794,-106.350183,6969.521
2023-03-28T19:46:51,351.49,450,35.148794,-106.350183,6969.521
2024-03-05T23:30:15,350,450,35.148794,-106.350183,6969.521
2025-03-24T16:33:30,364.16,450,35.148794,-106.350183,6969.521
2020-11-01T00:00:00,572.9,630,35.1486630419,-106.356382669,7115.89
2020-04-25T00:00:00,536,630,35.1486630419,-106.356382669,7115.89
2019-10-28T00:00:00,524.6,630,35.1486630419,-106.356382669,7115.89
2019-07-22T00:00:00,543.2,630,35.1486630419,-106.356382669,7115.89
2019-04-22T00:00:00,518.6,630,35.1486630419,-106.356382669,7115.89
2018-12-20T00:00:00,515.1,630,35.1486630419,-106.356382669,7115.89
2018-09-19T00:00:00,539.4,630,35.1486630419,-106.356382669,7115.89
2018-04-04T00:00:00,517.7,630,35.1486630419,-106.356382669,7115.89
2017-10-04T00:00:00,516.5,630,35.1486630419,-106.356382669,7115.89
2017-06-14T00:00:00,538.1,630,35.1486630419,-106.356382669,7115.89
2017-01-27T00:00:00,503,630,35.1486630419,-106.356382669,7115.89
2016-06-01T00:00:00,498.9,630,35.1486630419,-106.356382669,7115.89
2021-03-07T20:33:42,539.8,630,35.1486630419,-106.356382669,7115.89
2021-10-23T16:10:40,584.6,630,35.1486630419,-106.356382669,7115.89
2023-03-28T19:03:36,552.21,630,35.1486630419,-106.356382669,7115.89
2024-03-04T21:40:00,547.6,630,35.1486630419,-106.356382669,7115.89
2025-03-24T15:34:24,567.25,630,35.1486630419,-106.356382669,7115.89
2020-11-01T00:00:00,365.7,565,35.1469444,-106.3585861,7091.283
2020-07-25T00:00:00,365.5,565,35.1469444,-106.3585861,7091.283
2020-04-25T00:00:00,364.2,565,35.1469444,-106.3585861,7091.283
2019-10-28T00:00:00,362.9,565,35.1469444,-106.3585861,7091.283
2019-07-22T00:00:00,364.6,565,35.1469444,-106.3585861,7091.283
2019-04-22T00:00:00,364,565,35.1469444,-106.3585861,7091.283
2018-12-20T00:00:00,364.8,565,35.1469444,-106.3585861,7091.283
2018-09-19T00:00:00,363.4,565,35.1469444,-106.3585861,7091.283
2021-03-07T20:30:00,364.1,565,35.1469444,-106.3585861,7091.283
2021-10-23T16:06:46,363.6,565,35.1469444,-106.3585861,7091.283
2023-03-28T19:08:48,370.43,565,35.1469444,-106.3585861,7091.283
2024-03-04T21:32:01,447.9,565,35.1469444,-106.3585861,7091.283
2025-03-24T14:53:14,435.56,565,35.1469444,-106.3585861,7091.283
2020-11-01T00:00:00,312.7,415,35.1486139,-106.3525528,7013.603
2021-03-07T21:20:46,311.3,415,35.1486139,-106.3525528,7013.603
2021-10-23T17:42:10,311.5,415,35.1486139,-106.3525528,7013.603
2020-11-03T00:00:00,418.2,500,35.1474333,-106.3528667,7012.777
2021-03-07T21:25:45,414.7,500,35.1474333,-106.3528667,7012.777
2021-10-23T17:47:39,415,500,35.1474333,-106.3528667,7012.777
2023-03-28T19:28:21,415.22,500,35.1474333,-106.3528667,7012.777
2024-03-04T23:18:50,425.97,500,35.1474333,-106.3528667,7012.777
2025-03-24T15:19:41,412,500,35.1474333,-106.3528667,7012.777
2020-11-03T00:00:00,393.43,0,35.1474333,-106.3529028,7014.952
2021-03-07T21:26:24,393.39,0,35.1474333,-106.3529028,7014.952
2021-10-23T17:49:39,393.4,0,35.1474333,-106.3529028,7014.952
2023-03-28T19:30:51,357.17,0,35.1474333,-106.3529028,7014.952
2020-11-03T00:00:00,391.5,450,35.1471972,-106.3510472,6988.874
2021-03-07T21:35:26,388.6,450,35.1471972,-106.3510472,6988.874
2021-10-23T17:56:05,388.5,450,35.1471972,-106.3510472,6988.874
2023-08-04T15:44:24,389.6,450,35.1471972,-106.3510472,6988.874
2025-03-24T15:57:00,388.86,450,35.1471972,-106.3510472,6988.874
2021-03-07T21:00:11,409.6,490,35.150242,-106.353364,7077.096
2021-10-23T16:23:34,409.3,490,35.150242,-106.353364,7077.096
2023-08-04T16:07:55,414.16,490,35.150242,-106.353364,7077.096
2024-03-04T22:31:26,455.65,490,35.150242,-106.353364,7077.096
2025-03-24T17:36:24,451.99,490,35.150242,-106.353364,7077.096
2021-10-23T16:51:00,391,525,35.152702,-106.351484,7071.505
2023-03-28T18:47:46,398.36,525,35.152702,-106.351484,7071.505
2024-03-04T17:37:49,444.4,525,35.152702,-106.351484,7071.505
2025-03-24T17:02:33,446.26,525,35.152702,-106.351484,7071.505
2025-04-07T15:55:52,445.87,525,35.152702,-106.351484,7071.505
2025-05-06T21:39:02,446.37,525,35.152702,-106.351484,7071.505
2025-06-10T18:07:45,446.92,525,35.152702,-106.351484,7071.505
2025-07-17T21:43:48,446.86,525,35.152702,-106.351484,7071.505
2025-08-05T17:34:45,447,525,35.152702,-106.351484,7071.505
2025-09-11T19:00:23,447.14,525,35.152702,-106.351484,7071.505
2025-03-24T16:17:34,364.16,515,35.148322,-106.350043,6967.001
2020-11-03T00:00:00,458.6,580,35.1366083,-106.3452417,7077.547
2020-07-25T00:00:00,459.8,580,35.1366083,-106.3452417,7077.547
2020-04-25T00:00:00,448.9,580,35.1366083,-106.3452417,7077.547
2019-10-28T00:00:00,451.7,580,35.1366083,-106.3452417,7077.547
2019-07-22T00:00:00,452.7,580,35.1366083,-106.3452417,7077.547
2019-04-22T00:00:00,447.8,580,35.1366083,-106.3452417,7077.547
2021-03-07T23:33:20,455.7,580,35.1366083,-106.3452417,7077.547
2021-10-23T20:33:22,459.5,580,35.1366083,-106.3452417,7077.547
2023-03-27T19:59:53,426.47,580,35.1366083,-106.3452417,7077.547
2024-03-01T19:06:09,443.3,580,35.1366083,-106.3452417,7077.547
2020-11-03T00:00:00,181.8,505,35.140478,-106.352589,6951.254
2020-07-25T00:00:00,164.8,505,35.140478,-106.352589,6951.254
2020-04-25T00:00:00,208.95,505,35.140478,-106.352589,6951.254
2019-10-28T00:00:00,195.9,505,35.140478,-106.352589,6951.254
2019-07-22T00:00:00,117.05,505,35.140478,-106.352589,6951.254
2021-03-07T22:18:23,187.7,505,35.140478,-106.352589,6951.254
2021-10-23T18:46:44,157.8,505,35.140478,-106.352589,6951.254
2023-03-27T18:44:49,165.5,505,35.140478,-106.352589,6951.254
2023-12-12T20:26:39,162.58,505,35.140478,-106.352589,6951.254
2024-02-06T23:26:49,190,505,35.140478,-106.352589,6951.254
2024-03-05T20:56:52,164.52,505,35.140478,-106.352589,6951.254
2024-04-09T16:29:35,168.42,505,35.140478,-106.352589,6951.254
2024-05-07T16:22:00,193.16,505,35.140478,-106.352589,6951.254
2024-06-10T21:06:29,188.29,505,35.140478,-106.352589,6951.254
2024-07-30T17:03:07,168.2,505,35.140478,-106.352589,6951.254
2024-08-13T18:45:26,155.42,505,35.140478,-106.352589,6951.254
2024-09-10T19:49:50,158.31,505,35.140478,-106.352589,6951.254
2024-10-08T20:37:43,167.9,505,35.140478,-106.352589,6951.254
2024-11-18T20:36:00,164.74,505,35.140478,-106.352589,6951.254
2024-12-12T17:43:45,167.66,505,35.140478,-106.352589,6951.254
2025-01-14T18:47:36,170.92,505,35.140478,-106.352589,6951.254
2025-02-10T23:26:12,175.53,505,35.140478,-106.352589,6951.254
2025-02-17T20:14:45,173.99,505,35.140478,-106.352589,6951.254
2025-03-20T17:50:09,163.96,505,35.140478,-106.352589,6951.254
2025-04-08T16:34:30,168.4,505,35.140478,-106.352589,6951.254
2025-05-08T19:15:27,164.79,505,35.140478,-106.352589,6951.254
2025-06-18T18:02:00,175.77,505,35.140478,-106.352589,6951.254
2025-07-18T17:07:00,166.47,505,35.140478,-106.352589,6951.254
2025-08-13T17:55:55,167.34,505,35.140478,-106.352589,6951.254
2020-11-03T00:00:00,54.6,440,35.140639,-106.353775,6923.846
2020-07-25T00:00:00,54.31,440,35.140639,-106.353775,6923.846
2020-04-25T00:00:00,53.94,440,35.140639,-106.353775,6923.846
2019-10-28T00:00:00,53.74,440,35.140639,-106.353775,6923.846
2019-07-22T00:00:00,53.49,440,35.140639,-106.353775,6923.846
2021-03-07T22:22:18,54.95,440,35.140639,-106.353775,6923.846
2021-10-23T18:50:26,55.59,440,35.140639,-106.353775,6923.846
2023-03-27T18:34:12,52.42,440,35.140639,-106.353775,6923.846
2023-11-09T18:54:04,53.54,440,35.140639,-106.353775,6923.846
2023-12-12T19:38:12,53.56,440,35.140639,-106.353775,6923.846
2024-01-16T20:15:27,53.72,440,35.140639,-106.353775,6923.846
2024-02-06T23:03:49,53.73,440,35.140639,-106.353775,6923.846
2024-03-05T21:10:25,53.81,440,35.140639,-106.353775,6923.846
2024-05-07T16:23:00,53.89,440,35.140639,-106.353775,6923.846
2024-06-10T21:04:59,54.1,440,35.140639,-106.353775,6923.846
2024-07-30T16:44:39,54.16,440,35.140639,-106.353775,6923.846
2024-08-13T18:44:09,54.11,440,35.140639,-106.353775,6923.846
2024-09-10T19:51:05,53.89,440,35.140639,-106.353775,6923.846
2024-10-08T20:49:03,54.14,440,35.140639,-106.353775,6923.846
2024-11-12T22:27:00,54.14,440,35.140639,-106.353775,6923.846
2024-12-12T17:51:21,54.33,440,35.140639,-106.353775,6923.846
2025-01-14T18:29:40,54.5,440,35.140639,-106.353775,6923.846
2025-02-04T22:32:45,54.49,440,35.140639,-106.353775,6923.846
2025-03-03T23:29:27,54.02,440,35.140639,-106.353775,6923.846
2025-04-08T16:20:00,54.73,440,35.140639,-106.353775,6923.846
2025-05-07T15:38:25,54.92,440,35.140639,-106.353775,6923.846
2025-06-10T17:18:39,55,440,35.140639,-106.353775,6923.846
2025-08-05T19:12:43,55.24,440,35.140639,-106.353775,6923.846
2025-09-11T18:27:55,55.42,440,35.140639,-106.353775,6923.846
2021-10-24T15:53:44,220.1,360,35.1576606,-106.3570568,6967.706
2023-04-03T14:46:44,228.05,360,35.1576606,-106.3570568,6967.706
2024-03-25T20:08:11,230.38,360,35.1576606,-106.3570568,6967.706
2025-03-04T20:52:56,226.06,360,35.1576606,-106.3570568,6967.706
2020-11-03T00:00:00,214.5,310,35.159283,-106.365012,7099.342
2020-07-26T00:00:00,212.2,310,35.159283,-106.365012,7099.342
2020-04-26T00:00:00,216.6,310,35.159283,-106.365012,7099.342
2019-10-29T00:00:00,211.2,310,35.159283,-106.365012,7099.342
2019-07-23T00:00:00,212,310,35.159283,-106.365012,7099.342
2019-04-22T00:00:00,230.7,310,35.159283,-106.365012,7099.342
2018-12-18T00:00:00,230.4,310,35.159283,-106.365012,7099.342
2018-09-12T00:00:00,229.7,310,35.159283,-106.365012,7099.342
2018-04-04T00:00:00,226.6,310,35.159283,-106.365012,7099.342
2017-10-04T00:00:00,223.75,310,35.159283,-106.365012,7099.342
2017-06-15T00:00:00,224.87,310,35.159283,-106.365012,7099.342
2017-01-23T00:00:00,226,310,35.159283,-106.365012,7099.342
2016-06-02T00:00:00,227.19,310,35.159283,-106.365012,7099.342
2016-03-08T00:00:00,229.28,310,35.159283,-106.365012,7099.342
2015-12-01T00:00:00,229.57,310,35.159283,-106.365012,7099.342
2015-09-01T00:00:00,229.84,310,35.159283,-106.365012,7099.342
2015-06-02T00:00:00,230.71,310,35.159283,-106.365012,7099.342
2021-03-09T16:50:41,217.95,310,35.159283,-106.365012,7099.342
2021-10-23T21:41:10,221.2,310,35.159283,-106.365012,7099.342
2023-04-03T18:17:33,230.18,310,35.159283,-106.365012,7099.342
2023-11-09T20:04:55,196.4,310,35.159283,-106.365012,7099.342
2023-12-12T22:23:40,200.1,310,35.159283,-106.365012,7099.342
2024-01-16T23:34:06,202.4,310,35.159283,-106.365012,7099.342
2024-02-07T00:13:10,203.42,310,35.159283,-106.365012,7099.342
2024-03-05T21:42:37,202.8,310,35.159283,-106.365012,7099.342
2024-04-10T17:40:46,206.4,310,35.159283,-106.365012,7099.342
2024-05-07T16:27:00,207.14,310,35.159283,-106.365012,7099.342
2024-06-10T21:38:54,202.3,310,35.159283,-106.365012,7099.342
2024-07-30T17:45:06,200.01,310,35.159283,-106.365012,7099.342
2024-08-13T19:29:56,201.55,310,35.159283,-106.365012,7099.342
2024-09-10T19:48:36,202.73,310,35.159283,-106.365012,7099.342
2024-10-08T18:04:45,204.93,310,35.159283,-106.365012,7099.342
2024-11-13T16:12:00,207.04,310,35.159283,-106.365012,7099.342
2024-12-12T18:41:05,208.43,310,35.159283,-106.365012,7099.342
2025-01-14T19:34:47,210,310,35.159283,-106.365012,7099.342
2025-02-04T21:17:26,210.89,310,35.159283,-106.365012,7099.342
2025-05-08T19:39:13,214.52,310,35.159283,-106.365012,7099.342
2025-06-10T20:03:59,215.88,310,35.159283,-106.365012,7099.342
2025-07-17T14:41:00,217.22,310,35.159283,-106.365012,7099.342
2025-08-05T19:39:33,218.16,310,35.159283,-106.365012,7099.342
2025-09-11T17:37:54,218.51,310,35.159283,-106.365012,7099.342
2021-11-01T20:28:11,240.3,400,35.113222,-106.304968,6934.223
2023-03-24T20:01:20,228.45,400,35.113222,-106.304968,6934.223
2024-03-13T18:49:32,223.15,400,35.113222,-106.304968,6934.223
2025-03-10T20:35:07,222.54,400,35.113222,-106.304968,6934.223
2020-11-07T00:00:00,306.1,500,35.114875,-106.318003,6844.435
2020-08-01T00:00:00,303.6,500,35.114875,-106.318003,6844.435
2021-03-20T21:39:04,302.4,500,35.114875,-106.318003,6844.435
2021-11-01T20:02:09,303.7,500,35.114875,-106.318003,6844.435
2023-03-24T19:38:38,309.75,500,35.114875,-106.318003,6844.435
2024-03-12T21:19:49,304.42,500,35.114875,-106.318003,6844.435
2025-03-10T21:55:13,304.21,500,35.114875,-106.318003,6844.435
2020-11-07T00:00:00,112.3,505,35.114931,-106.317972,6849.792
2020-08-01T00:00:00,112.85,505,35.114931,-106.317972,6849.792
2021-03-20T21:42:57,112.28,505,35.114931,-106.317972,6849.792
2024-03-12T21:26:28,113.19,505,35.114931,-106.317972,6849.792
2020-11-07T00:00:00,127.8,300,35.1470861,-106.2854278,6823.236
2021-03-13T17:20:49,127.5,300,35.1470861,-106.2854278,6823.236
2021-11-01T20:54:31,127.6,300,35.1470861,-106.2854278,6823.236
2023-08-08T17:13:02,127.23,300,35.1470861,-106.2854278,6823.236
2023-11-09T22:57:22,125.42,300,35.1470861,-106.2854278,6823.236
2024-03-18T18:03:46,127.28,300,35.1470861,-106.2854278,6823.236
2025-03-17T16:11:07,125.51,300,35.1470861,-106.2854278,6823.236
2020-11-10T00:00:00,207.6,370,35.010364,-106.344871,7267.541
2020-08-04T00:00:00,212,370,35.010364,-106.344871,7267.541
2020-05-02T00:00:00,227.4,370,35.010364,-106.344871,7267.541
2019-11-03T00:00:00,197.3,370,35.010364,-106.344871,7267.541
2019-07-25T00:00:00,186.5,370,35.010364,-106.344871,7267.541
2019-04-25T00:00:00,195.9,370,35.010364,-106.344871,7267.541
2019-01-11T00:00:00,199.7,370,35.010364,-106.344871,7267.541
2018-09-29T00:00:00,202.8,370,35.010364,-106.344871,7267.541
2018-04-08T00:00:00,198.9,370,35.010364,-106.344871,7267.541
2017-10-14T00:00:00,181.7,370,35.010364,-106.344871,7267.541
2017-02-02T00:00:00,214.6,370,35.010364,-106.344871,7267.541
2016-06-15T00:00:00,218.4,370,35.010364,-106.344871,7267.541
2016-03-14T00:00:00,204.4,370,35.010364,-106.344871,7267.541
2015-12-07T00:00:00,210.5,370,35.010364,-106.344871,7267.541
2015-09-09T00:00:00,198.23,370,35.010364,-106.344871,7267.541
2021-03-20T15:55:21,217.8,370,35.010364,-106.344871,7267.541
2021-11-10T19:15:24,217.8,370,35.010364,-106.344871,7267.541
2023-04-04T16:34:31,209.01,370,35.010364,-106.344871,7267.541
2024-03-12T16:31:50,214.89,370,35.010364,-106.344871,7267.541
2025-03-12T20:21:00,232.21,370,35.010364,-106.344871,7267.541
2021-11-10T19:31:40,258.5,500,35.01765,-106.349333,7272.848
2024-03-19T20:13:09,245.11,500,35.01765,-106.349333,7272.848
2025-03-12T21:25:47,254.78,500,35.01765,-106.349333,7272.848
2019-11-07T00:00:00,8.5,230,34.9823,-106.7150083,4912.792
2019-07-29T00:00:00,8.9,230,34.9823,-106.7150083,4912.792
2019-04-25T00:00:00,9.4,230,34.9823,-106.7150083,4912.792
2019-02-28T00:00:00,9.9,230,34.9823,-106.7150083,4912.792
2018-11-15T00:00:00,9.28,230,34.9823,-106.7150083,4912.792
2018-08-16T00:00:00,9.23,230,34.9823,-106.7150083,4912.792
2018-05-17T00:00:00,9.33,230,34.9823,-106.7150083,4912.792
2018-02-22T00:00:00,9.65,230,34.9823,-106.7150083,4912.792
2017-12-07T00:00:00,8.84,230,34.9823,-106.7150083,4912.792
2017-09-14T00:00:00,8.85,230,34.9823,-106.7150083,4912.792
2017-05-25T00:00:00,9.48,230,34.9823,-106.7150083,4912.792
2017-01-19T00:00:00,9.48,230,34.9823,-106.7150083,4912.792
2016-12-08T00:00:00,9.22,230,34.9823,-106.7150083,4912.792
2016-07-22T00:00:00,9.4,230,34.9823,-106.7150083,4912.792
2016-04-28T00:00:00,9.21,230,34.9823,-106.7150083,4912.792
2016-03-04T00:00:00,9.81,230,34.9823,-106.7150083,4912.792
2015-11-21T00:00:00,9.3,230,34.9823,-106.7150083,4912.792
2015-07-23T00:00:00,9.23,230,34.9823,-106.7150083,4912.792
2015-04-30T00:00:00,9.8,230,34.9823,-106.7150083,4912.792
2015-02-19T00:00:00,10.3,230,34.9823,-106.7150083,4912.792
2014-11-20T00:00:00,9.77,230,34.9823,-106.7150083,4912.792
2014-09-03T00:00:00,9.46,230,34.9823,-106.7150083,4912.792
2014-05-07T00:00:00,9.6,230,34.9823,-106.7150083,4912.792
2014-01-07T00:00:00,10.2,230,34.9823,-106.7150083,4912.792
2013-11-14T00:00:00,9.51,230,34.9823,-106.7150083,4912.792
2013-08-06T00:00:00,10.18,230,34.9823,-106.7150083,4912.792
2013-04-23T00:00:00,10.18,230,34.9823,-106.7150083,4912.792
2013-02-11T00:00:00,10.23,230,34.9823,-106.7150083,4912.792
2012-11-29T00:00:00,9.61,230,34.9823,-106.7150083,4912.792
2012-08-23T00:00:00,9.21,230,34.9823,-106.7150083,4912.792
2012-05-02T00:00:00,9.72,230,34.9823,-106.7150083,4912.792
2012-02-02T00:00:00,9.89,230,34.9823,-106.7150083,4912.792
2011-10-05T00:00:00,9.21,230,34.9823,-106.7150083,4912.792
2011-04-27T00:00:00,9.75,230,34.9823,-106.7150083,4912.792
2011-02-07T00:00:00,10.14,230,34.9823,-106.7150083,4912.792
2010-10-21T00:00:00,9.18,230,34.9823,-106.7150083,4912.792
2010-08-16T00:00:00,9.39,230,34.9823,-106.7150083,4912.792
2010-05-25T00:00:00,7.85,230,34.9823,-106.7150083,4912.792
2021-03-19T16:33:03,10.05,230,34.9823,-106.7150083,4912.792
2021-11-08T19:00:19,10.05,230,34.9823,-106.7150083,4912.792
2023-03-14T16:48:58,9.97,230,34.9823,-106.7150083,4912.792
2023-08-15T21:52:29,9.18,230,34.9823,-106.7150083,4912.792
2024-10-03T20:17:11,9.57,230,34.9823,-106.7150083,4912.792
2025-01-08T18:17:11,9.75,230,34.9823,-106.7150083,4912.792
2025-03-18T15:32:33,9.99,230,34.9823,-106.7150083,4912.792
2025-06-04T18:42:36,9.41,230,34.9823,-106.7150083,4912.792
2025-09-02T17:34:19,10.57,230,34.9823,-106.7150083,4912.792
2020-11-07T00:00:00,115.31,250,35.112131,-106.308549,6836.146
2020-08-01T00:00:00,112.55,250,35.112131,-106.308549,6836.146
2020-04-30T00:00:00,107.28,250,35.112131,-106.308549,6836.146
2019-11-02T00:00:00,107.05,250,35.112131,-106.308549,6836.146
2019-07-24T00:00:00,100.84,250,35.112131,-106.308549,6836.146
2019-04-24T00:00:00,102.1,250,35.112131,-106.308549,6836.146
2019-01-12T00:00:00,107.8,250,35.112131,-106.308549,6836.146
2018-09-23T00:00:00,111.02,250,35.112131,-106.308549,6836.146
2018-04-07T00:00:00,108.12,250,35.112131,-106.308549,6836.146
2017-09-29T00:00:00,103.46,250,35.112131,-106.308549,6836.146
2017-06-26T00:00:00,106.22,250,35.112131,-106.308549,6836.146
2017-01-30T00:00:00,107.28,250,35.112131,-106.308549,6836.146
2016-06-14T00:00:00,103.31,250,35.112131,-106.308549,6836.146
2016-03-10T00:00:00,101.11,250,35.112131,-106.308549,6836.146
2015-12-08T00:00:00,102.52,250,35.112131,-106.308549,6836.146
2015-09-15T00:00:00,100.79,250,35.112131,-106.308549,6836.146
2015-09-08T00:00:00,100.23,250,35.112131,-106.308549,6836.146
2015-06-03T00:00:00,102.3,250,35.112131,-106.308549,6836.146
2015-03-09T00:00:00,108.91,250,35.112131,-106.308549,6836.146
2014-10-16T00:00:00,102.915,250,35.112131,-106.308549,6836.146
2014-07-21T00:00:00,117.49,250,35.112131,-106.308549,6836.146
2014-05-01T00:00:00,115.12,250,35.112131,-106.308549,6836.146
2014-01-29T00:00:00,115.712,250,35.112131,-106.308549,6836.146
2013-11-13T00:00:00,118.259,250,35.112131,-106.308549,6836.146
2013-08-14T00:00:00,141.053,250,35.112131,-106.308549,6836.146
2013-06-13T00:00:00,137.942,250,35.112131,-106.308549,6836.146
2013-02-11T00:00:00,129.33,250,35.112131,-106.308549,6836.146
2012-11-28T00:00:00,126.548,250,35.112131,-106.308549,6836.146
2012-08-01T00:00:00,121.556,250,35.112131,-106.308549,6836.146
2012-04-11T00:00:00,118.359,250,35.112131,-106.308549,6836.146
2012-02-22T00:00:00,120.419,250,35.112131,-106.308549,6836.146
2021-03-21T18:30:31,120.78,250,35.112131,-106.308549,6836.146
2021-11-01T20:09:43,112.24,250,35.112131,-106.308549,6836.146
2023-03-24T19:54:08,103.71,250,35.112131,-106.308549,6836.146
2023-08-04T21:39:35,98.45,250,35.112131,-106.308549,6836.146
2023-10-17T22:33:34,101.9,250,35.112131,-106.308549,6836.146
2023-11-07T20:43:58,105.01,250,35.112131,-106.308549,6836.146
2023-12-06T22:38:46,107.51,250,35.112131,-106.308549,6836.146
2024-01-04T16:29:49,109,250,35.112131,-106.308549,6836.146
2024-02-02T17:34:59,109.32,250,35.112131,-106.308549,6836.146
2024-02-16T22:54:00,109.51,250,35.112131,-106.308549,6836.146
2024-03-21T15:42:26,107.8,250,35.112131,-106.308549,6836.146
2024-04-08T20:53:48,104.85,250,35.112131,-106.308549,6836.146
2024-05-09T15:49:00,103.38,250,35.112131,-106.308549,6836.146
2024-06-04T17:58:52,103.35,250,35.112131,-106.308549,6836.146
2024-07-30T21:41:33,103.76,250,35.112131,-106.308549,6836.146
2024-08-15T17:39:02,102.81,250,35.112131,-106.308549,6836.146
2024-09-12T20:53:39,101.72,250,35.112131,-106.308549,6836.146
2024-10-07T17:43:00,98.59,250,35.112131,-106.308549,6836.146
2024-11-15T19:13:43,98.43,250,35.112131,-106.308549,6836.146
2024-12-13T18:32:52,97.81,250,35.112131,-106.308549,6836.146
2025-01-15T19:36:15,99.34,250,35.112131,-106.308549,6836.146
2025-02-05T19:13:29,100.64,250,35.112131,-106.308549,6836.146
2025-03-19T17:32:35,103.82,250,35.112131,-106.308549,6836.146
2025-04-04T19:46:44,104.82,250,35.112131,-106.308549,6836.146
2025-05-05T17:14:57,105.11,250,35.112131,-106.308549,6836.146
2025-06-12T15:03:42,103.41,250,35.112131,-106.308549,6836.146
2025-07-10T15:52:05,101.68,250,35.112131,-106.308549,6836.146
2025-08-01T20:14:24,99.23,250,35.112131,-106.308549,6836.146
2025-09-09T17:11:34,99.45,250,35.112131,-106.308549,6836.146
2020-11-07T00:00:00,135.5,290,35.158262,-106.324276,6674.88
2020-07-31T00:00:00,134.4,290,35.158262,-106.324276,6674.88
2020-04-28T00:00:00,133.5,290,35.158262,-106.324276,6674.88
2019-10-30T00:00:00,133.3,290,35.158262,-106.324276,6674.88
2019-07-24T00:00:00,132.1,290,35.158262,-106.324276,6674.88
2019-04-24T00:00:00,131.2,290,35.158262,-106.324276,6674.88
2019-01-10T00:00:00,132.1,290,35.158262,-106.324276,6674.88
2018-09-21T00:00:00,131.6,290,35.158262,-106.324276,6674.88
2018-04-06T00:00:00,128.2,290,35.158262,-106.324276,6674.88
2017-10-09T00:00:00,128.25,290,35.158262,-106.324276,6674.88
2017-06-20T00:00:00,127.85,290,35.158262,-106.324276,6674.88
2017-01-24T00:00:00,127.3,290,35.158262,-106.324276,6674.88
2016-06-07T00:00:00,119.94,290,35.158262,-106.324276,6674.88
2016-03-09T00:00:00,119.94,290,35.158262,-106.324276,6674.88
2015-12-02T00:00:00,119.94,290,35.158262,-106.324276,6674.88
2015-09-02T00:00:00,117.63,290,35.158262,-106.324276,6674.88
2015-06-03T00:00:00,119.94,290,35.158262,-106.324276,6674.88
2015-03-11T00:00:00,117.63,290,35.158262,-106.324276,6674.88
2014-12-03T00:00:00,117.63,290,35.158262,-106.324276,6674.88
2014-09-06T00:00:00,115.32,290,35.158262,-106.324276,6674.88
2014-03-04T00:00:00,115.32,290,35.158262,-106.324276,6674.88
2013-09-10T00:00:00,115.32,290,35.158262,-106.324276,6674.88
2013-06-13T00:00:00,115.32,290,35.158262,-106.324276,6674.88
2013-03-12T00:00:00,110.7,290,35.158262,-106.324276,6674.88
2012-12-11T00:00:00,113.01,290,35.158262,-106.324276,6674.88
2012-09-12T00:00:00,113.01,290,35.158262,-106.324276,6674.88
2012-06-12T00:00:00,113.01,290,35.158262,-106.324276,6674.88
2012-03-16T00:00:00,110.7,290,35.158262,-106.324276,6674.88
2011-12-21T00:00:00,110.7,290,35.158262,-106.324276,6674.88
2011-11-07T00:00:00,119.94,290,35.158262,-106.324276,6674.88
2021-03-11T22:21:21,136.9,290,35.158262,-106.324276,6674.88
2021-10-27T21:14:36,138.7,290,35.158262,-106.324276,6674.88
2023-03-30T18:03:51,139.97,290,35.158262,-106.324276,6674.88
2024-03-13T15:50:22,141.04,290,35.158262,-106.324276,6674.88
2025-03-13T15:45:29,141.46,290,35.158262,-106.324276,6674.88
2020-11-07T00:00:00,223.9,300,35.1547361,-106.3290194,6735.76
2020-07-31T00:00:00,232.5,300,35.1547361,-106.3290194,6735.76
2020-04-28T00:00:00,209.5,300,35.1547361,-106.3290194,6735.76
2019-10-30T00:00:00,213.4,300,35.1547361,-106.3290194,6735.76
2021-03-11T22:12:52,223,300,35.1547361,-106.3290194,6735.76
2021-10-27T20:59:46,237.8,300,35.1547361,-106.3290194,6735.76
2023-03-30T18:44:50,184.44,300,35.1547361,-106.3290194,6735.76
2024-03-13T16:21:57,221.45,300,35.1547361,-106.3290194,6735.76
2025-03-13T17:05:51,234.33,300,35.1547361,-106.3290194,6735.76
2019-11-07T00:00:00,6.1,20,35.04264,-106.675799,4935.289
2019-07-01T00:00:00,5.89,20,35.04264,-106.675799,4935.289
2019-04-25T00:00:00,6.41,20,35.04264,-106.675799,4935.289
2019-02-28T00:00:00,6.38,20,35.04264,-106.675799,4935.289
2018-11-08T00:00:00,6.8,20,35.04264,-106.675799,4935.289
2018-08-15T00:00:00,6.98,20,35.04264,-106.675799,4935.289
2018-05-17T00:00:00,6.45,20,35.04264,-106.675799,4935.289
2018-03-04T00:00:00,6.12,20,35.04264,-106.675799,4935.289
2017-10-05T00:00:00,6.19,20,35.04264,-106.675799,4935.289
2017-08-03T00:00:00,6.73,20,35.04264,-106.675799,4935.289
2017-05-25T00:00:00,6.02,20,35.04264,-106.675799,4935.289
2017-01-19T00:00:00,6.31,20,35.04264,-106.675799,4935.289
2016-11-04T00:00:00,6.12,20,35.04264,-106.675799,4935.289
2016-08-12T00:00:00,6.86,20,35.04264,-106.675799,4935.289
2016-04-28T00:00:00,8.38,20,35.04264,-106.675799,4935.289
2016-03-11T00:00:00,8.4,20,35.04264,-106.675799,4935.289
2015-09-03T00:00:00,12.4,20,35.04264,-106.675799,4935.289
2015-04-08T00:00:00,6.54,20,35.04264,-106.675799,4935.289
2015-01-21T00:00:00,6.54,20,35.04264,-106.675799,4935.289
2014-10-24T00:00:00,6.47,20,35.04264,-106.675799,4935.289
2014-08-04T00:00:00,6.76,20,35.04264,-106.675799,4935.289
2014-05-12T00:00:00,6.6,20,35.04264,-106.675799,4935.289
2014-01-06T00:00:00,6.6,20,35.04264,-106.675799,4935.289
2013-10-09T00:00:00,6.8,20,35.04264,-106.675799,4935.289
2013-04-24T00:00:00,7.09,20,35.04264,-106.675799,4935.289
2013-04-23T00:00:00,6.72,20,35.04264,-106.675799,4935.289
2013-02-13T00:00:00,6.96,20,35.04264,-106.675799,4935.289
2012-11-19T00:00:00,7.02,20,35.04264,-106.675799,4935.289
2012-07-13T00:00:00,7.15,20,35.04264,-106.675799,4935.289
2012-04-27T00:00:00,6.54,20,35.04264,-106.675799,4935.289
2012-02-02T00:00:00,6.89,20,35.04264,-106.675799,4935.289
2011-10-04T00:00:00,7.12,20,35.04264,-106.675799,4935.289
2011-07-14T00:00:00,7.13,20,35.04264,-106.675799,4935.289
2011-04-26T00:00:00,6.82,20,35.04264,-106.675799,4935.289
2011-02-08T00:00:00,6.56,20,35.04264,-106.675799,4935.289
2010-10-19T00:00:00,7.01,20,35.04264,-106.675799,4935.289
2010-07-15T00:00:00,6.7,20,35.04264,-106.675799,4935.289
2010-05-25T00:00:00,6.61,20,35.04264,-106.675799,4935.289
2010-02-04T00:00:00,6.73,20,35.04264,-106.675799,4935.289
2009-11-23T00:00:00,6.77,20,35.04264,-106.675799,4935.289
2009-08-31T00:00:00,7.02,20,35.04264,-106.675799,4935.289
2021-11-08T16:28:16,6.75,20,35.04264,-106.675799,4935.289
2023-08-01T18:20:24,6.63,20,35.04264,-106.675799,4935.289
2024-01-02T19:31:29,6.34,20,35.04264,-106.675799,4935.289
2024-03-01T19:14:59,6.32,20,35.04264,-106.675799,4935.289
2024-07-29T14:40:00,6.48,20,35.04264,-106.675799,4935.289
2024-10-03T22:14:00,6.86,20,35.04264,-106.675799,4935.289
2025-01-10T16:37:00,6.4,20,35.04264,-106.675799,4935.289
2025-03-18T18:32:14,6.56,20,35.04264,-106.675799,4935.289
2025-06-04T21:10:16,7.18,20,35.04264,-106.675799,4935.289
2025-09-03T13:45:00,6.4,20,35.04264,-106.675799,4935.289
2019-11-07T00:00:00,6.55,20,35.043991,-106.67319,4936.28
2019-07-01T00:00:00,5.81,20,35.043991,-106.67319,4936.28
2019-04-25T00:00:00,5.94,20,35.043991,-106.67319,4936.28
2019-02-28T00:00:00,6.98,20,35.043991,-106.67319,4936.28
2018-11-08T00:00:00,7.1,20,35.043991,-106.67319,4936.28
2018-08-15T00:00:00,7.38,20,35.043991,-106.67319,4936.28
2018-05-17T00:00:00,6.97,20,35.043991,-106.67319,4936.28
2018-03-15T00:00:00,6.98,20,35.043991,-106.67319,4936.28
2017-10-05T00:00:00,6.61,20,35.043991,-106.67319,4936.28
2017-08-03T00:00:00,7.03,20,35.043991,-106.67319,4936.28
2017-05-25T00:00:00,6.31,20,35.043991,-106.67319,4936.28
2017-01-19T00:00:00,6.88,20,35.043991,-106.67319,4936.28
2016-11-04T00:00:00,7.03,20,35.043991,-106.67319,4936.28
2016-08-11T00:00:00,7.28,20,35.043991,-106.67319,4936.28
2016-04-28T00:00:00,7.58,20,35.043991,-106.67319,4936.28
2016-03-11T00:00:00,8.51,20,35.043991,-106.67319,4936.28
2015-08-13T00:00:00,7,20,35.043991,-106.67319,4936.28
2015-04-08T00:00:00,7.03,20,35.043991,-106.67319,4936.28
2015-01-21T00:00:00,7.18,20,35.043991,-106.67319,4936.28
2014-10-24T00:00:00,6.91,20,35.043991,-106.67319,4936.28
2014-08-04T00:00:00,7.31,20,35.043991,-106.67319,4936.28
2014-05-12T00:00:00,7.03,20,35.043991,-106.67319,4936.28
2014-01-06T00:00:00,7.2,20,35.043991,-106.67319,4936.28
2013-10-09T00:00:00,7.34,20,35.043991,-106.67319,4936.28
2013-07-24T00:00:00,7.24,20,35.043991,-106.67319,4936.28
2013-04-23T00:00:00,7.33,20,35.043991,-106.67319,4936.28
2013-02-13T00:00:00,7.61,20,35.043991,-106.67319,4936.28
2012-11-19T00:00:00,7.62,20,35.043991,-106.67319,4936.28
2012-07-13T00:00:00,7.15,20,35.043991,-106.67319,4936.28
2012-04-27T00:00:00,7.24,20,35.043991,-106.67319,4936.28
2012-02-02T00:00:00,7.56,20,35.043991,-106.67319,4936.28
2011-10-04T00:00:00,7.66,20,35.043991,-106.67319,4936.28
2011-07-14T00:00:00,7.72,20,35.043991,-106.67319,4936.28
2011-04-26T00:00:00,7.44,20,35.043991,-106.67319,4936.28
2011-02-08T00:00:00,7.63,20,35.043991,-106.67319,4936.28
2010-10-19T00:00:00,7.58,20,35.043991,-106.67319,4936.28
2010-07-15T00:00:00,7.18,20,35.043991,-106.67319,4936.28
2010-05-25T00:00:00,7.2,20,35.043991,-106.67319,4936.28
2010-02-04T00:00:00,7.49,20,35.043991,-106.67319,4936.28
2009-11-23T00:00:00,6.77,20,35.043991,-106.67319,4936.28
2009-08-31T00:00:00,7.02,20,35.043991,-106.67319,4936.28
2021-11-08T16:22:53,7.76,20,35.043991,-106.67319,4936.28
2023-08-01T18:28:56,7.26,20,35.043991,-106.67319,4936.28
2024-01-02T19:48:39,6.87,20,35.043991,-106.67319,4936.28
2024-03-01T19:29:42,6.87,20,35.043991,-106.67319,4936.28
2024-07-29T14:45:00,7.07,20,35.043991,-106.67319,4936.28
2024-10-03T22:23:00,7.29,20,35.043991,-106.67319,4936.28
2025-01-10T16:40:00,6.89,20,35.043991,-106.67319,4936.28
2025-03-18T18:39:10,7.34,20,35.043991,-106.67319,4936.28
2025-06-04T21:15:00,7.6,20,35.043991,-106.67319,4936.28
2025-09-03T13:40:00,6.39,20,35.043991,-106.67319,4936.28
2019-12-05T00:00:00,9.03,590,35.01666667,-106.6825,4924.34
2019-09-12T00:00:00,9.38,590,35.01666667,-106.6825,4924.34
2019-04-25T00:00:00,9.43,590,35.01666667,-106.6825,4924.34
2019-03-21T00:00:00,7.77,590,35.01666667,-106.6825,4924.34
2018-11-08T00:00:00,9.65,590,35.01666667,-106.6825,4924.34
2018-09-10T00:00:00,9.72,590,35.01666667,-106.6825,4924.34
2018-05-17T00:00:00,9.6,590,35.01666667,-106.6825,4924.34
2018-01-18T00:00:00,9.67,590,35.01666667,-106.6825,4924.34
2017-10-12T00:00:00,9.5,590,35.01666667,-106.6825,4924.34
2017-07-20T00:00:00,9.81,590,35.01666667,-106.6825,4924.34
2017-05-25T00:00:00,9.57,590,35.01666667,-106.6825,4924.34
2017-01-26T00:00:00,9.93,590,35.01666667,-106.6825,4924.34
2016-11-04T00:00:00,9.86,590,35.01666667,-106.6825,4924.34
2016-07-08T00:00:00,9.9,590,35.01666667,-106.6825,4924.34
2016-05-20T00:00:00,10.04,590,35.01666667,-106.6825,4924.34
2016-03-11T00:00:00,10.36,590,35.01666667,-106.6825,4924.34
2015-10-22T00:00:00,10,590,35.01666667,-106.6825,4924.34
2015-07-23T00:00:00,10.26,590,35.01666667,-106.6825,4924.34
2015-06-08T00:00:00,10.48,590,35.01666667,-106.6825,4924.34
2015-01-21T00:00:00,10.78,590,35.01666667,-106.6825,4924.34
2014-11-20T00:00:00,10.66,590,35.01666667,-106.6825,4924.34
2014-08-28T00:00:00,10.6,590,35.01666667,-106.6825,4924.34
2014-05-07T00:00:00,10.81,590,35.01666667,-106.6825,4924.34
2014-01-07T00:00:00,10.85,590,35.01666667,-106.6825,4924.34
2013-11-19T00:00:00,10.75,590,35.01666667,-106.6825,4924.34
2013-07-25T00:00:00,10.83,590,35.01666667,-106.6825,4924.34
2013-04-23T00:00:00,11.03,590,35.01666667,-106.6825,4924.34
2013-02-13T00:00:00,11.2,590,35.01666667,-106.6825,4924.34
2012-11-29T00:00:00,11.01,590,35.01666667,-106.6825,4924.34
2012-08-27T00:00:00,10.87,590,35.01666667,-106.6825,4924.34
2012-05-02T00:00:00,10.94,590,35.01666667,-106.6825,4924.34
2012-01-31T00:00:00,11.22,590,35.01666667,-106.6825,4924.34
2011-10-05T00:00:00,11.1,590,35.01666667,-106.6825,4924.34
2011-07-14T00:00:00,11.24,590,35.01666667,-106.6825,4924.34
2011-04-26T00:00:00,11.5,590,35.01666667,-106.6825,4924.34
2011-01-25T00:00:00,11.81,590,35.01666667,-106.6825,4924.34
2010-10-19T00:00:00,11.69,590,35.01666667,-106.6825,4924.34
2010-07-15T00:00:00,11.95,590,35.01666667,-106.6825,4924.34
2010-05-03T00:00:00,12.23,590,35.01666667,-106.6825,4924.34
2010-02-04T00:00:00,12.55,590,35.01666667,-106.6825,4924.34
2009-11-23T00:00:00,12.55,590,35.01666667,-106.6825,4924.34
2009-08-31T00:00:00,12.7,590,35.01666667,-106.6825,4924.34
2009-05-13T00:00:00,13,590,35.01666667,-106.6825,4924.34
2009-03-11T00:00:00,13.66,590,35.01666667,-106.6825,4924.34
2009-01-09T00:00:00,13.68,590,35.01666667,-106.6825,4924.34
2008-10-14T00:00:00,13.88,590,35.01666667,-106.6825,4924.34
2008-04-30T00:00:00,13.95,590,35.01666667,-106.6825,4924.34
2007-08-15T00:00:00,14.02,590,35.01666667,-106.6825,4924.34
2007-03-28T00:00:00,14.66,590,35.01666667,-106.6825,4924.34
2007-03-26T00:00:00,14.57,590,35.01666667,-106.6825,4924.34
2007-01-11T00:00:00,14.76,590,35.01666667,-106.6825,4924.34
2005-12-12T00:00:00,16.15,590,35.01666667,-106.6825,4924.34
2005-01-11T00:00:00,16.07,590,35.01666667,-106.6825,4924.34
2004-11-16T00:00:00,16.07,590,35.01666667,-106.6825,4924.34
2004-09-20T00:00:00,15.94,590,35.01666667,-106.6825,4924.34
2004-07-27T00:00:00,15.83,590,35.01666667,-106.6825,4924.34
2004-05-20T00:00:00,15.83,590,35.01666667,-106.6825,4924.34
2004-02-23T00:00:00,16.08,590,35.01666667,-106.6825,4924.34
2003-11-17T00:00:00,15.73,590,35.01666667,-106.6825,4924.34
2003-09-11T00:00:00,15.54,590,35.01666667,-106.6825,4924.34
2003-07-24T00:00:00,15.3,590,35.01666667,-106.6825,4924.34
2003-04-29T00:00:00,15.48,590,35.01666667,-106.6825,4924.34
2003-03-10T00:00:00,15.86,590,35.01666667,-106.6825,4924.34
2003-01-15T00:00:00,15.88,590,35.01666667,-106.6825,4924.34
2002-10-21T00:00:00,15.57,590,35.01666667,-106.6825,4924.34
2002-08-05T00:00:00,15.1,590,35.01666667,-106.6825,4924.34
2002-04-30T00:00:00,15.13,590,35.01666667,-106.6825,4924.34
2002-02-20T00:00:00,15.23,590,35.01666667,-106.6825,4924.34
2002-01-17T00:00:00,15.17,590,35.01666667,-106.6825,4924.34
2001-10-18T00:00:00,14.74,590,35.01666667,-106.6825,4924.34
2001-07-31T00:00:00,14.6,590,35.01666667,-106.6825,4924.34
2001-06-01T00:00:00,14.66,590,35.01666667,-106.6825,4924.34
2000-02-24T00:00:00,14.61,590,35.01666667,-106.6825,4924.34
2000-01-11T00:00:00,14.56,590,35.01666667,-106.6825,4924.34
1999-12-06T00:00:00,14.46,590,35.01666667,-106.6825,4924.34
1999-11-02T00:00:00,14.31,590,35.01666667,-106.6825,4924.34
1999-09-29T00:00:00,14.27,590,35.01666667,-106.6825,4924.34
1999-07-14T00:00:00,14.05,590,35.01666667,-106.6825,4924.34
1999-07-13T00:00:00,14.04,590,35.01666667,-106.6825,4924.34
1999-06-14T00:00:00,14,590,35.01666667,-106.6825,4924.34
1999-05-11T00:00:00,14.19,590,35.01666667,-106.6825,4924.34
1999-04-19T00:00:00,14.46,590,35.01666667,-106.6825,4924.34
1999-03-04T00:00:00,14.53,590,35.01666667,-106.6825,4924.34
1999-01-14T00:00:00,14.67,590,35.01666667,-106.6825,4924.34
1998-12-16T00:00:00,14.51,590,35.01666667,-106.6825,4924.34
1998-12-04T00:00:00,14.41,590,35.01666667,-106.6825,4924.34
1998-11-27T00:00:00,14.41,590,35.01666667,-106.6825,4924.34
1998-11-20T00:00:00,14.43,590,35.01666667,-106.6825,4924.34
1998-11-16T00:00:00,14.37,590,35.01666667,-106.6825,4924.34
1998-11-05T00:00:00,14.43,590,35.01666667,-106.6825,4924.34
2021-11-08T16:56:02,10.28,590,35.01666667,-106.6825,4924.34
2024-01-03T16:01:01,9.84,590,35.01666667,-106.6825,4924.34
2024-03-01T17:48:28,9.9,590,35.01666667,-106.6825,4924.34
2024-07-29T17:17:00,9.44,590,35.01666667,-106.6825,4924.34
2024-10-03T18:49:45,11.44,590,35.01666667,-106.6825,4924.34
2025-01-08T19:03:00,10.02,590,35.01666667,-106.6825,4924.34
2025-03-18T16:38:45,9.96,590,35.01666667,-106.6825,4924.34
2025-06-04T20:02:05,9.86,590,35.01666667,-106.6825,4924.34
2025-09-03T13:20:00,10.39,590,35.01666667,-106.6825,4924.34
2019-09-12T00:00:00,7.9,205,35.01666667,-106.6825,4924.34
2019-04-25T00:00:00,7.43,205,35.01666667,-106.6825,4924.34
2019-03-21T00:00:00,8.01,205,35.01666667,-106.6825,4924.34
2018-11-08T00:00:00,7.93,205,35.01666667,-106.6825,4924.34
2018-09-10T00:00:00,8.3,205,35.01666667,-106.6825,4924.34
2018-05-17T00:00:00,7.97,205,35.01666667,-106.6825,4924.34
2018-01-18T00:00:00,7.86,205,35.01666667,-106.6825,4924.34
2017-10-12T00:00:00,7.42,205,35.01666667,-106.6825,4924.34
2017-07-20T00:00:00,7.95,205,35.01666667,-106.6825,4924.34
2017-05-25T00:00:00,7.35,205,35.01666667,-106.6825,4924.34
2017-01-26T00:00:00,7.93,205,35.01666667,-106.6825,4924.34
2016-11-04T00:00:00,7.8,205,35.01666667,-106.6825,4924.34
2016-07-08T00:00:00,8.93,205,35.01666667,-106.6825,4924.34
2016-05-20T00:00:00,8.03,205,35.01666667,-106.6825,4924.34
2016-03-11T00:00:00,8.19,205,35.01666667,-106.6825,4924.34
2015-10-22T00:00:00,7.91,205,35.01666667,-106.6825,4924.34
2015-07-23T00:00:00,7.9,205,35.01666667,-106.6825,4924.34
2015-06-08T00:00:00,7.88,205,35.01666667,-106.6825,4924.34
2015-01-21T00:00:00,8.53,205,35.01666667,-106.6825,4924.34
2014-11-20T00:00:00,8.45,205,35.01666667,-106.6825,4924.34
2014-08-28T00:00:00,8.69,205,35.01666667,-106.6825,4924.34
2014-05-07T00:00:00,8.06,205,35.01666667,-106.6825,4924.34
2014-01-07T00:00:00,8.5,205,35.01666667,-106.6825,4924.34
2013-11-19T00:00:00,8.22,205,35.01666667,-106.6825,4924.34
2013-07-25T00:00:00,8.42,205,35.01666667,-106.6825,4924.34
2013-04-23T00:00:00,8.29,205,35.01666667,-106.6825,4924.34
2013-02-13T00:00:00,8.85,205,35.01666667,-106.6825,4924.34
2012-11-29T00:00:00,8.56,205,35.01666667,-106.6825,4924.34
2012-08-27T00:00:00,7.8,205,35.01666667,-106.6825,4924.34
2012-05-02T00:00:00,8.01,205,35.01666667,-106.6825,4924.34
2012-01-31T00:00:00,8.81,205,35.01666667,-106.6825,4924.34
2011-10-05T00:00:00,8.06,205,35.01666667,-106.6825,4924.34
2011-07-14T00:00:00,8.07,205,35.01666667,-106.6825,4924.34
2011-04-26T00:00:00,8.32,205,35.01666667,-106.6825,4924.34
2011-01-25T00:00:00,8.78,205,35.01666667,-106.6825,4924.34
2010-10-19T00:00:00,8.3,205,35.01666667,-106.6825,4924.34
2010-07-15T00:00:00,8.17,205,35.01666667,-106.6825,4924.34
2010-05-03T00:00:00,8.22,205,35.01666667,-106.6825,4924.34
2010-02-04T00:00:00,8.8,205,35.01666667,-106.6825,4924.34
2009-11-23T00:00:00,8.5,205,35.01666667,-106.6825,4924.34
2009-08-31T00:00:00,8.16,205,35.01666667,-106.6825,4924.34
2009-05-13T00:00:00,8,205,35.01666667,-106.6825,4924.34
2009-03-11T00:00:00,8.84,205,35.01666667,-106.6825,4924.34
2009-01-09T00:00:00,8.69,205,35.01666667,-106.6825,4924.34
2008-10-14T00:00:00,8.12,205,35.01666667,-106.6825,4924.34
2008-04-30T00:00:00,7.5,205,35.01666667,-106.6825,4924.34
2007-08-15T00:00:00,7.36,205,35.01666667,-106.6825,4924.34
2007-03-28T00:00:00,8.71,205,35.01666667,-106.6825,4924.34
2007-03-26T00:00:00,8.68,205,35.01666667,-106.6825,4924.34
2007-01-11T00:00:00,7.28,205,35.01666667,-106.6825,4924.34
2005-12-12T00:00:00,8.87,205,35.01666667,-106.6825,4924.34
2005-01-11T00:00:00,8.9,205,35.01666667,-106.6825,4924.34
2004-11-16T00:00:00,8.79,205,35.01666667,-106.6825,4924.34
2004-09-20T00:00:00,8.68,205,35.01666667,-106.6825,4924.34
2004-07-27T00:00:00,8.54,205,35.01666667,-106.6825,4924.34
2004-05-20T00:00:00,8.32,205,35.01666667,-106.6825,4924.34
2004-02-23T00:00:00,9.12,205,35.01666667,-106.6825,4924.34
2003-11-17T00:00:00,8.71,205,35.01666667,-106.6825,4924.34
2003-09-11T00:00:00,8.61,205,35.01666667,-106.6825,4924.34
2003-07-24T00:00:00,8.17,205,35.01666667,-106.6825,4924.34
2003-04-29T00:00:00,8.55,205,35.01666667,-106.6825,4924.34
2003-03-10T00:00:00,9.2,205,35.01666667,-106.6825,4924.34
2003-01-15T00:00:00,9,205,35.01666667,-106.6825,4924.34
2002-10-21T00:00:00,8.82,205,35.01666667,-106.6825,4924.34
2002-08-05T00:00:00,8.03,205,35.01666667,-106.6825,4924.34
2002-04-30T00:00:00,8.4,205,35.01666667,-106.6825,4924.34
2002-02-20T00:00:00,8.86,205,35.01666667,-106.6825,4924.34
2002-01-17T00:00:00,8.67,205,35.01666667,-106.6825,4924.34
2001-10-18T00:00:00,7.99,205,35.01666667,-106.6825,4924.34
2001-07-31T00:00:00,7.74,205,35.01666667,-106.6825,4924.34
2001-06-01T00:00:00,8.17,205,35.01666667,-106.6825,4924.34
2001-03-30T00:00:00,9.29,205,35.01666667,-106.6825,4924.34
2000-02-24T00:00:00,8.85,205,35.01666667,-106.6825,4924.34
2000-01-11T00:00:00,8.62,205,35.01666667,-106.6825,4924.34
1999-12-06T00:00:00,8.34,205,35.01666667,-106.6825,4924.34
1999-11-02T00:00:00,7.88,205,35.01666667,-106.6825,4924.34
1999-09-29T00:00:00,8.02,205,35.01666667,-106.6825,4924.34
1999-07-14T00:00:00,8.14,205,35.01666667,-106.6825,4924.34
1999-07-13T00:00:00,8.1,205,35.01666667,-106.6825,4924.34
1999-06-14T00:00:00,8.17,205,35.01666667,-106.6825,4924.34
1999-05-11T00:00:00,8.18,205,35.01666667,-106.6825,4924.34
1999-04-16T00:00:00,8.48,205,35.01666667,-106.6825,4924.34
1999-03-04T00:00:00,8.87,205,35.01666667,-106.6825,4924.34
1999-01-14T00:00:00,8.69,205,35.01666667,-106.6825,4924.34
1998-12-16T00:00:00,8.51,205,35.01666667,-106.6825,4924.34
1998-12-04T00:00:00,8.4,205,35.01666667,-106.6825,4924.34
1998-11-27T00:00:00,8.38,205,35.01666667,-106.6825,4924.34
1998-11-20T00:00:00,8.28,205,35.01666667,-106.6825,4924.34
1998-11-16T00:00:00,8.22,205,35.01666667,-106.6825,4924.34
1998-11-05T00:00:00,6.49,205,35.01666667,-106.6825,4924.34
2021-11-08T16:56:50,8.25,205,35.01666667,-106.6825,4924.34
2024-01-03T16:02:01,7.91,205,35.01666667,-106.6825,4924.34
2024-03-01T17:49:35,8.07,205,35.01666667,-106.6825,4924.34
2024-07-29T17:18:00,7.89,205,35.01666667,-106.6825,4924.34
2024-10-03T18:51:34,8.2,205,35.01666667,-106.6825,4924.34
2025-01-08T19:06:00,7.9,205,35.01666667,-106.6825,4924.34
2025-03-18T16:39:31,7.87,205,35.01666667,-106.6825,4924.34
2025-06-04T20:03:35,7.69,205,35.01666667,-106.6825,4924.34
2025-09-03T13:59:17,8.6,205,35.01666667,-106.6825,4924.34
2020-11-03T00:00:00,169.5,304,35.162734,-106.364783,7137.536
2020-07-26T00:00:00,165.3,304,35.162734,-106.364783,7137.536
2020-04-26T00:00:00,171.4,304,35.162734,-106.364783,7137.536
2019-10-29T00:00:00,162.95,304,35.162734,-106.364783,7137.536
2019-07-23T00:00:00,154.2,304,35.162734,-106.364783,7137.536
2019-04-22T00:00:00,192.6,304,35.162734,-106.364783,7137.536
2018-12-20T00:00:00,197.2,304,35.162734,-106.364783,7137.536
2018-09-19T00:00:00,196.4,304,35.162734,-106.364783,7137.536
2018-04-05T00:00:00,186.8,304,35.162734,-106.364783,7137.536
2017-10-10T00:00:00,184.44,304,35.162734,-106.364783,7137.536
2017-06-15T00:00:00,183.1,304,35.162734,-106.364783,7137.536
2017-01-23T00:00:00,187.6,304,35.162734,-106.364783,7137.536
2016-06-02T00:00:00,185.8,304,35.162734,-106.364783,7137.536
2016-03-08T00:00:00,190.6,304,35.162734,-106.364783,7137.536
2015-12-01T00:00:00,192.6,304,35.162734,-106.364783,7137.536
2015-09-01T00:00:00,191.3,304,35.162734,-106.364783,7137.536
2015-06-02T00:00:00,194.1,304,35.162734,-106.364783,7137.536
2015-03-03T00:00:00,197.8,304,35.162734,-106.364783,7137.536
2014-12-02T00:00:00,198.3,304,35.162734,-106.364783,7137.536
2014-09-03T00:00:00,198,304,35.162734,-106.364783,7137.536
2014-06-03T00:00:00,198.6,304,35.162734,-106.364783,7137.536
2014-03-04T00:00:00,200.8,304,35.162734,-106.364783,7137.536
2013-09-09T00:00:00,199.8,304,35.162734,-106.364783,7137.536
2013-06-11T00:00:00,198.4,304,35.162734,-106.364783,7137.536
2013-03-12T00:00:00,196.3,304,35.162734,-106.364783,7137.536
2012-12-10T00:00:00,193.4,304,35.162734,-106.364783,7137.536
2012-09-12T00:00:00,190.1,304,35.162734,-106.364783,7137.536
2012-06-12T00:00:00,187.1,304,35.162734,-106.364783,7137.536
2012-03-12T00:00:00,186.7,304,35.162734,-106.364783,7137.536
2021-03-09T19:28:40,176.9,304,35.162734,-106.364783,7137.536
2021-10-24T18:41:30,186.1,304,35.162734,-106.364783,7137.536
2023-04-03T20:57:54,193.01,304,35.162734,-106.364783,7137.536
2024-01-16T23:36:47,165.4,304,35.162734,-106.364783,7137.536
2024-02-07T15:46:00,167.6,304,35.162734,-106.364783,7137.536
2024-03-05T22:34:43,168.05,304,35.162734,-106.364783,7137.536
2024-04-10T18:05:49,169.29,304,35.162734,-106.364783,7137.536
2024-04-10T18:44:45,169.31,304,35.162734,-106.364783,7137.536
2024-05-08T16:36:00,164.75,304,35.162734,-106.364783,7137.536
2024-06-10T22:04:15,154,304,35.162734,-106.364783,7137.536
2024-07-30T18:04:22,156.12,304,35.162734,-106.364783,7137.536
2024-08-13T20:01:38,156.27,304,35.162734,-106.364783,7137.536
2024-09-10T21:09:37,160.13,304,35.162734,-106.364783,7137.536
2024-10-08T17:38:51,165.13,304,35.162734,-106.364783,7137.536
2024-11-13T17:04:17,170.87,304,35.162734,-106.364783,7137.536
2024-12-12T19:28:06,172.81,304,35.162734,-106.364783,7137.536
2025-01-16T16:05:00,170,304,35.162734,-106.364783,7137.536
2025-02-04T21:00:49,177.44,304,35.162734,-106.364783,7137.536
2025-04-08T17:24:17,181.88,304,35.162734,-106.364783,7137.536
2025-03-20T21:56:00,180.55,304,35.162734,-106.364783,7137.536
2025-05-07T17:50:09,182.15,304,35.162734,-106.364783,7137.536
2025-06-10T20:31:39,187.08,304,35.162734,-106.364783,7137.536
2025-07-23T17:40:00,190.48,304,35.162734,-106.364783,7137.536
2025-08-06T16:33:06,190.51,304,35.162734,-106.364783,7137.536
2025-09-12T18:56:20,192.94,304,35.162734,-106.364783,7137.536
2020-11-03T00:00:00,204.8,260,35.162865,-106.356017,6967.827
2020-07-26T00:00:00,203.7,260,35.162865,-106.356017,6967.827
2020-04-26T00:00:00,203.1,260,35.162865,-106.356017,6967.827
2019-10-29T00:00:00,203.95,260,35.162865,-106.356017,6967.827
2019-07-23T00:00:00,203.8,260,35.162865,-106.356017,6967.827
2019-04-22T00:00:00,203.2,260,35.162865,-106.356017,6967.827
2018-12-20T00:00:00,203.05,260,35.162865,-106.356017,6967.827
2018-09-19T00:00:00,202.9,260,35.162865,-106.356017,6967.827
2018-04-05T00:00:00,201.5,260,35.162865,-106.356017,6967.827
2017-10-04T00:00:00,201.35,260,35.162865,-106.356017,6967.827
2017-06-15T00:00:00,200.64,260,35.162865,-106.356017,6967.827
2017-01-24T00:00:00,200.25,260,35.162865,-106.356017,6967.827
2016-06-02T00:00:00,199.52,260,35.162865,-106.356017,6967.827
2016-03-08T00:00:00,199.14,260,35.162865,-106.356017,6967.827
2015-12-01T00:00:00,198.31,260,35.162865,-106.356017,6967.827
2015-09-01T00:00:00,198.83,260,35.162865,-106.356017,6967.827
2015-06-02T00:00:00,198.19,260,35.162865,-106.356017,6967.827
2015-03-03T00:00:00,198.13,260,35.162865,-106.356017,6967.827
2014-12-02T00:00:00,200.41,260,35.162865,-106.356017,6967.827
2014-09-03T00:00:00,197.75,260,35.162865,-106.356017,6967.827
2014-06-03T00:00:00,197.06,260,35.162865,-106.356017,6967.827
2014-03-04T00:00:00,196.42,260,35.162865,-106.356017,6967.827
2013-12-03T00:00:00,196.61,260,35.162865,-106.356017,6967.827
2013-09-09T00:00:00,196.6,260,35.162865,-106.356017,6967.827
2013-06-11T00:00:00,196.25,260,35.162865,-106.356017,6967.827
2013-03-12T00:00:00,195.6,260,35.162865,-106.356017,6967.827
2012-12-10T00:00:00,195.2,260,35.162865,-106.356017,6967.827
2012-09-12T00:00:00,195.1,260,35.162865,-106.356017,6967.827
2012-06-06T00:00:00,194.59,260,35.162865,-106.356017,6967.827
2021-03-09T18:53:12,204.6,260,35.162865,-106.356017,6967.827
2021-10-24T18:03:00,205.8,260,35.162865,-106.356017,6967.827
2023-04-03T20:22:03,207.32,260,35.162865,-106.356017,6967.827
2024-03-25T18:21:02,200.77,260,35.162865,-106.356017,6967.827
2025-03-27T16:58:56,200.92,260,35.162865,-106.356017,6967.827
2020-11-03T00:00:00,79.9,385,35.17006,-106.366599,7141.056
2020-07-26T00:00:00,80,385,35.17006,-106.366599,7141.056
2020-04-26T00:00:00,78.95,385,35.17006,-106.366599,7141.056
2019-10-29T00:00:00,79.1,385,35.17006,-106.366599,7141.056
2019-07-23T00:00:00,78.7,385,35.17006,-106.366599,7141.056
2019-04-22T00:00:00,79.3,385,35.17006,-106.366599,7141.056
2018-12-20T00:00:00,80.2,385,35.17006,-106.366599,7141.056
2018-09-19T00:00:00,80.95,385,35.17006,-106.366599,7141.056
2018-04-05T00:00:00,77.8,385,35.17006,-106.366599,7141.056
2017-10-10T00:00:00,79.58,385,35.17006,-106.366599,7141.056
2017-06-15T00:00:00,79.25,385,35.17006,-106.366599,7141.056
2017-01-23T00:00:00,79.53,385,35.17006,-106.366599,7141.056
2016-06-02T00:00:00,82.69,385,35.17006,-106.366599,7141.056
2016-03-08T00:00:00,79.6,385,35.17006,-106.366599,7141.056
2015-12-01T00:00:00,81.23,385,35.17006,-106.366599,7141.056
2015-09-01T00:00:00,83.74,385,35.17006,-106.366599,7141.056
2015-06-02T00:00:00,81.33,385,35.17006,-106.366599,7141.056
2015-03-03T00:00:00,80.58,385,35.17006,-106.366599,7141.056
2014-12-02T00:00:00,81.57,385,35.17006,-106.366599,7141.056
2014-09-03T00:00:00,82.2,385,35.17006,-106.366599,7141.056
2014-06-03T00:00:00,82.37,385,35.17006,-106.366599,7141.056
2014-03-04T00:00:00,82,385,35.17006,-106.366599,7141.056
2013-12-03T00:00:00,83,385,35.17006,-106.366599,7141.056
2013-09-10T00:00:00,83.89,385,35.17006,-106.366599,7141.056
2013-06-11T00:00:00,88.07,385,35.17006,-106.366599,7141.056
2013-03-12T00:00:00,83.38,385,35.17006,-106.366599,7141.056
2021-03-09T19:47:28,81.6,385,35.17006,-106.366599,7141.056
2021-10-24T19:16:18,81,385,35.17006,-106.366599,7141.056
2023-04-03T21:23:42,78.6,385,35.17006,-106.366599,7141.056
2024-03-25T15:32:06,76.62,385,35.17006,-106.366599,7141.056
2025-03-27T14:50:14,78.34,385,35.17006,-106.366599,7141.056
2020-11-03T00:00:00,220.05,325,35.161829,-106.355282,6974.119
2020-07-26T00:00:00,220.05,325,35.161829,-106.355282,6974.119
2020-04-26T00:00:00,218.5,325,35.161829,-106.355282,6974.119
2019-10-29T00:00:00,219.1,325,35.161829,-106.355282,6974.119
2019-07-23T00:00:00,218.95,325,35.161829,-106.355282,6974.119
2019-04-22T00:00:00,218.1,325,35.161829,-106.355282,6974.119
2018-12-20T00:00:00,218.1,325,35.161829,-106.355282,6974.119
2018-09-19T00:00:00,218.1,325,35.161829,-106.355282,6974.119
2018-04-05T00:00:00,216.5,325,35.161829,-106.355282,6974.119
2017-10-04T00:00:00,216.58,325,35.161829,-106.355282,6974.119
2017-06-15T00:00:00,216.11,325,35.161829,-106.355282,6974.119
2017-01-24T00:00:00,217,325,35.161829,-106.355282,6974.119
2016-06-02T00:00:00,215.3,325,35.161829,-106.355282,6974.119
2016-03-08T00:00:00,215.4,325,35.161829,-106.355282,6974.119
2015-12-01T00:00:00,215,325,35.161829,-106.355282,6974.119
2015-09-01T00:00:00,214.4,325,35.161829,-106.355282,6974.119
2015-06-02T00:00:00,214.2,325,35.161829,-106.355282,6974.119
2015-03-03T00:00:00,214.3,325,35.161829,-106.355282,6974.119
2014-12-02T00:00:00,213.9,325,35.161829,-106.355282,6974.119
2014-09-03T00:00:00,213.8,325,35.161829,-106.355282,6974.119
2014-06-03T00:00:00,213,325,35.161829,-106.355282,6974.119
2014-03-04T00:00:00,215,325,35.161829,-106.355282,6974.119
2013-12-03T00:00:00,213.3,325,35.161829,-106.355282,6974.119
2013-09-09T00:00:00,213.6,325,35.161829,-106.355282,6974.119
2013-06-11T00:00:00,212.3,325,35.161829,-106.355282,6974.119
2013-03-12T00:00:00,211.6,325,35.161829,-106.355282,6974.119
2021-03-09T18:59:32,219.7,325,35.161829,-106.355282,6974.119
2021-10-24T18:13:04,221.2,325,35.161829,-106.355282,6974.119
2023-04-03T19:27:30,226.52,325,35.161829,-106.355282,6974.119
2024-03-25T17:59:35,216.93,325,35.161829,-106.355282,6974.119
2025-03-27T17:07:00,216.83,325,35.161829,-106.355282,6974.119
2020-11-03T00:00:00,22.36,85,35.168483,-106.365757,7072.211
2020-07-26T00:00:00,18.91,85,35.168483,-106.365757,7072.211
2020-04-26T00:00:00,18.17,85,35.168483,-106.365757,7072.211
2019-10-29T00:00:00,19.89,85,35.168483,-106.365757,7072.211
2019-07-23T00:00:00,17.61,85,35.168483,-106.365757,7072.211
2019-04-22T00:00:00,18.31,85,35.168483,-106.365757,7072.211
2018-12-20T00:00:00,20.31,85,35.168483,-106.365757,7072.211
2018-09-19T00:00:00,20.96,85,35.168483,-106.365757,7072.211
2018-04-05T00:00:00,19.25,85,35.168483,-106.365757,7072.211
2017-10-10T00:00:00,19.65,85,35.168483,-106.365757,7072.211
2017-06-15T00:00:00,18.41,85,35.168483,-106.365757,7072.211
2017-01-23T00:00:00,19.51,85,35.168483,-106.365757,7072.211
2016-06-02T00:00:00,18.47,85,35.168483,-106.365757,7072.211
2016-03-08T00:00:00,18.68,85,35.168483,-106.365757,7072.211
2015-12-01T00:00:00,19.53,85,35.168483,-106.365757,7072.211
2015-09-01T00:00:00,19.24,85,35.168483,-106.365757,7072.211
2015-06-02T00:00:00,18.25,85,35.168483,-106.365757,7072.211
2015-03-03T00:00:00,19,85,35.168483,-106.365757,7072.211
2014-12-02T00:00:00,19.58,85,35.168483,-106.365757,7072.211
2014-09-03T00:00:00,19.66,85,35.168483,-106.365757,7072.211
2014-06-03T00:00:00,19,85,35.168483,-106.365757,7072.211
2014-03-04T00:00:00,19.15,85,35.168483,-106.365757,7072.211
2013-12-03T00:00:00,19.45,85,35.168483,-106.365757,7072.211
2021-03-09T19:41:56,19.96,85,35.168483,-106.365757,7072.211
2021-10-24T19:11:18,20.68,85,35.168483,-106.365757,7072.211
2023-04-03T22:15:38,18.08,85,35.168483,-106.365757,7072.211
2024-03-25T15:42:03,18.25,85,35.168483,-106.365757,7072.211
2025-03-27T15:05:07,19.65,85,35.168483,-106.365757,7072.211
2020-11-03T00:00:00,51.75,76,35.166838,-106.364621,7066.696
2020-07-26T00:00:00,49.77,76,35.166838,-106.364621,7066.696
2020-04-26T00:00:00,44.8,76,35.166838,-106.364621,7066.696
2019-10-29T00:00:00,52.85,76,35.166838,-106.364621,7066.696
2019-07-23T00:00:00,45.3,76,35.166838,-106.364621,7066.696
2019-04-22T00:00:00,45.34,76,35.166838,-106.364621,7066.696
2018-12-20T00:00:00,58.49,76,35.166838,-106.364621,7066.696
2018-09-19T00:00:00,58.54,76,35.166838,-106.364621,7066.696
2018-04-05T00:00:00,51.16,76,35.166838,-106.364621,7066.696
2017-10-10T00:00:00,52.08,76,35.166838,-106.364621,7066.696
2017-06-15T00:00:00,48.59,76,35.166838,-106.364621,7066.696
2017-01-30T00:00:00,51.63,76,35.166838,-106.364621,7066.696
2016-06-02T00:00:00,49.03,76,35.166838,-106.364621,7066.696
2016-03-08T00:00:00,48.11,76,35.166838,-106.364621,7066.696
2015-12-01T00:00:00,53.9,76,35.166838,-106.364621,7066.696
2015-09-01T00:00:00,55.02,76,35.166838,-106.364621,7066.696
2015-06-02T00:00:00,50.75,76,35.166838,-106.364621,7066.696
2015-04-07T00:00:00,50.71,76,35.166838,-106.364621,7066.696
2021-03-09T19:16:18,53.54,76,35.166838,-106.364621,7066.696
2021-10-24T18:26:25,59.4,76,35.166838,-106.364621,7066.696
2023-08-04T19:41:47,42.54,76,35.166838,-106.364621,7066.696
2024-03-25T15:53:34,47.25,76,35.166838,-106.364621,7066.696
2025-03-27T15:25:25,52.71,76,35.166838,-106.364621,7066.696
2020-11-03T00:00:00,167.4,0,35.162347,-106.365139,7138.214
2020-07-26T00:00:00,162,0,35.162347,-106.365139,7138.214
2020-04-26T00:00:00,169.5,0,35.162347,-106.365139,7138.214
2019-10-29T00:00:00,161.2,0,35.162347,-106.365139,7138.214
2019-07-23T00:00:00,151,0,35.162347,-106.365139,7138.214
2021-03-09T19:25:47,174.8,0,35.162347,-106.365139,7138.214
2021-10-24T18:35:51,181.1,0,35.162347,-106.365139,7138.214
2023-04-03T21:02:32,193.8,0,35.162347,-106.365139,7138.214
2024-03-25T17:31:27,166.72,0,35.162347,-106.365139,7138.214
2025-03-27T15:56:41,178.94,0,35.162347,-106.365139,7138.214
2020-11-03T00:00:00,187.93,0,35.163714,-106.356481,6948.89
2020-07-26T00:00:00,187.57,0,35.163714,-106.356481,6948.89
2020-04-26T00:00:00,186.45,0,35.163714,-106.356481,6948.89
2021-03-09T18:44:31,187.7,0,35.163714,-106.356481,6948.89
2021-10-24T17:48:07,188.9,0,35.163714,-106.356481,6948.89
2023-04-03T20:34:46,189.72,0,35.163714,-106.356481,6948.89
2024-04-02T21:49:25,183.99,0,35.163714,-106.356481,6948.89
2025-03-27T18:57:57,183.91,0,35.163714,-106.356481,6948.89
2020-11-10T00:00:00,65.5,250,35.039106,-106.341099,7166.952
2020-08-02T00:00:00,63.9,250,35.039106,-106.341099,7166.952
2020-05-02T00:00:00,61.2,250,35.039106,-106.341099,7166.952
2019-11-15T00:00:00,58.07,250,35.039106,-106.341099,7166.952
2019-07-25T00:00:00,60.9,250,35.039106,-106.341099,7166.952
2019-04-29T00:00:00,58.9,250,35.039106,-106.341099,7166.952
2019-01-17T00:00:00,59.4,250,35.039106,-106.341099,7166.952
2018-09-24T00:00:00,59.8,250,35.039106,-106.341099,7166.952
2018-04-09T00:00:00,58.2,250,35.039106,-106.341099,7166.952
2017-10-03T00:00:00,58.95,250,35.039106,-106.341099,7166.952
2017-06-26T00:00:00,57.45,250,35.039106,-106.341099,7166.952
2017-02-03T00:00:00,54.12,250,35.039106,-106.341099,7166.952
2016-06-15T00:00:00,57.35,250,35.039106,-106.341099,7166.952
2016-03-30T00:00:00,56.26,250,35.039106,-106.341099,7166.952
2015-12-07T00:00:00,55.61,250,35.039106,-106.341099,7166.952
2015-09-08T00:00:00,55.53,250,35.039106,-106.341099,7166.952
2015-06-08T00:00:00,55.39,250,35.039106,-106.341099,7166.952
2015-03-10T00:00:00,54.98,250,35.039106,-106.341099,7166.952
2014-09-04T00:00:00,55.34,250,35.039106,-106.341099,7166.952
2014-04-10T00:00:00,55.68,250,35.039106,-106.341099,7166.952
2014-01-27T00:00:00,55.41,250,35.039106,-106.341099,7166.952
2013-11-14T00:00:00,55.7,250,35.039106,-106.341099,7166.952
2013-07-24T00:00:00,57.86,250,35.039106,-106.341099,7166.952
2013-05-14T00:00:00,56.04,250,35.039106,-106.341099,7166.952
2013-03-26T00:00:00,55.62,250,35.039106,-106.341099,7166.952
2012-11-14T00:00:00,57,250,35.039106,-106.341099,7166.952
2012-08-27T00:00:00,57.17,250,35.039106,-106.341099,7166.952
2012-05-31T00:00:00,55.67,250,35.039106,-106.341099,7166.952
2012-03-05T00:00:00,53.95,250,35.039106,-106.341099,7166.952
2021-03-20T14:08:24,63.7,250,35.039106,-106.341099,7166.952
2021-11-03T23:08:00,66.1,250,35.039106,-106.341099,7166.952
2023-03-21T22:01:25,63.7,250,35.039106,-106.341099,7166.952
2023-11-07T18:16:12,66.03,250,35.039106,-106.341099,7166.952
2023-12-06T20:32:14,68.42,250,35.039106,-106.341099,7166.952
2024-01-11T16:13:09,69.56,250,35.039106,-106.341099,7166.952
2024-02-01T23:55:43,68.31,250,35.039106,-106.341099,7166.952
2024-03-21T23:12:57,67.9,250,35.039106,-106.341099,7166.952
2024-04-08T18:37:50,67.58,250,35.039106,-106.341099,7166.952
2024-05-09T15:37:00,68.94,250,35.039106,-106.341099,7166.952
2024-06-04T16:22:31,68.42,250,35.039106,-106.341099,7166.952
2024-07-26T16:51:00,70.28,250,35.039106,-106.341099,7166.952
2024-08-15T21:56:00,70.46,250,35.039106,-106.341099,7166.952
2024-09-12T20:59:07,70.83,250,35.039106,-106.341099,7166.952
2024-10-07T19:05:00,70.97,250,35.039106,-106.341099,7166.952
2024-11-14T20:36:00,71.07,250,35.039106,-106.341099,7166.952
2024-12-11T17:08:26,69.87,250,35.039106,-106.341099,7166.952
2025-01-16T19:12:39,70.86,250,35.039106,-106.341099,7166.952
2025-02-10T20:04:06,70.75,250,35.039106,-106.341099,7166.952
2025-03-19T14:37:30,71,250,35.039106,-106.341099,7166.952
2025-04-07T22:11:14,71.17,250,35.039106,-106.341099,7166.952
2025-05-08T18:12:21,71.31,250,35.039106,-106.341099,7166.952
2025-06-17T20:13:00,71.91,250,35.039106,-106.341099,7166.952
2025-07-10T20:05:11,72.36,250,35.039106,-106.341099,7166.952
2025-08-04T17:15:00,72.67,250,35.039106,-106.341099,7166.952
2025-09-09T14:36:00,73.32,250,35.039106,-106.341099,7166.952
2020-11-10T00:00:00,49.96,305,35.035198,-106.341763,7155.901
2020-08-02T00:00:00,49.22,305,35.035198,-106.341763,7155.901
2020-05-02T00:00:00,47.8,305,35.035198,-106.341763,7155.901
2019-11-15T00:00:00,48.95,305,35.035198,-106.341763,7155.901
2019-07-25T00:00:00,47.1,305,35.035198,-106.341763,7155.901
2019-04-29T00:00:00,45.66,305,35.035198,-106.341763,7155.901
2019-01-17T00:00:00,46.03,305,35.035198,-106.341763,7155.901
2018-09-24T00:00:00,48.19,305,35.035198,-106.341763,7155.901
2018-04-09T00:00:00,44.55,305,35.035198,-106.341763,7155.901
2017-10-03T00:00:00,43.84,305,35.035198,-106.341763,7155.901
2017-06-26T00:00:00,43.67,305,35.035198,-106.341763,7155.901
2017-02-03T00:00:00,42.72,305,35.035198,-106.341763,7155.901
2016-06-15T00:00:00,42.73,305,35.035198,-106.341763,7155.901
2016-03-30T00:00:00,41.81,305,35.035198,-106.341763,7155.901
2015-12-07T00:00:00,41.7,305,35.035198,-106.341763,7155.901
2015-09-08T00:00:00,41.52,305,35.035198,-106.341763,7155.901
2015-06-08T00:00:00,41.25,305,35.035198,-106.341763,7155.901
2015-03-10T00:00:00,41.01,305,35.035198,-106.341763,7155.901
2014-12-04T00:00:00,41.33,305,35.035198,-106.341763,7155.901
2014-09-04T00:00:00,41.07,305,35.035198,-106.341763,7155.901
2014-04-21T00:00:00,41,305,35.035198,-106.341763,7155.901
2014-01-27T00:00:00,40.9,305,35.035198,-106.341763,7155.901
2013-11-14T00:00:00,40.9,305,35.035198,-106.341763,7155.901
2013-07-24T00:00:00,41.16,305,35.035198,-106.341763,7155.901
2013-05-14T00:00:00,40.53,305,35.035198,-106.341763,7155.901
2013-03-26T00:00:00,40.48,305,35.035198,-106.341763,7155.901
2012-11-14T00:00:00,40.67,305,35.035198,-106.341763,7155.901
2012-08-27T00:00:00,40.72,305,35.035198,-106.341763,7155.901
2012-05-31T00:00:00,40.22,305,35.035198,-106.341763,7155.901
2012-02-22T00:00:00,40.18,305,35.035198,-106.341763,7155.901
2021-03-20T13:46:11,50.5,305,35.035198,-106.341763,7155.901
2021-11-03T23:07:00,52.78,305,35.035198,-106.341763,7155.901
2023-03-21T21:35:46,52.25,305,35.035198,-106.341763,7155.901
2023-11-07T18:45:52,54.56,305,35.035198,-106.341763,7155.901
2023-12-06T20:55:11,54.5,305,35.035198,-106.341763,7155.901
2024-01-11T16:40:37,54.69,305,35.035198,-106.341763,7155.901
2024-02-01T23:41:25,54.62,305,35.035198,-106.341763,7155.901
2024-02-27T16:58:00,54.55,305,35.035198,-106.341763,7155.901
2024-03-21T22:52:59,54.09,305,35.035198,-106.341763,7155.901
2024-04-08T18:26:00,53.75,305,35.035198,-106.341763,7155.901
2024-05-09T15:35:00,54.12,305,35.035198,-106.341763,7155.901
2024-06-04T15:56:30,54.28,305,35.035198,-106.341763,7155.901
2024-07-26T16:48:00,54.89,305,35.035198,-106.341763,7155.901
2024-08-15T21:48:00,55.18,305,35.035198,-106.341763,7155.901
2024-09-12T20:58:20,55.36,305,35.035198,-106.341763,7155.901
2024-10-07T19:32:00,55.52,305,35.035198,-106.341763,7155.901
2024-11-14T20:56:00,55.62,305,35.035198,-106.341763,7155.901
2024-11-20T21:06:29,55.64,305,35.035198,-106.341763,7155.901
2024-12-11T17:10:17,55.74,305,35.035198,-106.341763,7155.901
2025-01-16T19:29:42,54.1,305,35.035198,-106.341763,7155.901
2025-01-17T17:04:00,55.66,305,35.035198,-106.341763,7155.901
2025-02-10T20:18:07,55.67,305,35.035198,-106.341763,7155.901
2025-03-19T15:04:30,55.7,305,35.035198,-106.341763,7155.901
2025-05-08T18:49:26,56.05,305,35.035198,-106.341763,7155.901
2025-06-17T20:16:00,56.28,305,35.035198,-106.341763,7155.901
2025-07-10T19:46:00,56.72,305,35.035198,-106.341763,7155.901
2025-08-04T17:42:00,56.97,305,35.035198,-106.341763,7155.901
2025-09-09T14:50:12,57.42,305,35.035198,-106.341763,7155.901
2019-11-20T00:00:00,466.29,490,35.163936,-106.49687,6056.182
2019-07-29T00:00:00,459.87,490,35.163936,-106.49687,6056.182
2019-05-02T00:00:00,464.8,490,35.163936,-106.49687,6056.182
2019-02-20T00:00:00,464.39,490,35.163936,-106.49687,6056.182
2018-10-10T00:00:00,464.98,490,35.163936,-106.49687,6056.182
2018-08-06T00:00:00,464.48,490,35.163936,-106.49687,6056.182
2018-04-19T00:00:00,463.12,490,35.163936,-106.49687,6056.182
2018-01-25T00:00:00,462.74,490,35.163936,-106.49687,6056.182
2017-11-30T00:00:00,463.13,490,35.163936,-106.49687,6056.182
2017-07-27T00:00:00,462.49,490,35.163936,-106.49687,6056.182
2017-05-18T00:00:00,461.59,490,35.163936,-106.49687,6056.182
2017-04-06T00:00:00,461.11,490,35.163936,-106.49687,6056.182
2017-01-05T00:00:00,461.94,490,35.163936,-106.49687,6056.182
2016-12-01T00:00:00,461.53,490,35.163936,-106.49687,6056.182
2016-07-08T00:00:00,460.5,490,35.163936,-106.49687,6056.182
2016-06-17T00:00:00,460.34,490,35.163936,-106.49687,6056.182
2016-01-08T00:00:00,459.35,490,35.163936,-106.49687,6056.182
2015-11-20T00:00:00,459.78,490,35.163936,-106.49687,6056.182
2015-07-13T00:00:00,459.1,490,35.163936,-106.49687,6056.182
2015-04-16T00:00:00,459.39,490,35.163936,-106.49687,6056.182
2015-02-05T00:00:00,458.31,490,35.163936,-106.49687,6056.182
2014-10-23T00:00:00,458.83,490,35.163936,-106.49687,6056.182
2014-08-14T00:00:00,458.31,490,35.163936,-106.49687,6056.182
2014-04-08T00:00:00,457.03,490,35.163936,-106.49687,6056.182
2014-01-02T00:00:00,456.89,490,35.163936,-106.49687,6056.182
2013-10-23T00:00:00,457.3,490,35.163936,-106.49687,6056.182
2013-08-01T00:00:00,456.96,490,35.163936,-106.49687,6056.182
2013-05-07T00:00:00,455.85,490,35.163936,-106.49687,6056.182
2013-02-13T00:00:00,455.35,490,35.163936,-106.49687,6056.182
2012-11-19T00:00:00,456.03,490,35.163936,-106.49687,6056.182
2012-08-15T00:00:00,455.3,490,35.163936,-106.49687,6056.182
2012-04-10T00:00:00,453.08,490,35.163936,-106.49687,6056.182
2012-02-09T00:00:00,453.34,490,35.163936,-106.49687,6056.182
2011-11-17T00:00:00,453.79,490,35.163936,-106.49687,6056.182
2011-08-04T00:00:00,453.94,490,35.163936,-106.49687,6056.182
2011-04-27T00:00:00,452.49,490,35.163936,-106.49687,6056.182
2011-01-27T00:00:00,452.38,490,35.163936,-106.49687,6056.182
2010-10-22T00:00:00,452.82,490,35.163936,-106.49687,6056.182
2010-08-20T00:00:00,452.47,490,35.163936,-106.49687,6056.182
2010-06-28T00:00:00,451.93,490,35.163936,-106.49687,6056.182
2010-02-03T00:00:00,451.67,490,35.163936,-106.49687,6056.182
2009-11-20T00:00:00,451.78,490,35.163936,-106.49687,6056.182
2009-08-21T00:00:00,451.85,490,35.163936,-106.49687,6056.182
2009-04-21T00:00:00,450.54,490,35.163936,-106.49687,6056.182
2009-01-14T00:00:00,450.99,490,35.163936,-106.49687,6056.182
2008-10-14T00:00:00,452.18,490,35.163936,-106.49687,6056.182
2008-03-06T00:00:00,451.25,490,35.163936,-106.49687,6056.182
2008-02-27T00:00:00,451.27,490,35.163936,-106.49687,6056.182
2008-02-27T00:00:00,451.266,490,35.163936,-106.49687,6056.182
2008-02-26T00:00:00,450.988,490,35.163936,-106.49687,6056.182
2008-02-25T00:00:00,451.017,490,35.163936,-106.49687,6056.182
2008-02-24T00:00:00,451.047,490,35.163936,-106.49687,6056.182
2008-02-23T00:00:00,451.208,490,35.163936,-106.49687,6056.182
2008-02-22T00:00:00,451.243,490,35.163936,-106.49687,6056.182
2008-02-21T00:00:00,451.227,490,35.163936,-106.49687,6056.182
2008-02-20T00:00:00,451.129,490,35.163936,-106.49687,6056.182
2008-02-19T00:00:00,451.141,490,35.163936,-106.49687,6056.182
2008-02-18T00:00:00,451.24,490,35.163936,-106.49687,6056.182
2008-02-17T00:00:00,451.336,490,35.163936,-106.49687,6056.182
2008-02-16T00:00:00,451.277,490,35.163936,-106.49687,6056.182
2008-02-15T00:00:00,451.413,490,35.163936,-106.49687,6056.182
2008-02-14T00:00:00,451.416,490,35.163936,-106.49687,6056.182
2008-02-13T00:00:00,451.194,490,35.163936,-106.49687,6056.182
2008-02-12T00:00:00,451.23,490,35.163936,-106.49687,6056.182
2008-02-11T00:00:00,451.148,490,35.163936,-106.49687,6056.182
2008-02-10T00:00:00,451.115,490,35.163936,-106.49687,6056.182
2008-02-09T00:00:00,451.242,490,35.163936,-106.49687,6056.182
2008-02-08T00:00:00,451.333,490,35.163936,-106.49687,6056.182
2008-02-07T00:00:00,451.348,490,35.163936,-106.49687,6056.182
2008-02-06T00:00:00,451.425,490,35.163936,-106.49687,6056.182
2008-02-05T00:00:00,451.671,490,35.163936,-106.49687,6056.182
2008-02-04T00:00:00,451.631,490,35.163936,-106.49687,6056.182
2008-02-03T00:00:00,451.474,490,35.163936,-106.49687,6056.182
2008-02-02T00:00:00,451.45,490,35.163936,-106.49687,6056.182
2008-02-01T00:00:00,451.353,490,35.163936,-106.49687,6056.182
2008-01-31T00:00:00,451.614,490,35.163936,-106.49687,6056.182
2008-01-30T00:00:00,451.545,490,35.163936,-106.49687,6056.182
2008-01-29T00:00:00,451.69,490,35.163936,-106.49687,6056.182
2008-01-28T00:00:00,451.447,490,35.163936,-106.49687,6056.182
2008-01-27T00:00:00,451.278,490,35.163936,-106.49687,6056.182
2008-01-26T00:00:00,451.369,490,35.163936,-106.49687,6056.182
2008-01-25T00:00:00,451.547,490,35.163936,-106.49687,6056.182
2008-01-24T00:00:00,451.53,490,35.163936,-106.49687,6056.182
2008-01-23T00:00:00,451.514,490,35.163936,-106.49687,6056.182
2008-01-22T00:00:00,451.616,490,35.163936,-106.49687,6056.182
2008-01-21T00:00:00,451.632,490,35.163936,-106.49687,6056.182
2008-01-20T00:00:00,451.486,490,35.163936,-106.49687,6056.182
2008-01-19T00:00:00,451.558,490,35.163936,-106.49687,6056.182
2008-01-18T00:00:00,451.688,490,35.163936,-106.49687,6056.182
2008-01-17T00:00:00,451.733,490,35.163936,-106.49687,6056.182
2008-01-16T00:00:00,451.752,490,35.163936,-106.49687,6056.182
2008-01-15T00:00:00,451.489,490,35.163936,-106.49687,6056.182
2008-01-14T00:00:00,451.581,490,35.163936,-106.49687,6056.182
2008-01-13T00:00:00,451.647,490,35.163936,-106.49687,6056.182
2008-01-12T00:00:00,451.758,490,35.163936,-106.49687,6056.182
2008-01-11T00:00:00,451.732,490,35.163936,-106.49687,6056.182
2008-01-10T00:00:00,451.824,490,35.163936,-106.49687,6056.182
2008-01-09T00:00:00,451.728,490,35.163936,-106.49687,6056.182
2008-01-08T00:00:00,451.954,490,35.163936,-106.49687,6056.182
2008-01-07T00:00:00,451.966,490,35.163936,-106.49687,6056.182
2008-01-06T00:00:00,451.89,490,35.163936,-106.49687,6056.182
2008-01-05T00:00:00,451.746,490,35.163936,-106.49687,6056.182
2008-01-04T00:00:00,451.656,490,35.163936,-106.49687,6056.182
2008-01-03T00:00:00,451.504,490,35.163936,-106.49687,6056.182
2008-01-02T00:00:00,451.451,490,35.163936,-106.49687,6056.182
2008-01-01T00:00:00,451.475,490,35.163936,-106.49687,6056.182
2007-12-31T00:00:00,451.739,490,35.163936,-106.49687,6056.182
2007-12-30T00:00:00,451.766,490,35.163936,-106.49687,6056.182
2007-12-29T00:00:00,451.805,490,35.163936,-106.49687,6056.182
2007-12-28T00:00:00,451.984,490,35.163936,-106.49687,6056.182
2007-12-27T00:00:00,451.964,490,35.163936,-106.49687,6056.182
2007-12-26T00:00:00,451.868,490,35.163936,-106.49687,6056.182
2007-12-25T00:00:00,451.753,490,35.163936,-106.49687,6056.182
2007-12-24T00:00:00,451.66,490,35.163936,-106.49687,6056.182
2007-12-23T00:00:00,451.728,490,35.163936,-106.49687,6056.182
2007-12-22T00:00:00,452.059,490,35.163936,-106.49687,6056.182
2007-12-21T00:00:00,451.927,490,35.163936,-106.49687,6056.182
2007-12-20T00:00:00,451.846,490,35.163936,-106.49687,6056.182
2007-12-19T00:00:00,451.82,490,35.163936,-106.49687,6056.182
2007-12-18T00:00:00,451.888,490,35.163936,-106.49687,6056.182
2007-12-17T00:00:00,451.845,490,35.163936,-106.49687,6056.182
2007-12-16T00:00:00,451.847,490,35.163936,-106.49687,6056.182
2007-12-15T00:00:00,452.048,490,35.163936,-106.49687,6056.182
2007-12-14T00:00:00,451.992,490,35.163936,-106.49687,6056.182
2007-12-13T00:00:00,451.909,490,35.163936,-106.49687,6056.182
2007-12-12T00:00:00,452.048,490,35.163936,-106.49687,6056.182
2007-12-11T00:00:00,452.219,490,35.163936,-106.49687,6056.182
2007-12-10T00:00:00,452.075,490,35.163936,-106.49687,6056.182
2007-12-09T00:00:00,452.204,490,35.163936,-106.49687,6056.182
2007-12-08T00:00:00,452.247,490,35.163936,-106.49687,6056.182
2007-12-07T00:00:00,452.23,490,35.163936,-106.49687,6056.182
2007-12-06T00:00:00,452.146,490,35.163936,-106.49687,6056.182
2007-12-05T00:00:00,451.971,490,35.163936,-106.49687,6056.182
2007-12-04T00:00:00,451.818,490,35.163936,-106.49687,6056.182
2007-12-03T00:00:00,451.899,490,35.163936,-106.49687,6056.182
2007-12-02T00:00:00,452.328,490,35.163936,-106.49687,6056.182
2007-12-01T00:00:00,452.243,490,35.163936,-106.49687,6056.182
2007-11-30T00:00:00,452.068,490,35.163936,-106.49687,6056.182
2007-11-29T00:00:00,452.036,490,35.163936,-106.49687,6056.182
2007-11-28T00:00:00,452.125,490,35.163936,-106.49687,6056.182
2007-11-27T00:00:00,452.102,490,35.163936,-106.49687,6056.182
2007-11-26T00:00:00,452.276,490,35.163936,-106.49687,6056.182
2007-11-25T00:00:00,452.31,490,35.163936,-106.49687,6056.182
2007-11-24T00:00:00,452.402,490,35.163936,-106.49687,6056.182
2007-11-23T00:00:00,452.239,490,35.163936,-106.49687,6056.182
2007-11-22T00:00:00,452.267,490,35.163936,-106.49687,6056.182
2007-11-21T00:00:00,452.394,490,35.163936,-106.49687,6056.182
2007-11-20T00:00:00,452.286,490,35.163936,-106.49687,6056.182
2007-11-19T00:00:00,452.267,490,35.163936,-106.49687,6056.182
2007-11-18T00:00:00,452.346,490,35.163936,-106.49687,6056.182
2007-11-17T00:00:00,452.369,490,35.163936,-106.49687,6056.182
2007-11-16T00:00:00,452.207,490,35.163936,-106.49687,6056.182
2007-11-15T00:00:00,452.257,490,35.163936,-106.49687,6056.182
2007-11-14T00:00:00,452.356,490,35.163936,-106.49687,6056.182
2007-11-13T00:00:00,452.333,490,35.163936,-106.49687,6056.182
2007-11-12T00:00:00,452.508,490,35.163936,-106.49687,6056.182
2007-11-11T00:00:00,452.506,490,35.163936,-106.49687,6056.182
2007-11-10T00:00:00,452.438,490,35.163936,-106.49687,6056.182
2007-11-09T00:00:00,452.403,490,35.163936,-106.49687,6056.182
2007-11-08T00:00:00,452.336,490,35.163936,-106.49687,6056.182
2007-11-07T00:00:00,452.319,490,35.163936,-106.49687,6056.182
2007-11-06T00:00:00,452.369,490,35.163936,-106.49687,6056.182
2007-11-05T00:00:00,452.384,490,35.163936,-106.49687,6056.182
2007-11-04T00:00:00,452.333,490,35.163936,-106.49687,6056.182
2007-11-03T00:00:00,452.437,490,35.163936,-106.49687,6056.182
2007-11-02T00:00:00,452.503,490,35.163936,-106.49687,6056.182
2007-11-01T00:00:00,452.455,490,35.163936,-106.49687,6056.182
2007-10-31T00:00:00,452.525,490,35.163936,-106.49687,6056.182
2007-10-30T00:00:00,452.368,490,35.163936,-106.49687,6056.182
2007-10-29T00:00:00,452.303,490,35.163936,-106.49687,6056.182
2007-10-28T00:00:00,452.375,490,35.163936,-106.49687,6056.182
2007-10-27T00:00:00,452.58,490,35.163936,-106.49687,6056.182
2007-10-26T00:00:00,452.59,490,35.163936,-106.49687,6056.182
2007-10-25T00:00:00,452.381,490,35.163936,-106.49687,6056.182
2007-10-24T00:00:00,452.341,490,35.163936,-106.49687,6056.182
2007-10-23T00:00:00,452.399,490,35.163936,-106.49687,6056.182
2007-10-22T00:00:00,452.506,490,35.163936,-106.49687,6056.182
2007-10-21T00:00:00,452.635,490,35.163936,-106.49687,6056.182
2007-10-20T00:00:00,452.469,490,35.163936,-106.49687,6056.182
2007-10-19T00:00:00,452.543,490,35.163936,-106.49687,6056.182
2007-10-18T00:00:00,452.798,490,35.163936,-106.49687,6056.182
2007-10-17T00:00:00,452.78,490,35.163936,-106.49687,6056.182
2007-10-16T00:00:00,452.639,490,35.163936,-106.49687,6056.182
2007-10-15T00:00:00,452.675,490,35.163936,-106.49687,6056.182
2007-10-14T00:00:00,452.77,490,35.163936,-106.49687,6056.182
2007-10-13T00:00:00,452.721,490,35.163936,-106.49687,6056.182
2007-10-12T00:00:00,452.602,490,35.163936,-106.49687,6056.182
2007-10-11T00:00:00,452.519,490,35.163936,-106.49687,6056.182
2007-10-10T00:00:00,452.432,490,35.163936,-106.49687,6056.182
2007-10-09T00:00:00,452.433,490,35.163936,-106.49687,6056.182
2007-10-08T00:00:00,452.485,490,35.163936,-106.49687,6056.182
2007-10-07T00:00:00,452.657,490,35.163936,-106.49687,6056.182
2007-10-06T00:00:00,452.663,490,35.163936,-106.49687,6056.182
2007-10-05T00:00:00,452.643,490,35.163936,-106.49687,6056.182
2007-10-04T00:00:00,452.584,490,35.163936,-106.49687,6056.182
2007-10-03T00:00:00,452.502,490,35.163936,-106.49687,6056.182
2007-10-02T00:00:00,452.48,490,35.163936,-106.49687,6056.182
2007-10-01T00:00:00,452.455,490,35.163936,-106.49687,6056.182
2007-09-30T00:00:00,452.568,490,35.163936,-106.49687,6056.182
2007-09-29T00:00:00,452.578,490,35.163936,-106.49687,6056.182
2007-09-28T00:00:00,452.483,490,35.163936,-106.49687,6056.182
2007-09-27T00:00:00,452.491,490,35.163936,-106.49687,6056.182
2007-09-26T00:00:00,452.515,490,35.163936,-106.49687,6056.182
2007-09-25T00:00:00,452.602,490,35.163936,-106.49687,6056.182
2007-09-24T00:00:00,452.695,490,35.163936,-106.49687,6056.182
2007-09-23T00:00:00,452.637,490,35.163936,-106.49687,6056.182
2007-09-22T00:00:00,452.613,490,35.163936,-106.49687,6056.182
2007-09-21T00:00:00,452.665,490,35.163936,-106.49687,6056.182
2007-09-20T00:00:00,452.694,490,35.163936,-106.49687,6056.182
2007-09-19T00:00:00,452.707,490,35.163936,-106.49687,6056.182
2007-09-18T00:00:00,452.79,490,35.163936,-106.49687,6056.182
2007-09-17T00:00:00,452.72,490,35.163936,-106.49687,6056.182
2007-09-16T00:00:00,452.621,490,35.163936,-106.49687,6056.182
2007-09-15T00:00:00,452.655,490,35.163936,-106.49687,6056.182
2007-09-14T00:00:00,452.731,490,35.163936,-106.49687,6056.182
2007-09-13T00:00:00,452.73,490,35.163936,-106.49687,6056.182
2007-09-12T00:00:00,452.648,490,35.163936,-106.49687,6056.182
2007-09-11T00:00:00,452.684,490,35.163936,-106.49687,6056.182
2007-09-10T00:00:00,452.753,490,35.163936,-106.49687,6056.182
2007-09-09T00:00:00,452.81,490,35.163936,-106.49687,6056.182
2007-09-08T00:00:00,452.818,490,35.163936,-106.49687,6056.182
2007-09-07T00:00:00,452.888,490,35.163936,-106.49687,6056.182
2007-09-06T00:00:00,452.976,490,35.163936,-106.49687,6056.182
2007-09-05T00:00:00,452.935,490,35.163936,-106.49687,6056.182
2007-09-04T00:00:00,452.831,490,35.163936,-106.49687,6056.182
2007-09-03T00:00:00,452.802,490,35.163936,-106.49687,6056.182
2007-09-02T00:00:00,452.826,490,35.163936,-106.49687,6056.182
2007-09-01T00:00:00,452.839,490,35.163936,-106.49687,6056.182
2007-08-31T00:00:00,452.807,490,35.163936,-106.49687,6056.182
2007-08-30T00:00:00,452.831,490,35.163936,-106.49687,6056.182
2007-08-29T00:00:00,452.504,490,35.163936,-106.49687,6056.182
2007-08-28T00:00:00,452.525,490,35.163936,-106.49687,6056.182
2007-08-27T00:00:00,452.544,490,35.163936,-106.49687,6056.182
2007-08-26T00:00:00,452.545,490,35.163936,-106.49687,6056.182
2007-08-25T00:00:00,452.619,490,35.163936,-106.49687,6056.182
2007-08-24T00:00:00,452.667,490,35.163936,-106.49687,6056.182
2007-08-23T00:00:00,452.7,490,35.163936,-106.49687,6056.182
2007-08-22T00:00:00,452.671,490,35.163936,-106.49687,6056.182
2007-08-21T00:00:00,452.64,490,35.163936,-106.49687,6056.182
2007-08-20T00:00:00,452.647,490,35.163936,-106.49687,6056.182
2007-08-19T00:00:00,452.652,490,35.163936,-106.49687,6056.182
2007-08-18T00:00:00,452.625,490,35.163936,-106.49687,6056.182
2007-08-17T00:00:00,452.623,490,35.163936,-106.49687,6056.182
2007-08-16T00:00:00,452.658,490,35.163936,-106.49687,6056.182
2007-08-15T00:00:00,452.616,490,35.163936,-106.49687,6056.182
2007-08-14T00:00:00,452.562,490,35.163936,-106.49687,6056.182
2007-08-13T00:00:00,452.454,490,35.163936,-106.49687,6056.182
2007-08-12T00:00:00,452.483,490,35.163936,-106.49687,6056.182
2007-08-11T00:00:00,452.504,490,35.163936,-106.49687,6056.182
2007-08-10T00:00:00,452.511,490,35.163936,-106.49687,6056.182
2007-08-09T00:00:00,452.589,490,35.163936,-106.49687,6056.182
2007-08-08T00:00:00,452.632,490,35.163936,-106.49687,6056.182
2007-08-07T00:00:00,452.671,490,35.163936,-106.49687,6056.182
2007-08-06T00:00:00,452.684,490,35.163936,-106.49687,6056.182
2007-08-05T00:00:00,452.665,490,35.163936,-106.49687,6056.182
2007-08-04T00:00:00,452.666,490,35.163936,-106.49687,6056.182
2007-08-03T00:00:00,452.7,490,35.163936,-106.49687,6056.182
2007-08-02T00:00:00,452.785,490,35.163936,-106.49687,6056.182
2007-08-01T00:00:00,452.816,490,35.163936,-106.49687,6056.182
2007-07-31T00:00:00,452.849,490,35.163936,-106.49687,6056.182
2007-07-30T00:00:00,452.886,490,35.163936,-106.49687,6056.182
2007-07-29T00:00:00,452.915,490,35.163936,-106.49687,6056.182
2007-07-28T00:00:00,452.909,490,35.163936,-106.49687,6056.182
2007-07-27T00:00:00,452.944,490,35.163936,-106.49687,6056.182
2007-07-26T00:00:00,453.008,490,35.163936,-106.49687,6056.182
2007-07-25T00:00:00,453.003,490,35.163936,-106.49687,6056.182
2007-07-24T00:00:00,452.988,490,35.163936,-106.49687,6056.182
2007-07-23T00:00:00,452.942,490,35.163936,-106.49687,6056.182
2007-07-22T00:00:00,452.979,490,35.163936,-106.49687,6056.182
2007-07-21T00:00:00,453.067,490,35.163936,-106.49687,6056.182
2007-07-20T00:00:00,453.109,490,35.163936,-106.49687,6056.182
2007-07-19T00:00:00,453.119,490,35.163936,-106.49687,6056.182
2007-07-18T00:00:00,453.116,490,35.163936,-106.49687,6056.182
2007-07-17T00:00:00,453.116,490,35.163936,-106.49687,6056.182
2007-07-16T00:00:00,453.092,490,35.163936,-106.49687,6056.182
2007-07-15T00:00:00,453.071,490,35.163936,-106.49687,6056.182
2007-07-14T00:00:00,453.071,490,35.163936,-106.49687,6056.182
2007-07-13T00:00:00,453.133,490,35.163936,-106.49687,6056.182
2007-07-12T00:00:00,453.128,490,35.163936,-106.49687,6056.182
2007-07-11T00:00:00,453.196,490,35.163936,-106.49687,6056.182
2007-07-10T00:00:00,453.297,490,35.163936,-106.49687,6056.182
2007-07-09T00:00:00,453.316,490,35.163936,-106.49687,6056.182
2007-07-08T00:00:00,453.253,490,35.163936,-106.49687,6056.182
2007-07-07T00:00:00,453.164,490,35.163936,-106.49687,6056.182
2007-07-06T00:00:00,453.171,490,35.163936,-106.49687,6056.182
2007-07-05T00:00:00,453.216,490,35.163936,-106.49687,6056.182
2007-07-04T00:00:00,453.006,490,35.163936,-106.49687,6056.182
2007-07-03T00:00:00,452.991,490,35.163936,-106.49687,6056.182
2007-07-02T00:00:00,453.014,490,35.163936,-106.49687,6056.182
2007-07-01T00:00:00,453.028,490,35.163936,-106.49687,6056.182
2007-06-30T00:00:00,453.003,490,35.163936,-106.49687,6056.182
2007-06-29T00:00:00,452.97,490,35.163936,-106.49687,6056.182
2007-06-28T00:00:00,452.961,490,35.163936,-106.49687,6056.182
2007-06-27T00:00:00,452.982,490,35.163936,-106.49687,6056.182
2007-06-26T00:00:00,453.064,490,35.163936,-106.49687,6056.182
2007-06-25T00:00:00,453.117,490,35.163936,-106.49687,6056.182
2007-06-24T00:00:00,453.11,490,35.163936,-106.49687,6056.182
2007-06-23T00:00:00,453.071,490,35.163936,-106.49687,6056.182
2007-06-22T00:00:00,453.012,490,35.163936,-106.49687,6056.182
2007-06-21T00:00:00,452.993,490,35.163936,-106.49687,6056.182
2007-06-20T00:00:00,452.957,490,35.163936,-106.49687,6056.182
2007-06-19T00:00:00,452.846,490,35.163936,-106.49687,6056.182
2007-06-18T00:00:00,452.891,490,35.163936,-106.49687,6056.182
2007-06-17T00:00:00,452.786,490,35.163936,-106.49687,6056.182
2007-06-16T00:00:00,452.844,490,35.163936,-106.49687,6056.182
2007-06-15T00:00:00,452.877,490,35.163936,-106.49687,6056.182
2007-06-14T00:00:00,452.832,490,35.163936,-106.49687,6056.182
2007-06-13T00:00:00,452.857,490,35.163936,-106.49687,6056.182
2007-06-12T00:00:00,452.93,490,35.163936,-106.49687,6056.182
2007-06-11T00:00:00,452.966,490,35.163936,-106.49687,6056.182
2007-06-10T00:00:00,452.913,490,35.163936,-106.49687,6056.182
2007-06-09T00:00:00,452.955,490,35.163936,-106.49687,6056.182
2007-06-08T00:00:00,453.075,490,35.163936,-106.49687,6056.182
2007-06-07T00:00:00,453.233,490,35.163936,-106.49687,6056.182
2007-06-06T00:00:00,453.063,490,35.163936,-106.49687,6056.182
2007-06-05T00:00:00,452.962,490,35.163936,-106.49687,6056.182
2007-06-04T00:00:00,452.994,490,35.163936,-106.49687,6056.182
2007-06-03T00:00:00,453.033,490,35.163936,-106.49687,6056.182
2007-06-02T00:00:00,453.116,490,35.163936,-106.49687,6056.182
2007-06-01T00:00:00,453.098,490,35.163936,-106.49687,6056.182
2007-05-31T00:00:00,453.022,490,35.163936,-106.49687,6056.182
2007-05-30T00:00:00,453.091,490,35.163936,-106.49687,6056.182
2007-05-29T00:00:00,453.128,490,35.163936,-106.49687,6056.182
2007-05-28T00:00:00,453.072,490,35.163936,-106.49687,6056.182
2007-05-27T00:00:00,453.073,490,35.163936,-106.49687,6056.182
2007-05-26T00:00:00,453.061,490,35.163936,-106.49687,6056.182
2007-05-25T00:00:00,453.099,490,35.163936,-106.49687,6056.182
2007-05-24T00:00:00,453.221,490,35.163936,-106.49687,6056.182
2007-05-23T00:00:00,453.366,490,35.163936,-106.49687,6056.182
2007-05-22T00:00:00,453.399,490,35.163936,-106.49687,6056.182
2007-05-21T00:00:00,453.286,490,35.163936,-106.49687,6056.182
2007-05-20T00:00:00,453.211,490,35.163936,-106.49687,6056.182
2007-05-19T00:00:00,453.221,490,35.163936,-106.49687,6056.182
2007-05-18T00:00:00,453.211,490,35.163936,-106.49687,6056.182
2007-05-17T00:00:00,453.236,490,35.163936,-106.49687,6056.182
2007-05-16T00:00:00,453.264,490,35.163936,-106.49687,6056.182
2007-05-15T00:00:00,453.379,490,35.163936,-106.49687,6056.182
2007-05-14T00:00:00,453.383,490,35.163936,-106.49687,6056.182
2007-05-13T00:00:00,453.361,490,35.163936,-106.49687,6056.182
2007-05-12T00:00:00,453.375,490,35.163936,-106.49687,6056.182
2007-05-11T00:00:00,453.468,490,35.163936,-106.49687,6056.182
2007-05-10T00:00:00,453.545,490,35.163936,-106.49687,6056.182
2007-05-09T00:00:00,453.569,490,35.163936,-106.49687,6056.182
2007-05-08T00:00:00,453.6,490,35.163936,-106.49687,6056.182
2007-05-08T00:00:00,452.91,490,35.163936,-106.49687,6056.182
2007-05-07T00:00:00,453.064,490,35.163936,-106.49687,6056.182
2007-05-06T00:00:00,453.301,490,35.163936,-106.49687,6056.182
2007-05-05T00:00:00,453.352,490,35.163936,-106.49687,6056.182
2007-05-04T00:00:00,453.249,490,35.163936,-106.49687,6056.182
2007-05-03T00:00:00,453.181,490,35.163936,-106.49687,6056.182
2007-05-02T00:00:00,453.184,490,35.163936,-106.49687,6056.182
2007-05-01T00:00:00,453.208,490,35.163936,-106.49687,6056.182
2007-04-30T00:00:00,453.098,490,35.163936,-106.49687,6056.182
2007-04-29T00:00:00,453.039,490,35.163936,-106.49687,6056.182
2007-04-28T00:00:00,453.181,490,35.163936,-106.49687,6056.182
2007-04-27T00:00:00,453.331,490,35.163936,-106.49687,6056.182
2007-04-26T00:00:00,453.336,490,35.163936,-106.49687,6056.182
2007-04-25T00:00:00,453.417,490,35.163936,-106.49687,6056.182
2007-04-24T00:00:00,453.484,490,35.163936,-106.49687,6056.182
2007-04-23T00:00:00,453.474,490,35.163936,-106.49687,6056.182
2007-04-22T00:00:00,453.555,490,35.163936,-106.49687,6056.182
2007-04-21T00:00:00,453.609,490,35.163936,-106.49687,6056.182
2007-04-20T00:00:00,453.632,490,35.163936,-106.49687,6056.182
2007-04-19T00:00:00,453.669,490,35.163936,-106.49687,6056.182
2007-04-18T00:00:00,453.588,490,35.163936,-106.49687,6056.182
2007-04-17T00:00:00,453.693,490,35.163936,-106.49687,6056.182
2007-04-16T00:00:00,453.711,490,35.163936,-106.49687,6056.182
2007-04-15T00:00:00,453.598,490,35.163936,-106.49687,6056.182
2007-04-14T00:00:00,453.794,490,35.163936,-106.49687,6056.182
2007-04-13T00:00:00,454.023,490,35.163936,-106.49687,6056.182
2007-04-12T00:00:00,453.937,490,35.163936,-106.49687,6056.182
2007-04-11T00:00:00,454.014,490,35.163936,-106.49687,6056.182
2007-04-10T00:00:00,454.053,490,35.163936,-106.49687,6056.182
2007-04-09T00:00:00,454.053,490,35.163936,-106.49687,6056.182
2007-04-08T00:00:00,453.983,490,35.163936,-106.49687,6056.182
2007-04-07T00:00:00,453.946,490,35.163936,-106.49687,6056.182
2007-04-06T00:00:00,453.947,490,35.163936,-106.49687,6056.182
2007-04-05T00:00:00,453.94,490,35.163936,-106.49687,6056.182
2007-04-04T00:00:00,453.967,490,35.163936,-106.49687,6056.182
2007-04-03T00:00:00,454.107,490,35.163936,-106.49687,6056.182
2007-04-02T00:00:00,454.164,490,35.163936,-106.49687,6056.182
2007-04-01T00:00:00,454.192,490,35.163936,-106.49687,6056.182
2007-03-31T00:00:00,454.201,490,35.163936,-106.49687,6056.182
2007-03-30T00:00:00,454.244,490,35.163936,-106.49687,6056.182
2007-03-29T00:00:00,453.82,490,35.163936,-106.49687,6056.182
2007-03-29T00:00:00,453.821,490,35.163936,-106.49687,6056.182
2007-03-28T00:00:00,452.352,490,35.163936,-106.49687,6056.182
2007-03-27T00:00:00,452.19,490,35.163936,-106.49687,6056.182
2007-03-26T00:00:00,452.168,490,35.163936,-106.49687,6056.182
2007-03-25T00:00:00,452.223,490,35.163936,-106.49687,6056.182
2007-03-24T00:00:00,452.397,490,35.163936,-106.49687,6056.182
2007-03-23T00:00:00,452.369,490,35.163936,-106.49687,6056.182
2007-03-22T00:00:00,452.39,490,35.163936,-106.49687,6056.182
2007-03-21T00:00:00,452.424,490,35.163936,-106.49687,6056.182
2007-03-20T00:00:00,452.449,490,35.163936,-106.49687,6056.182
2007-03-19T00:00:00,452.509,490,35.163936,-106.49687,6056.182
2007-03-18T00:00:00,452.433,490,35.163936,-106.49687,6056.182
2007-03-17T00:00:00,452.356,490,35.163936,-106.49687,6056.182
2007-03-16T00:00:00,452.479,490,35.163936,-106.49687,6056.182
2007-03-15T00:00:00,452.621,490,35.163936,-106.49687,6056.182
2007-03-14T00:00:00,452.653,490,35.163936,-106.49687,6056.182
2007-03-13T00:00:00,452.599,490,35.163936,-106.49687,6056.182
2007-03-12T00:00:00,452.588,490,35.163936,-106.49687,6056.182
2007-03-11T00:00:00,452.741,490,35.163936,-106.49687,6056.182
2007-03-10T00:00:00,452.752,490,35.163936,-106.49687,6056.182
2007-03-09T00:00:00,452.82,490,35.163936,-106.49687,6056.182
2007-03-08T00:00:00,452.789,490,35.163936,-106.49687,6056.182
2007-03-07T00:00:00,452.801,490,35.163936,-106.49687,6056.182
2007-03-06T00:00:00,452.764,490,35.163936,-106.49687,6056.182
2007-03-05T00:00:00,452.708,490,35.163936,-106.49687,6056.182
2007-03-04T00:00:00,452.88,490,35.163936,-106.49687,6056.182
2007-03-03T00:00:00,453.212,490,35.163936,-106.49687,6056.182
2007-03-02T00:00:00,453.374,490,35.163936,-106.49687,6056.182
2007-03-01T00:00:00,453.572,490,35.163936,-106.49687,6056.182
2007-02-28T00:00:00,453.532,490,35.163936,-106.49687,6056.182
2007-02-27T00:00:00,453.498,490,35.163936,-106.49687,6056.182
2007-02-26T00:00:00,453.568,490,35.163936,-106.49687,6056.182
2007-02-25T00:00:00,453.546,490,35.163936,-106.49687,6056.182
2007-02-24T00:00:00,453.764,490,35.163936,-106.49687,6056.182
2007-02-23T00:00:00,453.547,490,35.163936,-106.49687,6056.182
2007-02-22T00:00:00,453.504,490,35.163936,-106.49687,6056.182
2007-02-21T00:00:00,453.649,490,35.163936,-106.49687,6056.182
2007-02-20T00:00:00,453.833,490,35.163936,-106.49687,6056.182
2007-02-19T00:00:00,453.707,490,35.163936,-106.49687,6056.182
2007-02-18T00:00:00,453.543,490,35.163936,-106.49687,6056.182
2007-02-17T00:00:00,453.699,490,35.163936,-106.49687,6056.182
2007-02-16T00:00:00,453.803,490,35.163936,-106.49687,6056.182
2007-02-15T00:00:00,454.044,490,35.163936,-106.49687,6056.182
2007-02-14T00:00:00,454.15,490,35.163936,-106.49687,6056.182
2007-02-13T00:00:00,454.176,490,35.163936,-106.49687,6056.182
2007-02-12T00:00:00,454.24,490,35.163936,-106.49687,6056.182
2007-02-09T00:00:00,454.37,490,35.163936,-106.49687,6056.182
2007-02-09T00:00:00,462.255,490,35.163936,-106.49687,6056.182
2007-02-08T00:00:00,462.275,490,35.163936,-106.49687,6056.182
2007-02-07T00:00:00,462.271,490,35.163936,-106.49687,6056.182
2007-02-06T00:00:00,462.263,490,35.163936,-106.49687,6056.182
2007-02-05T00:00:00,462.298,490,35.163936,-106.49687,6056.182
2007-02-04T00:00:00,465.36,490,35.163936,-106.49687,6056.182
2007-02-03T00:00:00,465.472,490,35.163936,-106.49687,6056.182
2007-02-02T00:00:00,465.609,490,35.163936,-106.49687,6056.182
2007-02-01T00:00:00,465.633,490,35.163936,-106.49687,6056.182
2007-01-31T00:00:00,465.567,490,35.163936,-106.49687,6056.182
2007-01-30T00:00:00,465.548,490,35.163936,-106.49687,6056.182
2007-01-29T00:00:00,465.547,490,35.163936,-106.49687,6056.182
2007-01-28T00:00:00,465.591,490,35.163936,-106.49687,6056.182
2007-01-27T00:00:00,465.644,490,35.163936,-106.49687,6056.182
2007-01-26T00:00:00,465.56,490,35.163936,-106.49687,6056.182
2007-01-25T00:00:00,465.503,490,35.163936,-106.49687,6056.182
2007-01-24T00:00:00,465.149,490,35.163936,-106.49687,6056.182
2007-01-23T00:00:00,465.203,490,35.163936,-106.49687,6056.182
2007-01-22T00:00:00,465.284,490,35.163936,-106.49687,6056.182
2007-01-21T00:00:00,465.342,490,35.163936,-106.49687,6056.182
2007-01-20T00:00:00,465.27,490,35.163936,-106.49687,6056.182
2007-01-19T00:00:00,465.219,490,35.163936,-106.49687,6056.182
2007-01-18T00:00:00,464.878,490,35.163936,-106.49687,6056.182
2007-01-17T00:00:00,464.866,490,35.163936,-106.49687,6056.182
2007-01-16T00:00:00,464.842,490,35.163936,-106.49687,6056.182
2007-01-15T00:00:00,464.633,490,35.163936,-106.49687,6056.182
2007-01-14T00:00:00,464.719,490,35.163936,-106.49687,6056.182
2007-01-13T00:00:00,464.728,490,35.163936,-106.49687,6056.182
2007-01-12T00:00:00,464.735,490,35.163936,-106.49687,6056.182
2007-01-11T00:00:00,464.704,490,35.163936,-106.49687,6056.182
2007-01-10T00:00:00,464.611,490,35.163936,-106.49687,6056.182
2007-01-09T00:00:00,464.521,490,35.163936,-106.49687,6056.182
2007-01-08T00:00:00,464.399,490,35.163936,-106.49687,6056.182
2007-01-07T00:00:00,464.129,490,35.163936,-106.49687,6056.182
2007-01-06T00:00:00,463.925,490,35.163936,-106.49687,6056.182
2007-01-05T00:00:00,463.947,490,35.163936,-106.49687,6056.182
2007-01-04T00:00:00,463.901,490,35.163936,-106.49687,6056.182
2007-01-03T00:00:00,463.845,490,35.163936,-106.49687,6056.182
2007-01-02T00:00:00,463.736,490,35.163936,-106.49687,6056.182
2007-01-01T00:00:00,463.672,490,35.163936,-106.49687,6056.182
2006-12-31T00:00:00,463.366,490,35.163936,-106.49687,6056.182
2006-12-30T00:00:00,463.101,490,35.163936,-106.49687,6056.182
2006-12-29T00:00:00,460.98,490,35.163936,-106.49687,6056.182
2006-12-28T00:00:00,455.595,490,35.163936,-106.49687,6056.182
2006-12-27T00:00:00,455.601,490,35.163936,-106.49687,6056.182
2006-12-26T00:00:00,455.605,490,35.163936,-106.49687,6056.182
2006-12-25T00:00:00,455.608,490,35.163936,-106.49687,6056.182
2006-12-24T00:00:00,455.618,490,35.163936,-106.49687,6056.182
2006-12-23T00:00:00,455.627,490,35.163936,-106.49687,6056.182
2006-12-22T00:00:00,455.633,490,35.163936,-106.49687,6056.182
2006-12-21T00:00:00,455.644,490,35.163936,-106.49687,6056.182
2006-12-20T00:00:00,455.657,490,35.163936,-106.49687,6056.182
2006-12-19T00:00:00,455.663,490,35.163936,-106.49687,6056.182
2006-12-18T00:00:00,455.668,490,35.163936,-106.49687,6056.182
2006-12-17T00:00:00,455.678,490,35.163936,-106.49687,6056.182
2006-12-16T00:00:00,455.688,490,35.163936,-106.49687,6056.182
2006-12-15T00:00:00,455.696,490,35.163936,-106.49687,6056.182
2006-12-14T00:00:00,455.702,490,35.163936,-106.49687,6056.182
2006-12-13T00:00:00,455.708,490,35.163936,-106.49687,6056.182
2006-12-12T00:00:00,455.709,490,35.163936,-106.49687,6056.182
2006-12-11T00:00:00,455.722,490,35.163936,-106.49687,6056.182
2006-12-10T00:00:00,455.729,490,35.163936,-106.49687,6056.182
2006-12-09T00:00:00,455.74,490,35.163936,-106.49687,6056.182
2006-12-08T00:00:00,455.739,490,35.163936,-106.49687,6056.182
2006-12-07T00:00:00,455.745,490,35.163936,-106.49687,6056.182
2006-12-06T00:00:00,455.759,490,35.163936,-106.49687,6056.182
2006-12-05T00:00:00,455.769,490,35.163936,-106.49687,6056.182
2006-12-04T00:00:00,455.768,490,35.163936,-106.49687,6056.182
2006-12-03T00:00:00,455.769,490,35.163936,-106.49687,6056.182
2006-12-02T00:00:00,455.781,490,35.163936,-106.49687,6056.182
2006-12-01T00:00:00,455.783,490,35.163936,-106.49687,6056.182
2006-11-30T00:00:00,455.784,490,35.163936,-106.49687,6056.182
2006-11-29T00:00:00,455.802,490,35.163936,-106.49687,6056.182
2006-11-28T00:00:00,455.808,490,35.163936,-106.49687,6056.182
2006-11-27T00:00:00,455.809,490,35.163936,-106.49687,6056.182
2006-11-26T00:00:00,455.813,490,35.163936,-106.49687,6056.182
2006-11-25T00:00:00,455.819,490,35.163936,-106.49687,6056.182
2006-11-24T00:00:00,455.823,490,35.163936,-106.49687,6056.182
2006-11-23T00:00:00,455.827,490,35.163936,-106.49687,6056.182
2006-11-22T00:00:00,455.828,490,35.163936,-106.49687,6056.182
2006-11-21T00:00:00,455.831,490,35.163936,-106.49687,6056.182
2006-11-20T00:00:00,455.829,490,35.163936,-106.49687,6056.182
2006-11-19T00:00:00,455.829,490,35.163936,-106.49687,6056.182
2006-11-18T00:00:00,455.832,490,35.163936,-106.49687,6056.182
2006-11-17T00:00:00,455.839,490,35.163936,-106.49687,6056.182
2006-11-16T00:00:00,455.839,490,35.163936,-106.49687,6056.182
2006-11-15T00:00:00,455.837,490,35.163936,-106.49687,6056.182
2006-11-14T00:00:00,455.853,490,35.163936,-106.49687,6056.182
2006-11-13T00:00:00,455.848,490,35.163936,-106.49687,6056.182
2006-11-12T00:00:00,455.86,490,35.163936,-106.49687,6056.182
2006-11-11T00:00:00,455.853,490,35.163936,-106.49687,6056.182
2006-11-10T00:00:00,455.857,490,35.163936,-106.49687,6056.182
2006-11-09T00:00:00,455.866,490,35.163936,-106.49687,6056.182
2006-11-08T00:00:00,455.867,490,35.163936,-106.49687,6056.182
2006-11-07T00:00:00,455.867,490,35.163936,-106.49687,6056.182
2006-11-06T00:00:00,455.868,490,35.163936,-106.49687,6056.182
2006-11-05T00:00:00,455.868,490,35.163936,-106.49687,6056.182
2006-11-04T00:00:00,455.873,490,35.163936,-106.49687,6056.182
2006-11-03T00:00:00,455.873,490,35.163936,-106.49687,6056.182
2006-11-02T00:00:00,455.872,490,35.163936,-106.49687,6056.182
2006-11-01T00:00:00,455.877,490,35.163936,-106.49687,6056.182
2006-10-31T00:00:00,455.88,490,35.163936,-106.49687,6056.182
2006-10-30T00:00:00,455.891,490,35.163936,-106.49687,6056.182
2006-10-29T00:00:00,455.89,490,35.163936,-106.49687,6056.182
2006-10-28T00:00:00,455.887,490,35.163936,-106.49687,6056.182
2006-10-27T00:00:00,455.88,490,35.163936,-106.49687,6056.182
2006-10-26T00:00:00,455.889,490,35.163936,-106.49687,6056.182
2006-10-25T00:00:00,455.899,490,35.163936,-106.49687,6056.182
2006-10-24T00:00:00,455.899,490,35.163936,-106.49687,6056.182
2006-10-23T00:00:00,455.896,490,35.163936,-106.49687,6056.182
2006-10-22T00:00:00,455.893,490,35.163936,-106.49687,6056.182
2006-10-21T00:00:00,455.905,490,35.163936,-106.49687,6056.182
2006-10-20T00:00:00,455.909,490,35.163936,-106.49687,6056.182
2006-10-19T00:00:00,455.903,490,35.163936,-106.49687,6056.182
2006-10-18T00:00:00,455.907,490,35.163936,-106.49687,6056.182
2006-10-17T00:00:00,455.919,490,35.163936,-106.49687,6056.182
2006-10-16T00:00:00,455.927,490,35.163936,-106.49687,6056.182
2006-10-15T00:00:00,455.935,490,35.163936,-106.49687,6056.182
2006-10-14T00:00:00,455.945,490,35.163936,-106.49687,6056.182
2006-10-13T00:00:00,455.94,490,35.163936,-106.49687,6056.182
2006-07-07T00:00:00,456.16,490,35.163936,-106.49687,6056.182
2006-02-06T00:00:00,455.05,490,35.163936,-106.49687,6056.182
2004-12-20T00:00:00,453.24,490,35.163936,-106.49687,6056.182
2004-05-05T00:00:00,452.55,490,35.163936,-106.49687,6056.182
2004-02-01T00:00:00,451.25,490,35.163936,-106.49687,6056.182
2003-08-01T00:00:00,451.6,490,35.163936,-106.49687,6056.182
2003-06-01T00:00:00,450.6,490,35.163936,-106.49687,6056.182
2003-04-01T00:00:00,448.5,490,35.163936,-106.49687,6056.182
2002-09-01T00:00:00,447.5,490,35.163936,-106.49687,6056.182
2002-04-15T00:00:00,447.72,490,35.163936,-106.49687,6056.182
2002-01-15T00:00:00,446.84,490,35.163936,-106.49687,6056.182
2001-08-12T00:00:00,445.96,490,35.163936,-106.49687,6056.182
2001-02-01T00:00:00,445.08,490,35.163936,-106.49687,6056.182
2000-08-01T00:00:00,444.2,490,35.163936,-106.49687,6056.182
2000-04-01T00:00:00,443.32,490,35.163936,-106.49687,6056.182
2000-02-01T00:00:00,443.25,490,35.163936,-106.49687,6056.182
1999-12-01T00:00:00,443.1,490,35.163936,-106.49687,6056.182
1999-07-01T00:00:00,444.2,490,35.163936,-106.49687,6056.182
1999-02-01T00:00:00,444,490,35.163936,-106.49687,6056.182
1998-09-15T00:00:00,445.04,490,35.163936,-106.49687,6056.182
1998-07-01T00:00:00,442.77,490,35.163936,-106.49687,6056.182
1998-03-17T00:00:00,444.45,490,35.163936,-106.49687,6056.182
1997-12-09T00:00:00,444.48,490,35.163936,-106.49687,6056.182
2021-12-13T19:54:00,470.23,490,35.163936,-106.49687,6056.182
2023-08-01T15:25:37,473.03,490,35.163936,-106.49687,6056.182
2024-01-03T19:04:47,473.38,490,35.163936,-106.49687,6056.182
2024-03-04T16:07:17,473.41,490,35.163936,-106.49687,6056.182
2024-07-15T23:02:00,474.39,490,35.163936,-106.49687,6056.182
2024-10-01T20:30:25,475.3,490,35.163936,-106.49687,6056.182
2025-01-07T18:13:54,475.08,490,35.163936,-106.49687,6056.182
2025-04-14T20:40:00,474.8,490,35.163936,-106.49687,6056.182
2025-06-09T20:35:30,475.71,490,35.163936,-106.49687,6056.182
2025-09-04T21:00:00,477.17,490,35.163936,-106.49687,6056.182
2020-11-03T00:00:00,226.8,210,35.152025,-106.358222,6952.192
2020-07-26T00:00:00,219.8,210,35.152025,-106.358222,6952.192
2020-04-28T00:00:00,222.5,210,35.152025,-106.358222,6952.192
2021-03-09T15:37:27,231.1,210,35.152025,-106.358222,6952.192
2021-10-23T15:58:37,233.5,210,35.152025,-106.358222,6952.192
2023-03-28T17:59:38,228.7,210,35.152025,-106.358222,6952.192
2024-03-04T15:38:54,218.8,210,35.152025,-106.358222,6952.192
2025-03-31T14:30:00,226.97,210,35.152025,-106.358222,6952.192
2020-11-07T00:00:00,359.5,490,35.159179,-106.297456,6961.52
2020-07-31T00:00:00,359.5,490,35.159179,-106.297456,6961.52
2020-04-28T00:00:00,355.9,490,35.159179,-106.297456,6961.52
2019-10-30T00:00:00,355.8,490,35.159179,-106.297456,6961.52
2019-07-24T00:00:00,357,490,35.159179,-106.297456,6961.52
2019-04-24T00:00:00,355.4,490,35.159179,-106.297456,6961.52
2019-01-10T00:00:00,354.3,490,35.159179,-106.297456,6961.52
2018-09-23T00:00:00,356.9,490,35.159179,-106.297456,6961.52
2018-04-06T00:00:00,355.7,490,35.159179,-106.297456,6961.52
2017-10-07T00:00:00,356.6,490,35.159179,-106.297456,6961.52
2017-06-20T00:00:00,358.8,490,35.159179,-106.297456,6961.52
2017-01-25T00:00:00,354.6,490,35.159179,-106.297456,6961.52
2016-06-07T00:00:00,355.2,490,35.159179,-106.297456,6961.52
2016-03-09T00:00:00,354.1,490,35.159179,-106.297456,6961.52
2015-12-02T00:00:00,355,490,35.159179,-106.297456,6961.52
2015-09-02T00:00:00,355.6,490,35.159179,-106.297456,6961.52
2015-06-03T00:00:00,355.6,490,35.159179,-106.297456,6961.52
2015-03-11T00:00:00,355.2,490,35.159179,-106.297456,6961.52
2014-12-03T00:00:00,355.6,490,35.159179,-106.297456,6961.52
2014-09-06T00:00:00,356.1,490,35.159179,-106.297456,6961.52
2014-06-03T00:00:00,355.2,490,35.159179,-106.297456,6961.52
2014-03-04T00:00:00,354.6,490,35.159179,-106.297456,6961.52
2013-12-04T00:00:00,356,490,35.159179,-106.297456,6961.52
2013-09-11T00:00:00,357.4,490,35.159179,-106.297456,6961.52
2013-06-13T00:00:00,356.2,490,35.159179,-106.297456,6961.52
2013-03-12T00:00:00,355.4,490,35.159179,-106.297456,6961.52
2012-12-11T00:00:00,356.6,490,35.159179,-106.297456,6961.52
2012-09-12T00:00:00,356.4,490,35.159179,-106.297456,6961.52
2012-06-12T00:00:00,355.6,490,35.159179,-106.297456,6961.52
2012-03-07T00:00:00,355.1,490,35.159179,-106.297456,6961.52
2011-12-06T00:00:00,355.4,490,35.159179,-106.297456,6961.52
2011-05-26T00:00:00,355.4,490,35.159179,-106.297456,6961.52
2010-12-15T00:00:00,352,490,35.159179,-106.297456,6961.52
2010-08-10T00:00:00,355.4,490,35.159179,-106.297456,6961.52
2021-03-13T20:31:02,356.5,490,35.159179,-106.297456,6961.52
2021-10-30T18:53:03,357.3,490,35.159179,-106.297456,6961.52
2023-07-31T14:27:52,360.77,490,35.159179,-106.297456,6961.52
2024-03-20T14:58:28,355.83,490,35.159179,-106.297456,6961.52
2025-03-13T18:02:08,354.9,490,35.159179,-106.297456,6961.52
2020-11-07T00:00:00,282.8,300,35.157017,-106.30679,6748.168
2020-07-31T00:00:00,280.5,300,35.157017,-106.30679,6748.168
2020-04-28T00:00:00,279.1,300,35.157017,-106.30679,6748.168
2019-10-30T00:00:00,278.5,300,35.157017,-106.30679,6748.168
2019-07-24T00:00:00,277.5,300,35.157017,-106.30679,6748.168
2019-04-24T00:00:00,276.4,300,35.157017,-106.30679,6748.168
2019-01-10T00:00:00,276.2,300,35.157017,-106.30679,6748.168
2018-09-23T00:00:00,275.8,300,35.157017,-106.30679,6748.168
2018-04-06T00:00:00,274.85,300,35.157017,-106.30679,6748.168
2017-10-07T00:00:00,275.4,300,35.157017,-106.30679,6748.168
2017-06-20T00:00:00,272.74,300,35.157017,-106.30679,6748.168
2016-06-07T00:00:00,270.6,300,35.157017,-106.30679,6748.168
2016-03-09T00:00:00,270.6,300,35.157017,-106.30679,6748.168
2015-12-02T00:00:00,270,300,35.157017,-106.30679,6748.168
2015-09-02T00:00:00,269,300,35.157017,-106.30679,6748.168
2015-06-03T00:00:00,268.6,300,35.157017,-106.30679,6748.168
2015-03-11T00:00:00,268.4,300,35.157017,-106.30679,6748.168
2014-12-03T00:00:00,268,300,35.157017,-106.30679,6748.168
2014-09-06T00:00:00,267.2,300,35.157017,-106.30679,6748.168
2014-06-03T00:00:00,266.6,300,35.157017,-106.30679,6748.168
2014-03-04T00:00:00,266.1,300,35.157017,-106.30679,6748.168
2013-12-04T00:00:00,265.3,300,35.157017,-106.30679,6748.168
2013-03-12T00:00:00,262.83,300,35.157017,-106.30679,6748.168
2021-03-13T20:18:24,282.1,300,35.157017,-106.30679,6748.168
2021-10-30T18:38:25,286,300,35.157017,-106.30679,6748.168
2023-03-30T16:31:14,284.9,300,35.157017,-106.30679,6748.168
2024-03-13T19:27:40,284.61,300,35.157017,-106.30679,6748.168
2020-11-07T00:00:00,231.1,300,35.1652189,-106.3152472,6684.359
2020-07-31T00:00:00,234.8,300,35.1652189,-106.3152472,6684.359
2020-04-28T00:00:00,234.8,300,35.1652189,-106.3152472,6684.359
2019-10-30T00:00:00,230.8,300,35.1652189,-106.3152472,6684.359
2019-07-24T00:00:00,231.5,300,35.1652189,-106.3152472,6684.359
2019-04-24T00:00:00,232.1,300,35.1652189,-106.3152472,6684.359
2019-01-10T00:00:00,232.3,300,35.1652189,-106.3152472,6684.359
2018-09-23T00:00:00,232.5,300,35.1652189,-106.3152472,6684.359
2018-04-06T00:00:00,232.2,300,35.1652189,-106.3152472,6684.359
2017-10-07T00:00:00,232.51,300,35.1652189,-106.3152472,6684.359
2017-06-20T00:00:00,232.5,300,35.1652189,-106.3152472,6684.359
2021-03-13T20:46:02,234.4,300,35.1652189,-106.3152472,6684.359
2021-10-30T19:07:00,240.3,300,35.1652189,-106.3152472,6684.359
2023-03-30T16:53:43,245.59,300,35.1652189,-106.3152472,6684.359
2024-03-13T19:51:20,232.31,300,35.1652189,-106.3152472,6684.359
2025-03-13T19:24:51,233.43,300,35.1652189,-106.3152472,6684.359
2020-11-05T00:00:00,70.83,1275,35.163942,-106.341462,6799.279
2020-08-01T00:00:00,72.03,1275,35.163942,-106.341462,6799.279
2020-04-24T00:00:00,72.01,1275,35.163942,-106.341462,6799.279
2019-11-15T00:00:00,70.18,1275,35.163942,-106.341462,6799.279
2019-07-22T00:00:00,70.42,1275,35.163942,-106.341462,6799.279
2019-04-22T00:00:00,70.35,1275,35.163942,-106.341462,6799.279
2018-12-21T00:00:00,70.22,1275,35.163942,-106.341462,6799.279
2018-10-05T00:00:00,70.75,1275,35.163942,-106.341462,6799.279
2018-04-07T00:00:00,70.31,1275,35.163942,-106.341462,6799.279
2018-01-12T00:00:00,70.65,1275,35.163942,-106.341462,6799.279
2017-10-03T00:00:00,70.79,1275,35.163942,-106.341462,6799.279
2017-06-21T00:00:00,71.65,1275,35.163942,-106.341462,6799.279
2017-01-17T00:00:00,70.86,1275,35.163942,-106.341462,6799.279
2016-06-29T00:00:00,72.27,1275,35.163942,-106.341462,6799.279
2016-03-09T00:00:00,71.15,1275,35.163942,-106.341462,6799.279
2015-12-02T00:00:00,70.82,1275,35.163942,-106.341462,6799.279
2015-09-02T00:00:00,72.1,1275,35.163942,-106.341462,6799.279
2015-06-02T00:00:00,72.62,1275,35.163942,-106.341462,6799.279
2015-03-05T00:00:00,72.61,1275,35.163942,-106.341462,6799.279
2014-12-03T00:00:00,73.2,1275,35.163942,-106.341462,6799.279
2014-09-08T00:00:00,77.31,1275,35.163942,-106.341462,6799.279
2021-03-13T21:09:10,72.41,1275,35.163942,-106.341462,6799.279
2021-10-30T21:32:49,74.27,1275,35.163942,-106.341462,6799.279
2023-03-20T21:00:47,72.12,1275,35.163942,-106.341462,6799.279
2023-08-04T16:52:34,72.62,1275,35.163942,-106.341462,6799.279
2023-10-18T20:46:20,72.16,1275,35.163942,-106.341462,6799.279
2023-11-06T23:05:59,71.88,1275,35.163942,-106.341462,6799.279
2023-11-14T20:06:32,71.91,1275,35.163942,-106.341462,6799.279
2023-11-06T18:49:00,71.88,1275,35.163942,-106.341462,6799.279
2023-12-07T20:00:46,71.62,1275,35.163942,-106.341462,6799.279
2024-01-04T18:27:16,71.31,1275,35.163942,-106.341462,6799.279
2024-02-01T19:57:14,71.92,1275,35.163942,-106.341462,6799.279
2024-03-26T17:31:56,71.97,1275,35.163942,-106.341462,6799.279
2024-05-06T15:58:00,72.76,1275,35.163942,-106.341462,6799.279
2024-06-03T20:31:25,72.89,1275,35.163942,-106.341462,6799.279
2024-07-02T15:30:00,73.24,1275,35.163942,-106.341462,6799.279
2024-08-15T16:35:27,72.53,1275,35.163942,-106.341462,6799.279
2024-09-17T17:56:16,71.64,1275,35.163942,-106.341462,6799.279
2024-10-04T20:04:00,71.61,1275,35.163942,-106.341462,6799.279
2024-11-05T21:30:44,71.59,1275,35.163942,-106.341462,6799.279
2024-12-17T16:38:00,71.13,1275,35.163942,-106.341462,6799.279
2025-01-13T19:52:31,71.3,1275,35.163942,-106.341462,6799.279
2025-02-03T19:24:17,71.61,1275,35.163942,-106.341462,6799.279
2025-03-05T00:31:49,72.2,1275,35.163942,-106.341462,6799.279
2025-04-07T15:19:59,72.58,1275,35.163942,-106.341462,6799.279
2025-05-02T19:35:00,72.34,1275,35.163942,-106.341462,6799.279
2025-06-10T23:32:26,70.43,1275,35.163942,-106.341462,6799.279
2025-07-14T19:28:00,70.93,1275,35.163942,-106.341462,6799.279
2025-08-01T17:42:00,71.23,1275,35.163942,-106.341462,6799.279
2025-09-11T14:06:00,71.76,1275,35.163942,-106.341462,6799.279
2020-11-05T00:00:00,70.08,740,35.164368,-106.341149,6800.491
2020-08-01T00:00:00,69.5,740,35.164368,-106.341149,6800.491
2020-04-24T00:00:00,68.93,740,35.164368,-106.341149,6800.491
2019-11-15T00:00:00,69.02,740,35.164368,-106.341149,6800.491
2019-07-22T00:00:00,67.24,740,35.164368,-106.341149,6800.491
2019-04-22T00:00:00,66.11,740,35.164368,-106.341149,6800.491
2018-12-21T00:00:00,66.34,740,35.164368,-106.341149,6800.491
2018-10-05T00:00:00,67.81,740,35.164368,-106.341149,6800.491
2018-04-07T00:00:00,63.75,740,35.164368,-106.341149,6800.491
2018-01-12T00:00:00,61.82,740,35.164368,-106.341149,6800.491
2017-10-03T00:00:00,57.53,740,35.164368,-106.341149,6800.491
2017-06-21T00:00:00,62.85,740,35.164368,-106.341149,6800.491
2017-01-17T00:00:00,64.06,740,35.164368,-106.341149,6800.491
2016-06-29T00:00:00,63.39,740,35.164368,-106.341149,6800.491
2016-03-09T00:00:00,62.05,740,35.164368,-106.341149,6800.491
2015-12-02T00:00:00,62,740,35.164368,-106.341149,6800.491
2015-09-02T00:00:00,61.65,740,35.164368,-106.341149,6800.491
2015-06-02T00:00:00,60.36,740,35.164368,-106.341149,6800.491
2021-03-13T21:12:55,71.83,740,35.164368,-106.341149,6800.491
2021-10-30T21:37:54,74.21,740,35.164368,-106.341149,6800.491
2023-03-20T20:08:53,62.29,740,35.164368,-106.341149,6800.491
2023-08-04T16:44:33,61.67,740,35.164368,-106.341149,6800.491
2023-10-18T19:52:12,63.54,740,35.164368,-106.341149,6800.491
2023-11-06T22:35:07,63.86,740,35.164368,-106.341149,6800.491
2023-12-07T19:44:51,64.13,740,35.164368,-106.341149,6800.491
2024-01-04T18:25:24,63.96,740,35.164368,-106.341149,6800.491
2024-02-01T19:41:28,64.53,740,35.164368,-106.341149,6800.491
2024-03-26T17:30:09,64.44,740,35.164368,-106.341149,6800.491
2024-05-06T15:55:00,64.33,740,35.164368,-106.341149,6800.491
2024-06-03T20:19:41,64.49,740,35.164368,-106.341149,6800.491
2024-07-02T15:26:00,64.66,740,35.164368,-106.341149,6800.491
2024-08-15T16:39:40,64.58,740,35.164368,-106.341149,6800.491
2024-09-17T19:48:35,64.62,740,35.164368,-106.341149,6800.491
2024-10-04T19:50:00,65.12,740,35.164368,-106.341149,6800.491
2024-11-05T21:28:14,65.63,740,35.164368,-106.341149,6800.491
2024-12-17T16:30:00,65.71,740,35.164368,-106.341149,6800.491
2025-01-13T19:50:43,66.03,740,35.164368,-106.341149,6800.491
2025-02-03T19:28:28,66.31,740,35.164368,-106.341149,6800.491
2025-03-05T00:16:58,66.61,740,35.164368,-106.341149,6800.491
2025-04-07T15:09:54,67,740,35.164368,-106.341149,6800.491
2025-05-02T19:25:00,67.07,740,35.164368,-106.341149,6800.491
2025-06-10T23:31:02,66.53,740,35.164368,-106.341149,6800.491
2025-07-14T19:00:00,65.34,740,35.164368,-106.341149,6800.491
2025-08-01T17:34:00,64.25,740,35.164368,-106.341149,6800.491
2025-09-11T14:19:30,64.28,740,35.164368,-106.341149,6800.491
2020-11-05T00:00:00,54.22,434,35.163644,-106.341309,6798.165
2020-08-01T00:00:00,51.49,434,35.163644,-106.341309,6798.165
2020-04-24T00:00:00,49.46,434,35.163644,-106.341309,6798.165
2019-11-15T00:00:00,52.38,434,35.163644,-106.341309,6798.165
2019-07-22T00:00:00,50.68,434,35.163644,-106.341309,6798.165
2019-04-22T00:00:00,48.3,434,35.163644,-106.341309,6798.165
2018-12-21T00:00:00,51.36,434,35.163644,-106.341309,6798.165
2018-10-05T00:00:00,55.23,434,35.163644,-106.341309,6798.165
2018-04-07T00:00:00,54.24,434,35.163644,-106.341309,6798.165
2018-01-12T00:00:00,53.16,434,35.163644,-106.341309,6798.165
2017-10-03T00:00:00,53.75,434,35.163644,-106.341309,6798.165
2017-06-21T00:00:00,55.01,434,35.163644,-106.341309,6798.165
2017-01-17T00:00:00,55.11,434,35.163644,-106.341309,6798.165
2016-06-29T00:00:00,53.72,434,35.163644,-106.341309,6798.165
2016-03-09T00:00:00,51.95,434,35.163644,-106.341309,6798.165
2015-12-02T00:00:00,49.22,434,35.163644,-106.341309,6798.165
2021-03-13T21:07:08,56.53,434,35.163644,-106.341309,6798.165
2021-10-30T21:30:56,60.31,434,35.163644,-106.341309,6798.165
2023-03-20T21:01:36,48.18,434,35.163644,-106.341309,6798.165
2023-08-04T17:00:59,45.95,434,35.163644,-106.341309,6798.165
2023-10-18T21:21:12,48.33,434,35.163644,-106.341309,6798.165
2023-11-06T23:09:40,47.89,434,35.163644,-106.341309,6798.165
2023-11-14T20:19:04,49.17,434,35.163644,-106.341309,6798.165
2023-12-07T17:39:00,49.76,434,35.163644,-106.341309,6798.165
2024-01-04T18:28:53,50.1,434,35.163644,-106.341309,6798.165
2024-02-01T20:03:18,50.39,434,35.163644,-106.341309,6798.165
2024-03-26T17:33:40,50.01,434,35.163644,-106.341309,6798.165
2024-05-06T16:00:00,50.53,434,35.163644,-106.341309,6798.165
2024-06-03T20:38:12,50.92,434,35.163644,-106.341309,6798.165
2024-07-02T15:30:00,51.81,434,35.163644,-106.341309,6798.165
2024-08-15T16:34:13,53.61,434,35.163644,-106.341309,6798.165
2024-09-17T17:52:04,53.22,434,35.163644,-106.341309,6798.165
2024-10-04T19:45:00,53.41,434,35.163644,-106.341309,6798.165
2024-11-05T21:32:00,54.18,434,35.163644,-106.341309,6798.165
2024-12-17T16:40:00,52.65,434,35.163644,-106.341309,6798.165
2025-01-13T19:53:35,53.05,434,35.163644,-106.341309,6798.165
2025-02-03T19:25:05,53.48,434,35.163644,-106.341309,6798.165
2025-03-05T00:37:33,53.32,434,35.163644,-106.341309,6798.165
2025-04-07T15:27:49,55.11,434,35.163644,-106.341309,6798.165
2025-05-02T19:42:00,55.34,434,35.163644,-106.341309,6798.165
2025-06-10T23:33:41,55.22,434,35.163644,-106.341309,6798.165
2025-07-14T19:30:00,55.73,434,35.163644,-106.341309,6798.165
2025-08-01T17:45:00,55.25,434,35.163644,-106.341309,6798.165
2025-09-11T14:03:00,55.09,434,35.163644,-106.341309,6798.165
2020-11-05T00:00:00,135.51,268.25,35.164151,-106.341245,6797.384
2020-08-01T00:00:00,133.38,268.25,35.164151,-106.341245,6797.384
2020-04-24T00:00:00,131.18,268.25,35.164151,-106.341245,6797.384
2019-11-15T00:00:00,130.62,268.25,35.164151,-106.341245,6797.384
2019-07-22T00:00:00,129.48,268.25,35.164151,-106.341245,6797.384
2019-04-22T00:00:00,128.45,268.25,35.164151,-106.341245,6797.384
2018-12-21T00:00:00,128.73,268.25,35.164151,-106.341245,6797.384
2018-10-05T00:00:00,128.31,268.25,35.164151,-106.341245,6797.384
2018-04-07T00:00:00,125.94,268.25,35.164151,-106.341245,6797.384
2018-01-12T00:00:00,125.8,268.25,35.164151,-106.341245,6797.384
2017-10-03T00:00:00,125.35,268.25,35.164151,-106.341245,6797.384
2017-06-21T00:00:00,124.64,268.25,35.164151,-106.341245,6797.384
2017-01-17T00:00:00,124.06,268.25,35.164151,-106.341245,6797.384
2016-06-29T00:00:00,122.15,268.25,35.164151,-106.341245,6797.384
2016-03-09T00:00:00,120.84,268.25,35.164151,-106.341245,6797.384
2015-12-02T00:00:00,117.96,268.25,35.164151,-106.341245,6797.384
2021-03-13T21:11:01,137.51,268.25,35.164151,-106.341245,6797.384
2021-10-30T21:35:43,140.73,268.25,35.164151,-106.341245,6797.384
2023-03-20T21:59:00,141.7,268.25,35.164151,-106.341245,6797.384
2023-08-04T16:47:17,142.23,268.25,35.164151,-106.341245,6797.384
2023-10-18T20:01:15,142.9,268.25,35.164151,-106.341245,6797.384
2023-11-06T22:38:24,142.95,268.25,35.164151,-106.341245,6797.384
2023-11-14T19:55:23,142.86,268.25,35.164151,-106.341245,6797.384
2023-12-07T19:50:01,142.81,268.25,35.164151,-106.341245,6797.384
2024-01-04T18:26:28,142.79,268.25,35.164151,-106.341245,6797.384
2024-02-01T19:50:52,142.48,268.25,35.164151,-106.341245,6797.384
2024-03-26T14:13:00,141.62,268.25,35.164151,-106.341245,6797.384
2024-05-06T15:56:00,141.71,268.25,35.164151,-106.341245,6797.384
2024-06-03T20:25:24,141.99,268.25,35.164151,-106.341245,6797.384
2024-07-02T15:26:00,142.3,268.25,35.164151,-106.341245,6797.384
2024-08-15T16:37:12,142.43,268.25,35.164151,-106.341245,6797.384
2024-09-17T14:50:00,142.59,268.25,35.164151,-106.341245,6797.384
2024-10-04T20:00:00,142.71,268.25,35.164151,-106.341245,6797.384
2024-11-05T21:29:53,142.84,268.25,35.164151,-106.341245,6797.384
2024-12-17T16:33:00,142.86,268.25,35.164151,-106.341245,6797.384
2025-01-13T19:51:25,142.73,268.25,35.164151,-106.341245,6797.384
2025-02-03T19:26:54,142.57,268.25,35.164151,-106.341245,6797.384
2025-03-05T00:28:01,142.49,268.25,35.164151,-106.341245,6797.384
2025-04-07T15:15:41,142.15,268.25,35.164151,-106.341245,6797.384
2025-05-02T19:30:00,141.98,268.25,35.164151,-106.341245,6797.384
2025-06-10T23:31:50,142.22,268.25,35.164151,-106.341245,6797.384
2025-07-14T19:20:00,142.57,268.25,35.164151,-106.341245,6797.384
2025-08-01T17:40:00,142.79,268.25,35.164151,-106.341245,6797.384
2025-09-11T14:10:00,143.43,268.25,35.164151,-106.341245,6797.384
2020-11-05T00:00:00,119.95,290,35.238448,-106.322921,6427.727
2020-07-31T00:00:00,119.6,290,35.238448,-106.322921,6427.727
2020-04-26T00:00:00,118.9,290,35.238448,-106.322921,6427.727
2019-10-30T00:00:00,118.95,290,35.238448,-106.322921,6427.727
2019-07-23T00:00:00,118.8,290,35.238448,-106.322921,6427.727
2019-04-23T00:00:00,118.5,290,35.238448,-106.322921,6427.727
2018-12-21T00:00:00,118.3,290,35.238448,-106.322921,6427.727
2018-09-21T00:00:00,118.4,290,35.238448,-106.322921,6427.727
2018-04-06T00:00:00,117.3,290,35.238448,-106.322921,6427.727
2017-10-07T00:00:00,117,290,35.238448,-106.322921,6427.727
2017-06-19T00:00:00,116.25,290,35.238448,-106.322921,6427.727
2017-01-30T00:00:00,115.75,290,35.238448,-106.322921,6427.727
2016-06-07T00:00:00,114.09,290,35.238448,-106.322921,6427.727
2016-03-08T00:00:00,113.43,290,35.238448,-106.322921,6427.727
2015-12-01T00:00:00,113,290,35.238448,-106.322921,6427.727
2015-09-01T00:00:00,112.3,290,35.238448,-106.322921,6427.727
2015-06-02T00:00:00,111.32,290,35.238448,-106.322921,6427.727
2015-03-03T00:00:00,110.32,290,35.238448,-106.322921,6427.727
2014-12-02T00:00:00,109.67,290,35.238448,-106.322921,6427.727
2014-09-02T00:00:00,108.54,290,35.238448,-106.322921,6427.727
2014-06-04T00:00:00,107.36,290,35.238448,-106.322921,6427.727
2014-03-05T00:00:00,106.78,290,35.238448,-106.322921,6427.727
2013-12-03T00:00:00,106.85,290,35.238448,-106.322921,6427.727
2013-09-09T00:00:00,106.2,290,35.238448,-106.322921,6427.727
2013-07-16T00:00:00,106.14,290,35.238448,-106.322921,6427.727
2013-03-11T00:00:00,105.82,290,35.238448,-106.322921,6427.727
2021-03-11T20:25:59,120.5,290,35.238448,-106.322921,6427.727
2021-10-27T19:17:32,123.2,290,35.238448,-106.322921,6427.727
2023-03-20T17:33:29,130.05,290,35.238448,-106.322921,6427.727
2024-03-14T14:42:25,131.05,290,35.238448,-106.322921,6427.727
2025-03-04T16:55:00,133.28,290,35.238448,-106.322921,6427.727
2020-11-05T00:00:00,239.8,383,35.232913,-106.34129,6569.164
2020-07-31T00:00:00,239,383,35.232913,-106.34129,6569.164
2020-04-26T00:00:00,238.7,383,35.232913,-106.34129,6569.164
2019-10-30T00:00:00,238,383,35.232913,-106.34129,6569.164
2019-07-23T00:00:00,238.2,383,35.232913,-106.34129,6569.164
2019-04-23T00:00:00,236.8,383,35.232913,-106.34129,6569.164
2018-12-21T00:00:00,237.1,383,35.232913,-106.34129,6569.164
2018-09-21T00:00:00,237.5,383,35.232913,-106.34129,6569.164
2018-04-06T00:00:00,235.5,383,35.232913,-106.34129,6569.164
2017-10-07T00:00:00,235,383,35.232913,-106.34129,6569.164
2017-06-19T00:00:00,234.58,383,35.232913,-106.34129,6569.164
2017-01-30T00:00:00,233.81,383,35.232913,-106.34129,6569.164
2016-06-07T00:00:00,232.88,383,35.232913,-106.34129,6569.164
2016-03-08T00:00:00,231.56,383,35.232913,-106.34129,6569.164
2015-12-01T00:00:00,231.43,383,35.232913,-106.34129,6569.164
2015-09-01T00:00:00,231.42,383,35.232913,-106.34129,6569.164
2015-06-02T00:00:00,230.4,383,35.232913,-106.34129,6569.164
2015-03-03T00:00:00,229.73,383,35.232913,-106.34129,6569.164
2014-12-02T00:00:00,229.76,383,35.232913,-106.34129,6569.164
2014-09-02T00:00:00,230.2,383,35.232913,-106.34129,6569.164
2014-06-04T00:00:00,229.68,383,35.232913,-106.34129,6569.164
2014-03-04T00:00:00,228.77,383,35.232913,-106.34129,6569.164
2013-12-03T00:00:00,228.6,383,35.232913,-106.34129,6569.164
2013-09-09T00:00:00,229,383,35.232913,-106.34129,6569.164
2013-07-16T00:00:00,229.2,383,35.232913,-106.34129,6569.164
2021-03-11T19:46:53,239.5,383,35.232913,-106.34129,6569.164
2021-10-27T18:49:45,239.7,383,35.232913,-106.34129,6569.164
2023-08-02T20:22:14,241,383,35.232913,-106.34129,6569.164
2024-03-14T15:52:08,241.45,383,35.232913,-106.34129,6569.164
2025-03-04T16:29:48,242.26,383,35.232913,-106.34129,6569.164
2020-11-05T00:00:00,324.6,440,35.232185,-106.362267,6756.369
2020-07-31T00:00:00,323.2,440,35.232185,-106.362267,6756.369
2020-04-26T00:00:00,319.6,440,35.232185,-106.362267,6756.369
2019-10-30T00:00:00,317.2,440,35.232185,-106.362267,6756.369
2019-07-23T00:00:00,316.6,440,35.232185,-106.362267,6756.369
2019-04-23T00:00:00,314.4,440,35.232185,-106.362267,6756.369
2018-12-21T00:00:00,313.7,440,35.232185,-106.362267,6756.369
2018-09-21T00:00:00,312.6,440,35.232185,-106.362267,6756.369
2018-04-06T00:00:00,310.4,440,35.232185,-106.362267,6756.369
2017-10-07T00:00:00,309,440,35.232185,-106.362267,6756.369
2017-06-19T00:00:00,310,440,35.232185,-106.362267,6756.369
2017-01-30T00:00:00,305.8,440,35.232185,-106.362267,6756.369
2016-03-02T00:00:00,301.6,440,35.232185,-106.362267,6756.369
2021-03-11T18:46:06,323.2,440,35.232185,-106.362267,6756.369
2021-10-27T17:53:05,326.5,440,35.232185,-106.362267,6756.369
2023-08-02T20:56:38,335.89,440,35.232185,-106.362267,6756.369
2024-03-14T16:57:59,348.1,440,35.232185,-106.362267,6756.369
2025-03-10T23:36:58,322,440,35.232185,-106.362267,6756.369
2020-11-05T00:00:00,147.8,240,35.2433056,-106.3300528,6453.209
2020-07-31T00:00:00,147.31,240,35.2433056,-106.3300528,6453.209
2020-04-26T00:00:00,145.73,240,35.2433056,-106.3300528,6453.209
2019-10-30T00:00:00,145.61,240,35.2433056,-106.3300528,6453.209
2019-07-23T00:00:00,145.74,240,35.2433056,-106.3300528,6453.209
2019-04-23T00:00:00,144.55,240,35.2433056,-106.3300528,6453.209
2018-12-21T00:00:00,144.48,240,35.2433056,-106.3300528,6453.209
2018-09-21T00:00:00,145.34,240,35.2433056,-106.3300528,6453.209
2018-04-06T00:00:00,144.8,240,35.2433056,-106.3300528,6453.209
2017-10-07T00:00:00,144,240,35.2433056,-106.3300528,6453.209
2017-02-03T00:00:00,141.73,240,35.2433056,-106.3300528,6453.209
2021-03-11T19:18:51,145.97,240,35.2433056,-106.3300528,6453.209
2021-10-27T18:26:07,150.11,240,35.2433056,-106.3300528,6453.209
2023-08-02T20:38:56,156.03,240,35.2433056,-106.3300528,6453.209
2024-03-14T16:18:32,156.3,240,35.2433056,-106.3300528,6453.209
2025-03-04T16:06:26,153.51,240,35.2433056,-106.3300528,6453.209
2020-11-05T00:00:00,250.5,374,35.241617,-106.360892,6705.768
2020-07-31T00:00:00,250.1,374,35.241617,-106.360892,6705.768
2020-04-26T00:00:00,249.9,374,35.241617,-106.360892,6705.768
2019-10-30T00:00:00,249.3,374,35.241617,-106.360892,6705.768
2019-07-23T00:00:00,250.1,374,35.241617,-106.360892,6705.768
2021-03-11T19:02:12,251.7,374,35.241617,-106.360892,6705.768
2021-10-27T18:11:22,254.2,374,35.241617,-106.360892,6705.768
2023-03-20T16:30:52,263.52,374,35.241617,-106.360892,6705.768
2024-03-14T16:36:18,238.58,374,35.241617,-106.360892,6705.768
2025-03-04T18:39:38,241.59,374,35.241617,-106.360892,6705.768
2025-02-07T18:50:00,183.23,240,35.237488,-106.353198,6646.306
2025-03-04T15:44:26,183.45,240,35.237488,-106.353198,6646.306
2020-11-08T00:00:00,237.79,500,35.055392,-106.294236,7192.409
2020-08-02T00:00:00,233.11,500,35.055392,-106.294236,7192.409
2020-05-02T00:00:00,232.11,500,35.055392,-106.294236,7192.409
2019-11-03T00:00:00,229.71,500,35.055392,-106.294236,7192.409
2019-07-25T00:00:00,227.47,500,35.055392,-106.294236,7192.409
2019-04-25T00:00:00,225.41,500,35.055392,-106.294236,7192.409
2019-01-05T00:00:00,224.41,500,35.055392,-106.294236,7192.409
2018-09-24T00:00:00,225.5,500,35.055392,-106.294236,7192.409
2018-04-08T00:00:00,219.19,500,35.055392,-106.294236,7192.409
2017-10-03T00:00:00,215.78,500,35.055392,-106.294236,7192.409
2017-06-26T00:00:00,214.27,500,35.055392,-106.294236,7192.409
2017-02-01T00:00:00,212.08,500,35.055392,-106.294236,7192.409
2016-06-15T00:00:00,213.38,500,35.055392,-106.294236,7192.409
2016-03-14T00:00:00,220.34,500,35.055392,-106.294236,7192.409
2015-12-07T00:00:00,221.5,500,35.055392,-106.294236,7192.409
2015-09-09T00:00:00,223.51,500,35.055392,-106.294236,7192.409
2015-06-08T00:00:00,221.62,500,35.055392,-106.294236,7192.409
2015-03-09T00:00:00,221.67,500,35.055392,-106.294236,7192.409
2014-12-01T00:00:00,223.35,500,35.055392,-106.294236,7192.409
2014-08-11T00:00:00,225.51,500,35.055392,-106.294236,7192.409
2014-04-21T00:00:00,231.59,500,35.055392,-106.294236,7192.409
2014-03-10T00:00:00,234.5,500,35.055392,-106.294236,7192.409
2013-11-13T00:00:00,239.72,500,35.055392,-106.294236,7192.409
2013-07-23T00:00:00,238.28,500,35.055392,-106.294236,7192.409
2013-05-14T00:00:00,241.91,500,35.055392,-106.294236,7192.409
2013-03-26T00:00:00,244.09,500,35.055392,-106.294236,7192.409
2012-11-14T00:00:00,246.7,500,35.055392,-106.294236,7192.409
2012-07-23T00:00:00,246.04,500,35.055392,-106.294236,7192.409
2012-05-07T00:00:00,246.9,500,35.055392,-106.294236,7192.409
2012-02-07T00:00:00,250.44,500,35.055392,-106.294236,7192.409
2021-03-14T14:45:01,240.26,500,35.055392,-106.294236,7192.409
2021-11-06T15:09:35,245.76,500,35.055392,-106.294236,7192.409
2023-03-21T20:36:19,257.82,500,35.055392,-106.294236,7192.409
2023-08-03T20:19:55,259.54,500,35.055392,-106.294236,7192.409
2023-12-07T21:26:05,257.3,500,35.055392,-106.294236,7192.409
2024-01-11T18:36:32,256.91,500,35.055392,-106.294236,7192.409
2024-02-01T21:16:22,256.8,500,35.055392,-106.294236,7192.409
2024-03-21T16:22:48,257.23,500,35.055392,-106.294236,7192.409
2024-04-08T21:20:06,257.6,500,35.055392,-106.294236,7192.409
2024-05-09T15:45:00,258.24,500,35.055392,-106.294236,7192.409
2024-06-03T21:37:50,258.83,500,35.055392,-106.294236,7192.409
2024-07-30T21:20:02,259.72,500,35.055392,-106.294236,7192.409
2024-08-14T21:09:05,260.35,500,35.055392,-106.294236,7192.409
2024-09-12T20:56:15,260.28,500,35.055392,-106.294236,7192.409
2024-10-09T19:45:47,260.44,500,35.055392,-106.294236,7192.409
2024-11-14T22:50:00,259.8,500,35.055392,-106.294236,7192.409
2024-12-10T22:53:25,259.51,500,35.055392,-106.294236,7192.409
2025-01-15T20:36:34,260.08,500,35.055392,-106.294236,7192.409
2025-02-06T16:16:50,260.42,500,35.055392,-106.294236,7192.409
2025-03-12T23:52:28,260.02,500,35.055392,-106.294236,7192.409
2025-04-09T18:02:40,260.96,500,35.055392,-106.294236,7192.409
2025-05-07T19:57:25,260.78,500,35.055392,-106.294236,7192.409
2025-06-17T20:32:49,260.71,500,35.055392,-106.294236,7192.409
2025-07-10T16:34:30,261.41,500,35.055392,-106.294236,7192.409
2025-08-06T21:07:00,261.3,500,35.055392,-106.294236,7192.409
2025-09-09T16:51:55,259.52,500,35.055392,-106.294236,7192.409
2025-01-10T16:52:42,80.17,218,35.02215,-106.723524,4990.755
2025-03-18T17:27:22,75.83,218,35.02215,-106.723524,4990.755
2025-06-04T20:41:00,75.69,218,35.02215,-106.723524,4990.755
2025-09-03T14:32:39,75.96,218,35.02215,-106.723524,4990.755
2020-11-05T00:00:00,235.58,340,35.12281,-106.353383,6971.757
2020-08-04T00:00:00,235.63,340,35.12281,-106.353383,6971.757
2020-04-24T00:00:00,236.04,340,35.12281,-106.353383,6971.757
2019-10-31T00:00:00,235.56,340,35.12281,-106.353383,6971.757
2019-07-21T00:00:00,235.86,340,35.12281,-106.353383,6971.757
2019-04-18T00:00:00,237.2,340,35.12281,-106.353383,6971.757
2018-12-21T00:00:00,235.91,340,35.12281,-106.353383,6971.757
2018-09-28T00:00:00,235.45,340,35.12281,-106.353383,6971.757
2018-04-04T00:00:00,235.67,340,35.12281,-106.353383,6971.757
2017-10-10T00:00:00,235.23,340,35.12281,-106.353383,6971.757
2017-06-16T00:00:00,235.61,340,35.12281,-106.353383,6971.757
2017-01-27T00:00:00,235.46,340,35.12281,-106.353383,6971.757
2016-06-01T00:00:00,235.61,340,35.12281,-106.353383,6971.757
2016-03-07T00:00:00,235.73,340,35.12281,-106.353383,6971.757
2015-12-07T00:00:00,235.62,340,35.12281,-106.353383,6971.757
2015-08-31T00:00:00,235.55,340,35.12281,-106.353383,6971.757
2015-06-02T00:00:00,236.12,340,35.12281,-106.353383,6971.757
2015-03-03T00:00:00,236.21,340,35.12281,-106.353383,6971.757
2014-11-06T00:00:00,235.93,340,35.12281,-106.353383,6971.757
2014-08-12T00:00:00,235.7,340,35.12281,-106.353383,6971.757
2014-06-04T00:00:00,236.4,340,35.12281,-106.353383,6971.757
2014-03-17T00:00:00,236.4,340,35.12281,-106.353383,6971.757
2013-10-01T00:00:00,235.73,340,35.12281,-106.353383,6971.757
2013-07-30T00:00:00,235.7,340,35.12281,-106.353383,6971.757
2013-05-06T00:00:00,235.95,340,35.12281,-106.353383,6971.757
2013-02-14T00:00:00,235.74,340,35.12281,-106.353383,6971.757
2012-11-14T00:00:00,235.26,340,35.12281,-106.353383,6971.757
2012-07-24T00:00:00,235.31,340,35.12281,-106.353383,6971.757
2012-05-10T00:00:00,235.61,340,35.12281,-106.353383,6971.757
2012-02-13T00:00:00,235.55,340,35.12281,-106.353383,6971.757
2021-03-06T22:54:08,236.06,340,35.12281,-106.353383,6971.757
2021-10-23T15:00:35,235.63,340,35.12281,-106.353383,6971.757
2023-08-02T17:56:30,235.04,340,35.12281,-106.353383,6971.757
2023-10-17T23:11:25,234.42,340,35.12281,-106.353383,6971.757
2023-11-06T23:42:15,234.48,340,35.12281,-106.353383,6971.757
2023-12-07T18:20:30,234.67,340,35.12281,-106.353383,6971.757
2024-02-01T18:01:04,234.8,340,35.12281,-106.353383,6971.757
2024-02-27T17:02:00,234.88,340,35.12281,-106.353383,6971.757
2024-03-22T17:42:30,234.92,340,35.12281,-106.353383,6971.757
2024-04-09T15:51:59,234.91,340,35.12281,-106.353383,6971.757
2024-05-06T15:31:00,234.91,340,35.12281,-106.353383,6971.757
2024-06-03T19:43:52,233.9,340,35.12281,-106.353383,6971.757
2024-07-15T17:20:00,234.69,340,35.12281,-106.353383,6971.757
2024-08-19T15:31:58,234.22,340,35.12281,-106.353383,6971.757
2024-09-17T14:43:00,234.22,340,35.12281,-106.353383,6971.757
2024-10-04T19:01:45,234.23,340,35.12281,-106.353383,6971.757
2024-11-13T15:43:00,234.23,340,35.12281,-106.353383,6971.757
2024-12-17T17:00:00,234.52,340,35.12281,-106.353383,6971.757
2025-01-13T21:35:05,234.68,340,35.12281,-106.353383,6971.757
2025-02-03T21:40:29,234.78,340,35.12281,-106.353383,6971.757
2025-03-20T19:30:50,234.82,340,35.12281,-106.353383,6971.757
2025-04-07T17:26:20,234.93,340,35.12281,-106.353383,6971.757
2025-05-05T19:24:56,234.81,340,35.12281,-106.353383,6971.757
2025-06-10T19:36:46,234.9,340,35.12281,-106.353383,6971.757
2025-07-11T17:39:45,234.77,340,35.12281,-106.353383,6971.757
2025-08-01T06:59:00,234.61,340,35.12281,-106.353383,6971.757
2021-10-23T14:42:58,133.7,320,35.117588,-106.351124,6784.638
2023-03-23T20:41:16,136.12,320,35.117588,-106.351124,6784.638
2024-03-05T17:30:02,131.19,320,35.117588,-106.351124,6784.638
2025-03-05T18:25:16,132.92,320,35.117588,-106.351124,6784.638
2020-11-05T00:00:00,173.3,245,35.170021,-106.351962,6934.809
2020-07-26T00:00:00,174.4,245,35.170021,-106.351962,6934.809
2020-04-26T00:00:00,171.9,245,35.170021,-106.351962,6934.809
2019-10-29T00:00:00,172.5,245,35.170021,-106.351962,6934.809
2019-07-23T00:00:00,172.7,245,35.170021,-106.351962,6934.809
2019-04-23T00:00:00,172.2,245,35.170021,-106.351962,6934.809
2018-12-20T00:00:00,172.2,245,35.170021,-106.351962,6934.809
2018-09-21T00:00:00,171.4,245,35.170021,-106.351962,6934.809
2018-04-06T00:00:00,170.8,245,35.170021,-106.351962,6934.809
2017-10-07T00:00:00,169.79,245,35.170021,-106.351962,6934.809
2017-06-15T00:00:00,169.13,245,35.170021,-106.351962,6934.809
2016-06-02T00:00:00,167.97,245,35.170021,-106.351962,6934.809
2015-12-01T00:00:00,167.49,245,35.170021,-106.351962,6934.809
2015-09-01T00:00:00,167.1,245,35.170021,-106.351962,6934.809
2015-06-02T00:00:00,166.66,245,35.170021,-106.351962,6934.809
2015-03-03T00:00:00,166.38,245,35.170021,-106.351962,6934.809
2014-12-02T00:00:00,166.39,245,35.170021,-106.351962,6934.809
2014-09-03T00:00:00,166.14,245,35.170021,-106.351962,6934.809
2014-06-03T00:00:00,165.48,245,35.170021,-106.351962,6934.809
2013-12-23T00:00:00,165.03,245,35.170021,-106.351962,6934.809
2013-09-09T00:00:00,165.2,245,35.170021,-106.351962,6934.809
2013-06-11T00:00:00,164.68,245,35.170021,-106.351962,6934.809
2021-03-09T21:15:43,172.9,245,35.170021,-106.351962,6934.809
2021-10-24T20:36:13,171.1,245,35.170021,-106.351962,6934.809
2023-08-04T18:45:42,173.07,245,35.170021,-106.351962,6934.809
2024-01-17T00:24:04,169.6,245,35.170021,-106.351962,6934.809
2024-02-07T17:55:59,169.46,245,35.170021,-106.351962,6934.809
2024-05-07T16:34:00,170.19,245,35.170021,-106.351962,6934.809
2024-06-10T22:24:22,169.51,245,35.170021,-106.351962,6934.809
2024-08-13T20:25:30,169.88,245,35.170021,-106.351962,6934.809
2024-09-10T20:57:31,170.95,245,35.170021,-106.351962,6934.809
2024-10-08T16:47:00,169.98,245,35.170021,-106.351962,6934.809
2024-12-12T19:52:51,169.75,245,35.170021,-106.351962,6934.809
2025-02-04T20:09:56,169.54,245,35.170021,-106.351962,6934.809
2025-05-07T17:04:02,169.62,245,35.170021,-106.351962,6934.809
2025-06-10T21:53:36,169.77,245,35.170021,-106.351962,6934.809
2025-09-11T15:29:22,170.69,245,35.170021,-106.351962,6934.809
2020-11-05T00:00:00,141.5,177,35.1700306,-106.350425,6901.716
2020-07-26T00:00:00,141.2,177,35.1700306,-106.350425,6901.716
2020-04-26T00:00:00,140.2,177,35.1700306,-106.350425,6901.716
2019-10-29T00:00:00,140.7,177,35.1700306,-106.350425,6901.716
2019-08-01T00:00:00,139.05,177,35.1700306,-106.350425,6901.716
2018-12-20T00:00:00,139.9,177,35.1700306,-106.350425,6901.716
2018-09-21T00:00:00,139.7,177,35.1700306,-106.350425,6901.716
2018-04-05T00:00:00,138.2,177,35.1700306,-106.350425,6901.716
2017-10-07T00:00:00,138.21,177,35.1700306,-106.350425,6901.716
2017-06-15T00:00:00,137.26,177,35.1700306,-106.350425,6901.716
2021-03-09T21:22:14,141.4,177,35.1700306,-106.350425,6901.716
2021-10-24T20:45:27,142.5,177,35.1700306,-106.350425,6901.716
2023-04-12T16:45:49,143.8,177,35.1700306,-106.350425,6901.716
2024-03-18T17:57:38,137.55,177,35.1700306,-106.350425,6901.716
2025-03-27T20:08:07,137.34,177,35.1700306,-106.350425,6901.716
2020-11-05T00:00:00,207.1,350,35.1698639,-106.3530167,6967.537
2020-08-04T00:00:00,206.7,350,35.1698639,-106.3530167,6967.537
2020-04-26T00:00:00,205.7,350,35.1698639,-106.3530167,6967.537
2019-10-29T00:00:00,206.1,350,35.1698639,-106.3530167,6967.537
2019-07-23T00:00:00,206,350,35.1698639,-106.3530167,6967.537
2018-12-20T00:00:00,205.2,350,35.1698639,-106.3530167,6967.537
2018-09-21T00:00:00,204.9,350,35.1698639,-106.3530167,6967.537
2018-04-05T00:00:00,203.6,350,35.1698639,-106.3530167,6967.537
2017-10-07T00:00:00,203.58,350,35.1698639,-106.3530167,6967.537
2017-06-29T00:00:00,203.03,350,35.1698639,-106.3530167,6967.537
2021-10-24T20:24:52,209.4,350,35.1698639,-106.3530167,6967.537
2023-08-04T18:38:22,206.91,350,35.1698639,-106.3530167,6967.537
2024-03-18T17:10:49,211.66,350,35.1698639,-106.3530167,6967.537
2025-03-27T19:26:07,203.23,350,35.1698639,-106.3530167,6967.537
2020-11-05T00:00:00,217.6,260,35.1702639,-106.3533417,6975.723
2020-08-04T00:00:00,217.2,260,35.1702639,-106.3533417,6975.723
2020-04-26T00:00:00,215.6,260,35.1702639,-106.3533417,6975.723
2019-10-29T00:00:00,214.5,260,35.1702639,-106.3533417,6975.723
2019-07-23T00:00:00,214.2,260,35.1702639,-106.3533417,6975.723
2019-04-23T00:00:00,210.3,260,35.1702639,-106.3533417,6975.723
2018-09-21T00:00:00,213.6,260,35.1702639,-106.3533417,6975.723
2018-04-05T00:00:00,212.1,260,35.1702639,-106.3533417,6975.723
2017-10-07T00:00:00,212.06,260,35.1702639,-106.3533417,6975.723
2021-03-09T20:57:07,218.1,260,35.1702639,-106.3533417,6975.723
2021-10-24T20:15:48,217.9,260,35.1702639,-106.3533417,6975.723
2024-03-18T16:59:01,202.85,260,35.1702639,-106.3533417,6975.723
2025-03-27T18:57:00,211.79,260,35.1702639,-106.3533417,6975.723
2020-11-07T00:00:00,114.8,300,35.1654222,-106.3217472,6647.585
2020-07-31T00:00:00,114.6,300,35.1654222,-106.3217472,6647.585
2020-04-28T00:00:00,111.6,300,35.1654222,-106.3217472,6647.585
2019-10-30T00:00:00,110.73,300,35.1654222,-106.3217472,6647.585
2019-07-24T00:00:00,108.9,300,35.1654222,-106.3217472,6647.585
2019-04-24T00:00:00,107.6,300,35.1654222,-106.3217472,6647.585
2018-09-21T00:00:00,106.7,300,35.1654222,-106.3217472,6647.585
2018-04-06T00:00:00,106.5,300,35.1654222,-106.3217472,6647.585
2017-10-07T00:00:00,105.9,300,35.1654222,-106.3217472,6647.585
2017-06-20T00:00:00,105.12,300,35.1654222,-106.3217472,6647.585
2021-03-11T22:28:53,114.4,300,35.1654222,-106.3217472,6647.585
2021-10-30T19:25:05,119,300,35.1654222,-106.3217472,6647.585
2023-03-30T17:18:47,120.03,300,35.1654222,-106.3217472,6647.585
2023-11-09T21:18:00,122.34,300,35.1654222,-106.3217472,6647.585
2023-12-13T00:14:00,122.07,300,35.1654222,-106.3217472,6647.585
2024-01-17T17:38:00,122.05,300,35.1654222,-106.3217472,6647.585
2024-02-07T19:34:41,121.82,300,35.1654222,-106.3217472,6647.585
2024-03-13T17:41:50,122.04,300,35.1654222,-106.3217472,6647.585
2024-04-10T20:36:33,122.29,300,35.1654222,-106.3217472,6647.585
2024-05-08T16:43:00,123.67,300,35.1654222,-106.3217472,6647.585
2024-06-12T15:26:08,124.48,300,35.1654222,-106.3217472,6647.585
2024-07-30T15:26:00,125.26,300,35.1654222,-106.3217472,6647.585
2024-10-08T21:49:00,126.72,300,35.1654222,-106.3217472,6647.585
2024-11-13T18:47:03,125.54,300,35.1654222,-106.3217472,6647.585
2024-12-12T21:20:00,125.28,300,35.1654222,-106.3217472,6647.585
2025-01-14T22:00:00,125.76,300,35.1654222,-106.3217472,6647.585
2025-02-03T18:08:05,126.38,300,35.1654222,-106.3217472,6647.585
2025-03-13T22:49:03,125.17,300,35.1654222,-106.3217472,6647.585
2025-04-08T19:43:43,125.15,300,35.1654222,-106.3217472,6647.585
2025-05-08T19:57:30,125.49,300,35.1654222,-106.3217472,6647.585
2025-06-11T21:28:22,126.06,300,35.1654222,-106.3217472,6647.585
2025-07-14T19:06:33,126.15,300,35.1654222,-106.3217472,6647.585
2025-08-06T17:12:00,127.56,300,35.1654222,-106.3217472,6647.585
2025-09-11T16:59:04,126.02,300,35.1654222,-106.3217472,6647.585
2020-11-07T00:00:00,154.9,200,35.1644722,-106.3219028,6654.699
2021-03-11T22:38:09,138.4,200,35.1644722,-106.3219028,6654.699
2021-10-30T19:20:42,172.8,200,35.1644722,-106.3219028,6654.699
2023-03-30T17:43:00,145.37,200,35.1644722,-106.3219028,6654.699
2024-03-13T17:12:24,146.64,200,35.1644722,-106.3219028,6654.699
2024-05-08T16:49:00,148.11,200,35.1644722,-106.3219028,6654.699
2025-03-13T16:06:54,148.67,200,35.1644722,-106.3219028,6654.699
2020-11-07T00:00:00,158.9,0,35.1641889,-106.3223333,6660.216
2021-03-11T22:39:54,142.9,0,35.1641889,-106.3223333,6660.216
2021-10-30T19:22:33,176.1,0,35.1641889,-106.3223333,6660.216
2023-03-30T17:45:36,155.11,0,35.1641889,-106.3223333,6660.216
2024-03-13T17:27:00,151,0,35.1641889,-106.3223333,6660.216
2024-05-08T16:50:00,152.31,0,35.1641889,-106.3223333,6660.216
2025-03-13T16:20:05,152.94,0,35.1641889,-106.3223333,6660.216
2021-03-11T22:53:02,129.9,449,35.168995,-106.317367,6602.132
2021-10-30T19:32:04,145.9,449,35.168995,-106.317367,6602.132
2023-03-30T17:08:56,152.69,449,35.168995,-106.317367,6602.132
2024-04-10T20:57:28,160.43,449,35.168995,-106.317367,6602.132
2025-03-13T23:29:55,166.84,449,35.168995,-106.317367,6602.132
2020-11-05T00:00:00,126.01,190,35.142096,-106.267695,6864.775
2020-08-01T00:00:00,125.68,190,35.142096,-106.267695,6864.775
2020-04-30T00:00:00,125.35,190,35.142096,-106.267695,6864.775
2019-11-02T00:00:00,125.84,190,35.142096,-106.267695,6864.775
2019-07-24T00:00:00,125.58,190,35.142096,-106.267695,6864.775
2019-04-23T00:00:00,125.31,190,35.142096,-106.267695,6864.775
2019-01-05T00:00:00,125.81,190,35.142096,-106.267695,6864.775
2018-09-23T00:00:00,123.58,190,35.142096,-106.267695,6864.775
2018-04-07T00:00:00,125.8,190,35.142096,-106.267695,6864.775
2017-10-03T00:00:00,125.29,190,35.142096,-106.267695,6864.775
2017-06-21T00:00:00,123.86,190,35.142096,-106.267695,6864.775
2017-01-30T00:00:00,123.1,190,35.142096,-106.267695,6864.775
2016-06-07T00:00:00,126.04,190,35.142096,-106.267695,6864.775
2016-03-07T00:00:00,126.04,190,35.142096,-106.267695,6864.775
2015-12-02T00:00:00,126.29,190,35.142096,-106.267695,6864.775
2015-09-02T00:00:00,126,190,35.142096,-106.267695,6864.775
2015-06-02T00:00:00,125.94,190,35.142096,-106.267695,6864.775
2015-03-11T00:00:00,126.22,190,35.142096,-106.267695,6864.775
2014-11-06T00:00:00,126.05,190,35.142096,-106.267695,6864.775
2014-08-18T00:00:00,126.05,190,35.142096,-106.267695,6864.775
2014-04-16T00:00:00,125.41,190,35.142096,-106.267695,6864.775
2014-03-10T00:00:00,125.42,190,35.142096,-106.267695,6864.775
2013-10-01T00:00:00,125.58,190,35.142096,-106.267695,6864.775
2013-07-23T00:00:00,125.79,190,35.142096,-106.267695,6864.775
2013-05-07T00:00:00,126.03,190,35.142096,-106.267695,6864.775
2013-02-11T00:00:00,126.39,190,35.142096,-106.267695,6864.775
2012-11-14T00:00:00,126.59,190,35.142096,-106.267695,6864.775
2012-07-23T00:00:00,126.32,190,35.142096,-106.267695,6864.775
2012-04-17T00:00:00,125.61,190,35.142096,-106.267695,6864.775
2012-02-01T00:00:00,126.37,190,35.142096,-106.267695,6864.775
2021-03-13T16:27:31,125.44,190,35.142096,-106.267695,6864.775
2021-10-30T15:50:27,121.66,190,35.142096,-106.267695,6864.775
2023-03-29T18:48:03,120.58,190,35.142096,-106.267695,6864.775
2023-08-08T16:34:33,127.69,190,35.142096,-106.267695,6864.775
2023-09-22T18:41:16,127.65,190,35.142096,-106.267695,6864.775
2023-11-07T15:48:27,126.92,190,35.142096,-106.267695,6864.775
2023-12-06T23:36:58,122.98,190,35.142096,-106.267695,6864.775
2024-01-04T17:09:41,124.05,190,35.142096,-106.267695,6864.775
2024-02-01T20:47:07,124.42,190,35.142096,-106.267695,6864.775
2024-03-22T19:47:39,124.75,190,35.142096,-106.267695,6864.775
2024-04-08T22:01:21,124.91,190,35.142096,-106.267695,6864.775
2024-05-06T15:52:00,125.25,190,35.142096,-106.267695,6864.775
2024-06-03T20:53:55,125.57,190,35.142096,-106.267695,6864.775
2024-07-25T17:04:00,125.93,190,35.142096,-106.267695,6864.775
2024-08-15T17:14:05,125.94,190,35.142096,-106.267695,6864.775
2024-09-17T19:12:41,126.02,190,35.142096,-106.267695,6864.775
2024-10-07T17:02:00,126.08,190,35.142096,-106.267695,6864.775
2024-11-20T20:50:05,126.16,190,35.142096,-106.267695,6864.775
2024-12-13T20:57:00,126.19,190,35.142096,-106.267695,6864.775
2025-01-13T18:59:43,126.31,190,35.142096,-106.267695,6864.775
2025-02-03T18:47:12,126.32,190,35.142096,-106.267695,6864.775
2025-03-17T20:57:22,126,190,35.142096,-106.267695,6864.775
2025-04-04T20:29:50,125.81,190,35.142096,-106.267695,6864.775
2025-05-02T18:45:00,125.68,190,35.142096,-106.267695,6864.775
2025-07-14T16:50:00,125.82,190,35.142096,-106.267695,6864.775
2025-08-01T17:19:00,125.89,190,35.142096,-106.267695,6864.775
2025-09-08T18:48:08,125.25,190,35.142096,-106.267695,6864.775
2020-11-10T00:00:00,348.1,380,35.106344,-106.329669,6885.881
2020-08-04T00:00:00,347.5,380,35.106344,-106.329669,6885.881
2020-05-03T00:00:00,340,380,35.106344,-106.329669,6885.881
2019-11-04T00:00:00,342.4,380,35.106344,-106.329669,6885.881
2019-07-31T00:00:00,345.6,380,35.106344,-106.329669,6885.881
2019-04-26T00:00:00,339.5,380,35.106344,-106.329669,6885.881
2019-01-17T00:00:00,337.9,380,35.106344,-106.329669,6885.881
2018-09-28T00:00:00,339.8,380,35.106344,-106.329669,6885.881
2018-04-09T00:00:00,338.2,380,35.106344,-106.329669,6885.881
2017-10-13T00:00:00,338.2,380,35.106344,-106.329669,6885.881
2017-06-23T00:00:00,339.2,380,35.106344,-106.329669,6885.881
2017-01-31T00:00:00,336,380,35.106344,-106.329669,6885.881
2016-06-14T00:00:00,333.2,380,35.106344,-106.329669,6885.881
2016-03-11T00:00:00,332.8,380,35.106344,-106.329669,6885.881
2015-09-08T00:00:00,332.8,380,35.106344,-106.329669,6885.881
2015-06-04T00:00:00,332.3,380,35.106344,-106.329669,6885.881
2015-03-12T00:00:00,332.6,380,35.106344,-106.329669,6885.881
2014-12-04T00:00:00,332.6,380,35.106344,-106.329669,6885.881
2014-09-04T00:00:00,332.2,380,35.106344,-106.329669,6885.881
2014-06-10T00:00:00,331.6,380,35.106344,-106.329669,6885.881
2014-03-11T00:00:00,331.1,380,35.106344,-106.329669,6885.881
2013-12-27T00:00:00,330.6,380,35.106344,-106.329669,6885.881
2013-09-03T00:00:00,330.8,380,35.106344,-106.329669,6885.881
2013-06-17T00:00:00,330.4,380,35.106344,-106.329669,6885.881
2013-03-14T00:00:00,333.6,380,35.106344,-106.329669,6885.881
2012-12-12T00:00:00,328.8,380,35.106344,-106.329669,6885.881
2012-09-07T00:00:00,327.6,380,35.106344,-106.329669,6885.881
2012-06-11T00:00:00,326.2,380,35.106344,-106.329669,6885.881
2012-03-07T00:00:00,324.9,380,35.106344,-106.329669,6885.881
2011-12-09T00:00:00,326.7,380,35.106344,-106.329669,6885.881
2021-03-21T15:04:25,347.1,380,35.106344,-106.329669,6885.881
2021-12-15T15:54:26,340.7,380,35.106344,-106.329669,6885.881
2023-03-22T18:13:25,345.84,380,35.106344,-106.329669,6885.881
2024-03-14T20:32:05,350,380,35.106344,-106.329669,6885.881
2025-03-25T16:11:41,351.15,380,35.106344,-106.329669,6885.881
2020-11-10T00:00:00,413.3,475,35.10446,-106.326408,6951.912
2020-08-04T00:00:00,455.6,475,35.10446,-106.326408,6951.912
2019-07-31T00:00:00,406.2,475,35.10446,-106.326408,6951.912
2019-01-17T00:00:00,398.2,475,35.10446,-106.326408,6951.912
2018-09-28T00:00:00,406,475,35.10446,-106.326408,6951.912
2017-06-23T00:00:00,404.8,475,35.10446,-106.326408,6951.912
2016-06-14T00:00:00,403.8,475,35.10446,-106.326408,6951.912
2015-09-08T00:00:00,398.6,475,35.10446,-106.326408,6951.912
2015-06-04T00:00:00,397.9,475,35.10446,-106.326408,6951.912
2014-12-04T00:00:00,399.6,475,35.10446,-106.326408,6951.912
2014-06-10T00:00:00,397.6,475,35.10446,-106.326408,6951.912
2014-03-11T00:00:00,397.4,475,35.10446,-106.326408,6951.912
2013-12-10T00:00:00,397.4,475,35.10446,-106.326408,6951.912
2013-09-03T00:00:00,396.7,475,35.10446,-106.326408,6951.912
2013-06-17T00:00:00,395.8,475,35.10446,-106.326408,6951.912
2013-03-14T00:00:00,395.2,475,35.10446,-106.326408,6951.912
2012-12-12T00:00:00,395.2,475,35.10446,-106.326408,6951.912
2012-09-08T00:00:00,393.4,475,35.10446,-106.326408,6951.912
2012-06-11T00:00:00,391.7,475,35.10446,-106.326408,6951.912
2012-03-07T00:00:00,393.2,475,35.10446,-106.326408,6951.912
2011-12-09T00:00:00,395.5,475,35.10446,-106.326408,6951.912
2021-03-21T15:53:24,412.1,475,35.10446,-106.326408,6951.912
2021-12-15T16:48:30,413.2,475,35.10446,-106.326408,6951.912
2023-08-08T21:45:57,417.89,475,35.10446,-106.326408,6951.912
2025-08-11T17:48:40,416.52,475,35.10446,-106.326408,6951.912
2020-11-10T00:00:00,408.5,600,35.105787,-106.322504,6934.576
2020-08-04T00:00:00,404.5,600,35.105787,-106.322504,6934.576
2020-05-03T00:00:00,428.4,600,35.105787,-106.322504,6934.576
2019-11-04T00:00:00,391.9,600,35.105787,-106.322504,6934.576
2019-07-31T00:00:00,390.6,600,35.105787,-106.322504,6934.576
2019-04-26T00:00:00,388.6,600,35.105787,-106.322504,6934.576
2019-01-17T00:00:00,396,600,35.105787,-106.322504,6934.576
2019-01-17T00:00:00,396,600,35.105787,-106.322504,6934.576
2018-09-28T00:00:00,396.8,600,35.105787,-106.322504,6934.576
2018-04-09T00:00:00,392.8,600,35.105787,-106.322504,6934.576
2017-10-13T00:00:00,393.8,600,35.105787,-106.322504,6934.576
2017-06-23T00:00:00,436.6,600,35.105787,-106.322504,6934.576
2017-01-31T00:00:00,396.6,600,35.105787,-106.322504,6934.576
2016-06-14T00:00:00,390,600,35.105787,-106.322504,6934.576
2016-03-11T00:00:00,399,600,35.105787,-106.322504,6934.576
2015-09-08T00:00:00,389,600,35.105787,-106.322504,6934.576
2015-06-04T00:00:00,433.8,600,35.105787,-106.322504,6934.576
2015-03-12T00:00:00,397.8,600,35.105787,-106.322504,6934.576
2014-12-04T00:00:00,397.7,600,35.105787,-106.322504,6934.576
2014-09-04T00:00:00,411.1,600,35.105787,-106.322504,6934.576
2014-06-10T00:00:00,436,600,35.105787,-106.322504,6934.576
2014-03-11T00:00:00,385.4,600,35.105787,-106.322504,6934.576
2013-12-27T00:00:00,383.2,600,35.105787,-106.322504,6934.576
2013-09-03T00:00:00,401.4,600,35.105787,-106.322504,6934.576
2013-06-17T00:00:00,410.6,600,35.105787,-106.322504,6934.576
2013-03-14T00:00:00,377.4,600,35.105787,-106.322504,6934.576
2012-12-12T00:00:00,391.4,600,35.105787,-106.322504,6934.576
2012-06-11T00:00:00,393.9,600,35.105787,-106.322504,6934.576
2012-03-07T00:00:00,383.2,600,35.105787,-106.322504,6934.576
2011-12-09T00:00:00,383.1,600,35.105787,-106.322504,6934.576
2021-03-21T15:29:35,405.5,600,35.105787,-106.322504,6934.576
2021-12-15T16:19:06,411.7,600,35.105787,-106.322504,6934.576
2023-03-22T19:35:52,419.04,600,35.105787,-106.322504,6934.576
2024-03-14T14:48:27,404,600,35.105787,-106.322504,6934.576
2025-03-25T20:11:00,417,600,35.105787,-106.322504,6934.576
2020-11-10T00:00:00,448.1,475,35.103649,-106.3255,6989.446
2020-08-04T00:00:00,447.3,475,35.103649,-106.3255,6989.446
2020-05-03T00:00:00,442.4,475,35.103649,-106.3255,6989.446
2019-11-04T00:00:00,441.2,475,35.103649,-106.3255,6989.446
2019-07-31T00:00:00,441.6,475,35.103649,-106.3255,6989.446
2019-04-26T00:00:00,440.9,475,35.103649,-106.3255,6989.446
2019-01-17T00:00:00,444.6,475,35.103649,-106.3255,6989.446
2018-09-28T00:00:00,440,475,35.103649,-106.3255,6989.446
2018-04-09T00:00:00,438.8,475,35.103649,-106.3255,6989.446
2017-10-13T00:00:00,438.8,475,35.103649,-106.3255,6989.446
2017-06-23T00:00:00,440.5,475,35.103649,-106.3255,6989.446
2017-01-31T00:00:00,437,475,35.103649,-106.3255,6989.446
2016-06-14T00:00:00,434,475,35.103649,-106.3255,6989.446
2016-03-11T00:00:00,433.4,475,35.103649,-106.3255,6989.446
2015-09-08T00:00:00,433.4,475,35.103649,-106.3255,6989.446
2015-06-04T00:00:00,432.8,475,35.103649,-106.3255,6989.446
2015-03-12T00:00:00,433.1,475,35.103649,-106.3255,6989.446
2014-12-04T00:00:00,433.2,475,35.103649,-106.3255,6989.446
2014-09-04T00:00:00,432.1,475,35.103649,-106.3255,6989.446
2014-06-10T00:00:00,431.8,475,35.103649,-106.3255,6989.446
2014-03-11T00:00:00,431.5,475,35.103649,-106.3255,6989.446
2013-12-10T00:00:00,430.8,475,35.103649,-106.3255,6989.446
2013-09-03T00:00:00,431.4,475,35.103649,-106.3255,6989.446
2013-06-17T00:00:00,430.5,475,35.103649,-106.3255,6989.446
2013-03-14T00:00:00,429.2,475,35.103649,-106.3255,6989.446
2012-12-12T00:00:00,428.6,475,35.103649,-106.3255,6989.446
2012-09-07T00:00:00,427.8,475,35.103649,-106.3255,6989.446
2012-06-11T00:00:00,425.8,475,35.103649,-106.3255,6989.446
2021-03-21T15:49:13,446.5,475,35.103649,-106.3255,6989.446
2021-12-15T16:44:16,448,475,35.103649,-106.3255,6989.446
2023-03-22T20:36:05,455.73,475,35.103649,-106.3255,6989.446
2024-03-14T21:42:00,451.7,475,35.103649,-106.3255,6989.446
2025-03-25T19:34:24,450.37,475,35.103649,-106.3255,6989.446
2020-11-10T00:00:00,501.8,650,35.103047,-106.324287,7015.343
2020-08-04T00:00:00,524.1,650,35.103047,-106.324287,7015.343
2020-05-03T00:00:00,511.2,650,35.103047,-106.324287,7015.343
2019-11-04T00:00:00,518.3,650,35.103047,-106.324287,7015.343
2019-07-31T00:00:00,490.6,650,35.103047,-106.324287,7015.343
2019-04-26T00:00:00,474,650,35.103047,-106.324287,7015.343
2019-01-17T00:00:00,471.8,650,35.103047,-106.324287,7015.343
2018-09-28T00:00:00,519.8,650,35.103047,-106.324287,7015.343
2018-04-09T00:00:00,486.4,650,35.103047,-106.324287,7015.343
2017-10-13T00:00:00,477,650,35.103047,-106.324287,7015.343
2017-06-23T00:00:00,523,650,35.103047,-106.324287,7015.343
2017-01-31T00:00:00,491.2,650,35.103047,-106.324287,7015.343
2016-06-14T00:00:00,477.8,650,35.103047,-106.324287,7015.343
2016-03-11T00:00:00,479.2,650,35.103047,-106.324287,7015.343
2015-06-04T00:00:00,503.2,650,35.103047,-106.324287,7015.343
2015-03-12T00:00:00,466.4,650,35.103047,-106.324287,7015.343
2014-12-04T00:00:00,473,650,35.103047,-106.324287,7015.343
2014-09-04T00:00:00,478.6,650,35.103047,-106.324287,7015.343
2014-06-10T00:00:00,486.2,650,35.103047,-106.324287,7015.343
2013-12-27T00:00:00,465.2,650,35.103047,-106.324287,7015.343
2013-09-03T00:00:00,464.6,650,35.103047,-106.324287,7015.343
2012-09-07T00:00:00,527.6,650,35.103047,-106.324287,7015.343
2021-03-21T15:40:43,521.6,650,35.103047,-106.324287,7015.343
2021-12-15T16:37:25,514.1,650,35.103047,-106.324287,7015.343
2023-08-08T21:58:26,492.5,650,35.103047,-106.324287,7015.343
2023-11-08T20:18:19,509.7,650,35.103047,-106.324287,7015.343
2023-12-13T19:05:51,477.2,650,35.103047,-106.324287,7015.343
2024-01-11T20:47:18,524.62,650,35.103047,-106.324287,7015.343
2024-02-08T18:59:23,512.41,650,35.103047,-106.324287,7015.343
2024-03-14T15:03:47,493,650,35.103047,-106.324287,7015.343
2024-04-09T19:43:51,486.21,650,35.103047,-106.324287,7015.343
2024-05-09T17:31:00,488.09,650,35.103047,-106.324287,7015.343
2024-06-13T20:15:05,524.7,650,35.103047,-106.324287,7015.343
2024-07-24T18:29:19,510.65,650,35.103047,-106.324287,7015.343
2024-08-15T19:32:00,489.18,650,35.103047,-106.324287,7015.343
2024-09-11T20:20:41,488.08,650,35.103047,-106.324287,7015.343
2024-12-19T22:08:00,517.5,650,35.103047,-106.324287,7015.343
2025-01-15T21:25:00,487.53,650,35.103047,-106.324287,7015.343
2025-02-12T20:38:59,492.4,650,35.103047,-106.324287,7015.343
2025-03-19T17:07:52,493.3,650,35.103047,-106.324287,7015.343
2025-04-09T18:42:03,487.1,650,35.103047,-106.324287,7015.343
2025-05-07T19:20:49,518.2,650,35.103047,-106.324287,7015.343
2025-06-17T15:34:53,511.41,650,35.103047,-106.324287,7015.343
2025-07-10T15:35:39,517.37,650,35.103047,-106.324287,7015.343
2025-08-06T22:14:00,509.5,650,35.103047,-106.324287,7015.343
2025-09-09T18:17:36,518.82,650,35.103047,-106.324287,7015.343
2020-11-10T00:00:00,331.1,440,35.099356,-106.327908,6807.115
2020-08-04T00:00:00,317.2,440,35.099356,-106.327908,6807.115
2020-05-03T00:00:00,353.1,440,35.099356,-106.327908,6807.115
2019-11-04T00:00:00,323.5,440,35.099356,-106.327908,6807.115
2019-07-31T00:00:00,325.2,440,35.099356,-106.327908,6807.115
2019-04-26T00:00:00,315.8,440,35.099356,-106.327908,6807.115
2019-01-17T00:00:00,319.4,440,35.099356,-106.327908,6807.115
2018-09-28T00:00:00,320.7,440,35.099356,-106.327908,6807.115
2018-04-09T00:00:00,327.2,440,35.099356,-106.327908,6807.115
2017-10-13T00:00:00,321.1,440,35.099356,-106.327908,6807.115
2017-06-23T00:00:00,330.6,440,35.099356,-106.327908,6807.115
2017-01-31T00:00:00,328,440,35.099356,-106.327908,6807.115
2016-06-14T00:00:00,324.6,440,35.099356,-106.327908,6807.115
2016-03-11T00:00:00,316.1,440,35.099356,-106.327908,6807.115
2015-09-08T00:00:00,323.3,440,35.099356,-106.327908,6807.115
2015-06-04T00:00:00,317.9,440,35.099356,-106.327908,6807.115
2015-03-12T00:00:00,316,440,35.099356,-106.327908,6807.115
2014-12-04T00:00:00,311.4,440,35.099356,-106.327908,6807.115
2014-09-04T00:00:00,311.6,440,35.099356,-106.327908,6807.115
2014-06-10T00:00:00,314.6,440,35.099356,-106.327908,6807.115
2014-03-11T00:00:00,317.4,440,35.099356,-106.327908,6807.115
2013-12-27T00:00:00,303.2,440,35.099356,-106.327908,6807.115
2013-09-03T00:00:00,306.9,440,35.099356,-106.327908,6807.115
2013-06-17T00:00:00,313.4,440,35.099356,-106.327908,6807.115
2013-03-14T00:00:00,311.2,440,35.099356,-106.327908,6807.115
2012-09-07T00:00:00,336.1,440,35.099356,-106.327908,6807.115
2021-03-21T16:06:52,316.9,440,35.099356,-106.327908,6807.115
2021-12-15T17:01:56,339.5,440,35.099356,-106.327908,6807.115
2023-03-22T15:47:40,330.91,440,35.099356,-106.327908,6807.115
2024-03-14T18:25:54,322.4,440,35.099356,-106.327908,6807.115
2020-11-10T00:00:00,310.8,396,35.107828,-106.327495,6855.196
2020-08-04T00:00:00,309.3,396,35.107828,-106.327495,6855.196
2020-05-03T00:00:00,305.3,396,35.107828,-106.327495,6855.196
2019-11-04T00:00:00,304.2,396,35.107828,-106.327495,6855.196
2019-07-31T00:00:00,316.6,396,35.107828,-106.327495,6855.196
2019-04-26T00:00:00,304.4,396,35.107828,-106.327495,6855.196
2019-01-17T00:00:00,301,396,35.107828,-106.327495,6855.196
2018-09-28T00:00:00,302.8,396,35.107828,-106.327495,6855.196
2018-04-09T00:00:00,300.8,396,35.107828,-106.327495,6855.196
2017-10-13T00:00:00,301.3,396,35.107828,-106.327495,6855.196
2017-06-23T00:00:00,302.2,396,35.107828,-106.327495,6855.196
2017-01-31T00:00:00,299.2,396,35.107828,-106.327495,6855.196
2016-06-14T00:00:00,298.1,396,35.107828,-106.327495,6855.196
2016-03-11T00:00:00,298.1,396,35.107828,-106.327495,6855.196
2015-09-08T00:00:00,297.4,396,35.107828,-106.327495,6855.196
2015-06-04T00:00:00,296.9,396,35.107828,-106.327495,6855.196
2015-03-12T00:00:00,296.9,396,35.107828,-106.327495,6855.196
2014-12-04T00:00:00,296.9,396,35.107828,-106.327495,6855.196
2014-06-10T00:00:00,295.4,396,35.107828,-106.327495,6855.196
2014-03-11T00:00:00,295.2,396,35.107828,-106.327495,6855.196
2013-12-10T00:00:00,294.4,396,35.107828,-106.327495,6855.196
2013-09-03T00:00:00,294.6,396,35.107828,-106.327495,6855.196
2013-06-17T00:00:00,294.4,396,35.107828,-106.327495,6855.196
2013-03-14T00:00:00,292.4,396,35.107828,-106.327495,6855.196
2012-12-12T00:00:00,291.8,396,35.107828,-106.327495,6855.196
2021-03-21T14:47:17,308.9,396,35.107828,-106.327495,6855.196
2021-12-15T15:37:29,311.3,396,35.107828,-106.327495,6855.196
2023-03-22T18:58:11,319.05,396,35.107828,-106.327495,6855.196
2024-03-14T22:04:23,313.71,396,35.107828,-106.327495,6855.196
2025-03-25T20:50:44,317.03,396,35.107828,-106.327495,6855.196
2020-11-10T00:00:00,288.6,400,35.109529,-106.327542,6828.786
2020-08-04T00:00:00,287.8,400,35.109529,-106.327542,6828.786
2020-05-03T00:00:00,300,400,35.109529,-106.327542,6828.786
2019-11-04T00:00:00,288.5,400,35.109529,-106.327542,6828.786
2019-07-31T00:00:00,306.3,400,35.109529,-106.327542,6828.786
2019-04-26T00:00:00,285.4,400,35.109529,-106.327542,6828.786
2019-01-17T00:00:00,285,400,35.109529,-106.327542,6828.786
2018-09-28T00:00:00,282.7,400,35.109529,-106.327542,6828.786
2018-04-09T00:00:00,280.4,400,35.109529,-106.327542,6828.786
2017-10-13T00:00:00,280.4,400,35.109529,-106.327542,6828.786
2017-06-23T00:00:00,280.44,400,35.109529,-106.327542,6828.786
2017-01-31T00:00:00,279.09,400,35.109529,-106.327542,6828.786
2016-06-14T00:00:00,277.83,400,35.109529,-106.327542,6828.786
2016-03-11T00:00:00,277.07,400,35.109529,-106.327542,6828.786
2015-03-12T00:00:00,274.13,400,35.109529,-106.327542,6828.786
2014-12-04T00:00:00,276.99,400,35.109529,-106.327542,6828.786
2014-09-04T00:00:00,276.92,400,35.109529,-106.327542,6828.786
2014-03-11T00:00:00,275.63,400,35.109529,-106.327542,6828.786
2013-09-03T00:00:00,280.52,400,35.109529,-106.327542,6828.786
2013-06-17T00:00:00,275.73,400,35.109529,-106.327542,6828.786
2013-03-14T00:00:00,273.25,400,35.109529,-106.327542,6828.786
2012-12-12T00:00:00,272.69,400,35.109529,-106.327542,6828.786
2021-03-21T14:41:54,290.7,400,35.109529,-106.327542,6828.786
2021-12-15T15:32:11,290.1,400,35.109529,-106.327542,6828.786
2023-03-22T18:41:10,295.46,400,35.109529,-106.327542,6828.786
2023-11-08T19:55:54,292.9,400,35.109529,-106.327542,6828.786
2023-12-13T18:46:39,292.99,400,35.109529,-106.327542,6828.786
2024-01-11T20:20:45,294,400,35.109529,-106.327542,6828.786
2024-02-08T18:36:02,293.26,400,35.109529,-106.327542,6828.786
2024-03-14T14:06:00,298.72,400,35.109529,-106.327542,6828.786
2024-04-09T19:23:06,293.19,400,35.109529,-106.327542,6828.786
2024-05-09T17:30:00,293.34,400,35.109529,-106.327542,6828.786
2024-06-13T19:23:42,293.44,400,35.109529,-106.327542,6828.786
2024-07-24T18:12:58,292.32,400,35.109529,-106.327542,6828.786
2024-08-15T17:59:52,293.78,400,35.109529,-106.327542,6828.786
2024-09-11T19:57:27,293.93,400,35.109529,-106.327542,6828.786
2024-10-09T18:52:38,294.14,400,35.109529,-106.327542,6828.786
2024-11-18T18:38:02,294.38,400,35.109529,-106.327542,6828.786
2024-12-11T18:00:14,294.3,400,35.109529,-106.327542,6828.786
2025-01-15T21:09:25,294.28,400,35.109529,-106.327542,6828.786
2025-02-07T20:00:54,294.29,400,35.109529,-106.327542,6828.786
2025-03-19T16:46:04,294.33,400,35.109529,-106.327542,6828.786
2025-04-09T18:23:57,294.14,400,35.109529,-106.327542,6828.786
2025-05-07T19:22:18,295.6,400,35.109529,-106.327542,6828.786
2025-06-17T15:18:12,294.24,400,35.109529,-106.327542,6828.786
2025-07-10T15:22:32,294.39,400,35.109529,-106.327542,6828.786
2025-08-06T21:45:00,294.51,400,35.109529,-106.327542,6828.786
2020-11-10T00:00:00,421.6,450,35.104474,-106.322757,6966.427
2020-08-04T00:00:00,421,450,35.104474,-106.322757,6966.427
2019-01-17T00:00:00,417.8,450,35.104474,-106.322757,6966.427
2018-09-28T00:00:00,418.3,450,35.104474,-106.322757,6966.427
2018-04-09T00:00:00,416.2,450,35.104474,-106.322757,6966.427
2017-10-13T00:00:00,416.8,450,35.104474,-106.322757,6966.427
2017-06-23T00:00:00,417.2,450,35.104474,-106.322757,6966.427
2017-01-31T00:00:00,415,450,35.104474,-106.322757,6966.427
2016-06-14T00:00:00,411.2,450,35.104474,-106.322757,6966.427
2016-03-11T00:00:00,411.4,450,35.104474,-106.322757,6966.427
2015-09-08T00:00:00,410.1,450,35.104474,-106.322757,6966.427
2015-06-04T00:00:00,410.4,450,35.104474,-106.322757,6966.427
2015-03-12T00:00:00,411.2,450,35.104474,-106.322757,6966.427
2014-12-04T00:00:00,411.3,450,35.104474,-106.322757,6966.427
2014-06-10T00:00:00,410,450,35.104474,-106.322757,6966.427
2014-03-11T00:00:00,409.9,450,35.104474,-106.322757,6966.427
2013-12-10T00:00:00,409.4,450,35.104474,-106.322757,6966.427
2013-09-03T00:00:00,409,450,35.104474,-106.322757,6966.427
2013-06-17T00:00:00,407.8,450,35.104474,-106.322757,6966.427
2013-03-14T00:00:00,407,450,35.104474,-106.322757,6966.427
2012-12-12T00:00:00,407.1,450,35.104474,-106.322757,6966.427
2021-03-21T15:34:34,419.4,450,35.104474,-106.322757,6966.427
2021-12-15T16:23:55,418.9,450,35.104474,-106.322757,6966.427
2023-03-22T20:15:16,379.17,450,35.104474,-106.322757,6966.427
2025-03-25T19:49:00,371.7,450,35.104474,-106.322757,6966.427
2020-11-10T00:00:00,316,430,35.102984,-106.333259,6854.455
2020-08-04T00:00:00,321.9,430,35.102984,-106.333259,6854.455
2020-05-03T00:00:00,310.1,430,35.102984,-106.333259,6854.455
2019-11-04T00:00:00,312.8,430,35.102984,-106.333259,6854.455
2019-07-31T00:00:00,311.9,430,35.102984,-106.333259,6854.455
2019-04-26T00:00:00,313.2,430,35.102984,-106.333259,6854.455
2019-01-17T00:00:00,306.7,430,35.102984,-106.333259,6854.455
2018-09-28T00:00:00,309.9,430,35.102984,-106.333259,6854.455
2018-04-09T00:00:00,307.1,430,35.102984,-106.333259,6854.455
2017-10-13T00:00:00,308.4,430,35.102984,-106.333259,6854.455
2017-06-23T00:00:00,325.4,430,35.102984,-106.333259,6854.455
2017-01-31T00:00:00,310.1,430,35.102984,-106.333259,6854.455
2016-06-14T00:00:00,304.2,430,35.102984,-106.333259,6854.455
2016-03-11T00:00:00,302.7,430,35.102984,-106.333259,6854.455
2016-03-11T00:00:00,302.7,430,35.102984,-106.333259,6854.455
2015-09-08T00:00:00,303.4,430,35.102984,-106.333259,6854.455
2015-06-04T00:00:00,301.8,430,35.102984,-106.333259,6854.455
2015-03-12T00:00:00,300.7,430,35.102984,-106.333259,6854.455
2014-12-04T00:00:00,301.2,430,35.102984,-106.333259,6854.455
2014-09-04T00:00:00,301.6,430,35.102984,-106.333259,6854.455
2014-06-10T00:00:00,301.2,430,35.102984,-106.333259,6854.455
2013-12-27T00:00:00,298.4,430,35.102984,-106.333259,6854.455
2013-06-17T00:00:00,300.4,430,35.102984,-106.333259,6854.455
2013-03-14T00:00:00,300,430,35.102984,-106.333259,6854.455
2012-12-12T00:00:00,297.8,430,35.102984,-106.333259,6854.455
2021-03-21T16:50:22,314,430,35.102984,-106.333259,6854.455
2021-12-15T17:43:56,315.7,430,35.102984,-106.333259,6854.455
2023-03-22T16:19:16,322.38,430,35.102984,-106.333259,6854.455
2024-03-14T17:28:30,320.13,430,35.102984,-106.333259,6854.455
2025-03-25T18:11:03,323.97,430,35.102984,-106.333259,6854.455
2020-11-10T00:00:00,339.5,400,35.106561,-106.32968,6878.755
2020-08-04T00:00:00,338.2,400,35.106561,-106.32968,6878.755
2020-05-03T00:00:00,335.4,400,35.106561,-106.32968,6878.755
2019-11-04T00:00:00,333.8,400,35.106561,-106.32968,6878.755
2019-07-31T00:00:00,336.6,400,35.106561,-106.32968,6878.755
2019-04-26T00:00:00,332.8,400,35.106561,-106.32968,6878.755
2019-01-17T00:00:00,330.8,400,35.106561,-106.32968,6878.755
2018-09-28T00:00:00,333,400,35.106561,-106.32968,6878.755
2018-04-09T00:00:00,329.6,400,35.106561,-106.32968,6878.755
2017-10-13T00:00:00,329.6,400,35.106561,-106.32968,6878.755
2017-06-23T00:00:00,335.1,400,35.106561,-106.32968,6878.755
2017-01-31T00:00:00,328.8,400,35.106561,-106.32968,6878.755
2016-06-14T00:00:00,325.6,400,35.106561,-106.32968,6878.755
2016-03-11T00:00:00,325.3,400,35.106561,-106.32968,6878.755
2015-09-08T00:00:00,324.8,400,35.106561,-106.32968,6878.755
2015-06-04T00:00:00,324.6,400,35.106561,-106.32968,6878.755
2015-03-12T00:00:00,325,400,35.106561,-106.32968,6878.755
2014-12-04T00:00:00,325,400,35.106561,-106.32968,6878.755
2014-09-04T00:00:00,324.8,400,35.106561,-106.32968,6878.755
2014-06-10T00:00:00,324,400,35.106561,-106.32968,6878.755
2014-03-11T00:00:00,323.4,400,35.106561,-106.32968,6878.755
2013-12-10T00:00:00,323.4,400,35.106561,-106.32968,6878.755
2013-09-03T00:00:00,323.2,400,35.106561,-106.32968,6878.755
2013-06-17T00:00:00,322.9,400,35.106561,-106.32968,6878.755
2013-03-14T00:00:00,322,400,35.106561,-106.32968,6878.755
2021-03-21T15:04:47,338.4,400,35.106561,-106.32968,6878.755
2021-12-15T15:55:05,339.7,400,35.106561,-106.32968,6878.755
2023-03-22T18:06:40,335.82,400,35.106561,-106.32968,6878.755
2024-03-14T21:34:31,341.95,400,35.106561,-106.32968,6878.755
2025-03-25T16:32:58,343.9,400,35.106561,-106.32968,6878.755
2020-11-10T00:00:00,354.1,405,35.105768,-106.327854,6895.029
2020-08-04T00:00:00,353.1,405,35.105768,-106.327854,6895.029
2020-05-03T00:00:00,349.4,405,35.105768,-106.327854,6895.029
2019-11-04T00:00:00,348.4,405,35.105768,-106.327854,6895.029
2019-07-31T00:00:00,348.2,405,35.105768,-106.327854,6895.029
2019-04-26T00:00:00,346.8,405,35.105768,-106.327854,6895.029
2019-01-17T00:00:00,345,405,35.105768,-106.327854,6895.029
2018-09-28T00:00:00,347.1,405,35.105768,-106.327854,6895.029
2018-04-09T00:00:00,345.4,405,35.105768,-106.327854,6895.029
2017-10-13T00:00:00,345.4,405,35.105768,-106.327854,6895.029
2017-06-23T00:00:00,346.2,405,35.105768,-106.327854,6895.029
2017-01-31T00:00:00,343.5,405,35.105768,-106.327854,6895.029
2016-06-14T00:00:00,341.8,405,35.105768,-106.327854,6895.029
2016-03-11T00:00:00,341.4,405,35.105768,-106.327854,6895.029
2015-09-08T00:00:00,341.3,405,35.105768,-106.327854,6895.029
2015-03-12T00:00:00,341,405,35.105768,-106.327854,6895.029
2021-03-21T15:09:04,353,405,35.105768,-106.327854,6895.029
2021-12-15T15:59:12,354.7,405,35.105768,-106.327854,6895.029
2023-03-22T18:22:24,361.39,405,35.105768,-106.327854,6895.029
2024-03-14T16:39:11,358.4,405,35.105768,-106.327854,6895.029
2025-03-25T14:54:52,359.19,405,35.105768,-106.327854,6895.029
2020-11-10T00:00:00,227.8,375,35.102084,-106.328618,6773.905
2020-08-04T00:00:00,226.7,375,35.102084,-106.328618,6773.905
2020-05-03T00:00:00,226.4,375,35.102084,-106.328618,6773.905
2019-11-04T00:00:00,225.1,375,35.102084,-106.328618,6773.905
2019-07-31T00:00:00,248.9,375,35.102084,-106.328618,6773.905
2019-04-26T00:00:00,281,375,35.102084,-106.328618,6773.905
2019-01-17T00:00:00,223.7,375,35.102084,-106.328618,6773.905
2018-09-28T00:00:00,224.4,375,35.102084,-106.328618,6773.905
2018-04-09T00:00:00,221.3,375,35.102084,-106.328618,6773.905
2017-10-13T00:00:00,221.05,375,35.102084,-106.328618,6773.905
2017-06-23T00:00:00,220.48,375,35.102084,-106.328618,6773.905
2017-01-31T00:00:00,219.8,375,35.102084,-106.328618,6773.905
2016-06-14T00:00:00,231.21,375,35.102084,-106.328618,6773.905
2016-03-11T00:00:00,230.58,375,35.102084,-106.328618,6773.905
2015-09-08T00:00:00,231.32,375,35.102084,-106.328618,6773.905
2015-06-04T00:00:00,230.07,375,35.102084,-106.328618,6773.905
2015-02-12T00:00:00,230.38,375,35.102084,-106.328618,6773.905
2021-03-21T16:15:21,228.4,375,35.102084,-106.328618,6773.905
2021-12-15T17:09:08,231.7,375,35.102084,-106.328618,6773.905
2023-03-22T15:59:34,227.05,375,35.102084,-106.328618,6773.905
2024-03-14T21:30:11,233.8,375,35.102084,-106.328618,6773.905
2025-03-25T15:30:48,241.48,375,35.102084,-106.328618,6773.905
2020-11-10T00:00:00,240.6,375,35.1022,-106.328332,6783.375
2020-08-04T00:00:00,239.7,375,35.1022,-106.328332,6783.375
2020-05-03T00:00:00,238.7,375,35.1022,-106.328332,6783.375
2019-11-04T00:00:00,238,375,35.1022,-106.328332,6783.375
2019-07-31T00:00:00,237.1,375,35.1022,-106.328332,6783.375
2019-04-26T00:00:00,236.9,375,35.1022,-106.328332,6783.375
2019-01-17T00:00:00,234.8,375,35.1022,-106.328332,6783.375
2018-09-28T00:00:00,245.7,375,35.1022,-106.328332,6783.375
2018-04-09T00:00:00,234.1,375,35.1022,-106.328332,6783.375
2017-10-13T00:00:00,233.58,375,35.1022,-106.328332,6783.375
2017-06-23T00:00:00,233.33,375,35.1022,-106.328332,6783.375
2017-01-31T00:00:00,232.51,375,35.1022,-106.328332,6783.375
2021-03-21T16:21:34,241.2,375,35.1022,-106.328332,6783.375
2021-12-15T17:19:01,243.4,375,35.1022,-106.328332,6783.375
2023-08-08T21:25:18,247.84,375,35.1022,-106.328332,6783.375
2024-03-14T21:31:19,246.68,375,35.1022,-106.328332,6783.375
2025-03-25T15:33:59,258.55,375,35.1022,-106.328332,6783.375
2020-11-10T00:00:00,250.9,375,35.102376,-106.328026,6794.745
2020-08-04T00:00:00,249.95,375,35.102376,-106.328026,6794.745
2020-05-03T00:00:00,248.6,375,35.102376,-106.328026,6794.745
2019-11-04T00:00:00,248.1,375,35.102376,-106.328026,6794.745
2019-07-31T00:00:00,247.3,375,35.102376,-106.328026,6794.745
2019-04-26T00:00:00,246.6,375,35.102376,-106.328026,6794.745
2019-01-17T00:00:00,246.5,375,35.102376,-106.328026,6794.745
2018-09-28T00:00:00,248.9,375,35.102376,-106.328026,6794.745
2018-04-09T00:00:00,244.4,375,35.102376,-106.328026,6794.745
2017-10-13T00:00:00,243.79,375,35.102376,-106.328026,6794.745
2017-06-23T00:00:00,243.22,375,35.102376,-106.328026,6794.745
2017-01-31T00:00:00,242.2,375,35.102376,-106.328026,6794.745
2021-03-21T16:27:46,251.6,375,35.102376,-106.328026,6794.745
2021-12-15T17:22:24,256.4,375,35.102376,-106.328026,6794.745
2023-08-08T16:49:00,260.52,375,35.102376,-106.328026,6794.745
2024-03-14T21:32:59,256.93,375,35.102376,-106.328026,6794.745
2025-03-25T16:01:45,260,375,35.102376,-106.328026,6794.745
2020-11-10T00:00:00,292.6,360,35.1069222,-106.3291278,6834.588
2020-08-04T00:00:00,291.9,360,35.1069222,-106.3291278,6834.588
2020-05-03T00:00:00,286.5,360,35.1069222,-106.3291278,6834.588
2019-11-04T00:00:00,287.5,360,35.1069222,-106.3291278,6834.588
2019-07-31T00:00:00,287.2,360,35.1069222,-106.3291278,6834.588
2019-04-26T00:00:00,285.8,360,35.1069222,-106.3291278,6834.588
2019-01-17T00:00:00,284.4,360,35.1069222,-106.3291278,6834.588
2018-09-28T00:00:00,285.8,360,35.1069222,-106.3291278,6834.588
2018-04-09T00:00:00,284.4,360,35.1069222,-106.3291278,6834.588
2017-10-13T00:00:00,284.2,360,35.1069222,-106.3291278,6834.588
2017-06-23T00:00:00,285.4,360,35.1069222,-106.3291278,6834.588
2017-01-31T00:00:00,282.6,360,35.1069222,-106.3291278,6834.588
2021-03-21T14:52:33,297.6,360,35.1069222,-106.3291278,6834.588
2021-12-15T15:42:27,293.4,360,35.1069222,-106.3291278,6834.588
2023-03-22T17:42:01,299.51,360,35.1069222,-106.3291278,6834.588
2024-03-14T19:43:45,295.8,360,35.1069222,-106.3291278,6834.588
2025-03-25T21:07:16,296.5,360,35.1069222,-106.3291278,6834.588
2025-07-10T15:01:18,298.28,360,35.1069222,-106.3291278,6834.588
2020-11-10T00:00:00,333.1,380,35.1042,-106.3320472,6869.116
2020-08-04T00:00:00,332.2,380,35.1042,-106.3320472,6869.116
2020-05-03T00:00:00,326.2,380,35.1042,-106.3320472,6869.116
2019-11-04T00:00:00,328.8,380,35.1042,-106.3320472,6869.116
2019-07-31T00:00:00,326.4,380,35.1042,-106.3320472,6869.116
2019-04-26T00:00:00,324.4,380,35.1042,-106.3320472,6869.116
2019-01-17T00:00:00,323,380,35.1042,-106.3320472,6869.116
2018-09-28T00:00:00,326.8,380,35.1042,-106.3320472,6869.116
2021-03-21T16:46:47,329.4,380,35.1042,-106.3320472,6869.116
2021-12-15T17:40:18,324.2,380,35.1042,-106.3320472,6869.116
2023-03-22T20:57:50,330.42,380,35.1042,-106.3320472,6869.116
2024-03-14T17:54:28,333.48,380,35.1042,-106.3320472,6869.116
2025-03-25T18:23:00,328.18,380,35.1042,-106.3320472,6869.116
2020-11-10T00:00:00,354.4,0,35.1048194,-106.3278278,6895.528
2020-08-04T00:00:00,353.1,0,35.1048194,-106.3278278,6895.528
2020-05-03T00:00:00,349.1,0,35.1048194,-106.3278278,6895.528
2019-07-31T00:00:00,351.6,0,35.1048194,-106.3278278,6895.528
2019-04-26T00:00:00,347.1,0,35.1048194,-106.3278278,6895.528
2019-01-17T00:00:00,344.2,0,35.1048194,-106.3278278,6895.528
2018-09-28T00:00:00,346,0,35.1048194,-106.3278278,6895.528
2018-04-09T00:00:00,350.4,0,35.1048194,-106.3278278,6895.528
2017-10-13T00:00:00,344.4,0,35.1048194,-106.3278278,6895.528
2017-06-23T00:00:00,345.8,0,35.1048194,-106.3278278,6895.528
2021-03-21T16:00:04,354.4,0,35.1048194,-106.3278278,6895.528
2021-12-15T16:55:04,353.8,0,35.1048194,-106.3278278,6895.528
2023-03-24T21:13:45,361.38,0,35.1048194,-106.3278278,6895.528
2024-03-14T22:32:57,361.2,0,35.1048194,-106.3278278,6895.528
2020-11-10T00:00:00,295.6,400,35.10535,-106.3339167,6797.72
2020-08-04T00:00:00,336.6,400,35.10535,-106.3339167,6797.72
2020-05-03T00:00:00,296.6,400,35.10535,-106.3339167,6797.72
2019-11-04T00:00:00,305.6,400,35.10535,-106.3339167,6797.72
2019-07-31T00:00:00,345.3,400,35.10535,-106.3339167,6797.72
2019-04-26T00:00:00,282.8,400,35.10535,-106.3339167,6797.72
2019-01-17T00:00:00,301.3,400,35.10535,-106.3339167,6797.72
2018-09-28T00:00:00,317.9,400,35.10535,-106.3339167,6797.72
2018-04-09T00:00:00,305.4,400,35.10535,-106.3339167,6797.72
2017-10-13T00:00:00,313.2,400,35.10535,-106.3339167,6797.72
2017-06-23T00:00:00,303.5,400,35.10535,-106.3339167,6797.72
2021-03-21T16:57:16,288.2,400,35.10535,-106.3339167,6797.72
2021-12-15T17:50:03,277.1,400,35.10535,-106.3339167,6797.72
2023-03-22T16:34:33,280.19,400,35.10535,-106.3339167,6797.72
2024-03-14T17:03:15,274,400,35.10535,-106.3339167,6797.72
2025-03-25T17:39:57,279.97,400,35.10535,-106.3339167,6797.72
2020-11-10T00:00:00,289.9,360,35.1074694,-106.3309444,6825.026
2020-08-04T00:00:00,289.1,360,35.1074694,-106.3309444,6825.026
2020-05-03T00:00:00,284.4,360,35.1074694,-106.3309444,6825.026
2019-11-04T00:00:00,287.2,360,35.1074694,-106.3309444,6825.026
2019-07-31T00:00:00,286.6,360,35.1074694,-106.3309444,6825.026
2019-04-26T00:00:00,282.9,360,35.1074694,-106.3309444,6825.026
2019-01-17T00:00:00,281.8,360,35.1074694,-106.3309444,6825.026
2018-09-28T00:00:00,285.4,360,35.1074694,-106.3309444,6825.026
2018-04-09T00:00:00,281.9,360,35.1074694,-106.3309444,6825.026
2017-10-13T00:00:00,284.9,360,35.1074694,-106.3309444,6825.026
2017-06-23T00:00:00,285.7,360,35.1074694,-106.3309444,6825.026
2021-03-21T14:59:01,313,360,35.1074694,-106.3309444,6825.026
2021-12-15T15:48:46,294,360,35.1074694,-106.3309444,6825.026
2023-03-22T16:51:38,292.64,360,35.1074694,-106.3309444,6825.026
2024-03-14T22:50:55,292.36,360,35.1074694,-106.3309444,6825.026
2025-03-25T22:44:53,294.39,360,35.1074694,-106.3309444,6825.026
2020-11-10T00:00:00,125.95,275,35.0997444,-106.3373694,6659.26
2020-08-04T00:00:00,128.7,275,35.0997444,-106.3373694,6659.26
2020-05-03T00:00:00,125.8,275,35.0997444,-106.3373694,6659.26
2019-11-04T00:00:00,121.05,275,35.0997444,-106.3373694,6659.26
2019-07-31T00:00:00,124.9,275,35.0997444,-106.3373694,6659.26
2019-04-26T00:00:00,137.2,275,35.0997444,-106.3373694,6659.26
2019-01-17T00:00:00,124.9,275,35.0997444,-106.3373694,6659.26
2018-09-28T00:00:00,124.6,275,35.0997444,-106.3373694,6659.26
2017-10-13T00:00:00,119.25,275,35.0997444,-106.3373694,6659.26
2021-03-21T16:40:59,124,275,35.0997444,-106.3373694,6659.26
2021-12-15T17:35:45,132.95,275,35.0997444,-106.3373694,6659.26
2023-03-22T15:24:31,130.9,275,35.0997444,-106.3373694,6659.26
2024-03-14T21:58:28,138.96,275,35.0997444,-106.3373694,6659.26
2024-03-18T20:49:12,137,275,35.0997444,-106.3373694,6659.26
2025-03-25T16:42:52,137.48,275,35.0997444,-106.3373694,6659.26
2024-03-18T20:18:52,334.31,380,35.105681,-106.329342,6873.916
2025-03-25T17:02:00,338.53,380,35.105681,-106.329342,6873.916
2021-03-21T19:31:55,59.75,180,35.082037,-106.444605,6509.016
2023-03-16T21:23:45,60.58,180,35.082037,-106.444605,6509.016
2023-08-02T14:36:31,61.05,180,35.082037,-106.444605,6509.016
2023-11-06T19:51:32,61.32,180,35.082037,-106.444605,6509.016
2023-12-06T18:42:26,61.37,180,35.082037,-106.444605,6509.016
2024-01-03T21:45:30,61.41,180,35.082037,-106.444605,6509.016
2024-02-01T16:22:47,61.03,180,35.082037,-106.444605,6509.016
2024-03-04T17:54:16,61.48,180,35.082037,-106.444605,6509.016
2024-04-04T15:13:42,61.43,180,35.082037,-106.444605,6509.016
2024-05-06T14:59:00,61.83,180,35.082037,-106.444605,6509.016
2024-06-03T18:05:49,61.88,180,35.082037,-106.444605,6509.016
2024-07-15T21:24:38,61.81,180,35.082037,-106.444605,6509.016
2024-08-12T21:40:12,61.87,180,35.082037,-106.444605,6509.016
2024-09-18T14:29:00,61.87,180,35.082037,-106.444605,6509.016
2024-10-04T16:05:00,62.08,180,35.082037,-106.444605,6509.016
2024-11-18T22:10:57,62.13,180,35.082037,-106.444605,6509.016
2024-12-09T20:48:20,62.16,180,35.082037,-106.444605,6509.016
2025-01-08T22:41:36,62.29,180,35.082037,-106.444605,6509.016
2025-02-06T22:12:29,62.29,180,35.082037,-106.444605,6509.016
2025-03-08T15:58:58,62.39,180,35.082037,-106.444605,6509.016
2025-04-04T18:16:40,62.43,180,35.082037,-106.444605,6509.016
2025-05-01T20:11:00,62.44,180,35.082037,-106.444605,6509.016
2025-06-12T20:38:49,62.65,180,35.082037,-106.444605,6509.016
2025-07-11T18:05:00,62.71,180,35.082037,-106.444605,6509.016
2025-08-15T19:05:00,62.88,180,35.082037,-106.444605,6509.016
2025-09-05T22:05:16,62.86,180,35.082037,-106.444605,6509.016
2021-10-18T20:12:38,18.8,42,35.078782,-106.394094,6248.062
2023-03-21T16:24:46,17.8,42,35.078782,-106.394094,6248.062
2024-05-09T16:56:00,18.35,42,35.078782,-106.394094,6248.062
2025-03-26T16:39:50,21.26,42,35.078782,-106.394094,6248.062
2023-11-06T18:44:53,18.41,120,35.061965,-106.478137,5675.696
2023-12-06T18:12:55,18.04,120,35.061965,-106.478137,5675.696
2024-01-03T20:02:32,18.02,120,35.061965,-106.478137,5675.696
2024-02-01T15:35:47,18.01,120,35.061965,-106.478137,5675.696
2024-03-04T17:08:03,18.19,120,35.061965,-106.478137,5675.696
2024-04-03T21:58:18,18.37,120,35.061965,-106.478137,5675.696
2024-05-06T14:54:00,18.72,120,35.061965,-106.478137,5675.696
2024-06-03T17:23:03,19.69,120,35.061965,-106.478137,5675.696
2024-07-16T00:29:04,21.35,120,35.061965,-106.478137,5675.696
2024-08-12T20:31:47,20.43,120,35.061965,-106.478137,5675.696
2024-09-18T14:28:00,22.59,120,35.061965,-106.478137,5675.696
2024-10-04T15:22:16,22.49,120,35.061965,-106.478137,5675.696
2024-11-19T19:47:00,22.7,120,35.061965,-106.478137,5675.696
2024-12-13T16:13:48,21.78,120,35.061965,-106.478137,5675.696
2025-01-13T23:17:56,19.59,120,35.061965,-106.478137,5675.696
2025-02-06T16:30:00,18.09,120,35.061965,-106.478137,5675.696
2025-03-01T22:25:23,17.63,120,35.061965,-106.478137,5675.696
2025-04-04T17:30:42,17.17,120,35.061965,-106.478137,5675.696
2025-05-01T18:42:00,17.5,120,35.061965,-106.478137,5675.696
2025-06-10T17:49:08,19.36,120,35.061965,-106.478137,5675.696
2025-07-11T20:00:00,20.86,120,35.061965,-106.478137,5675.696
2025-08-01T16:12:00,20.98,120,35.061965,-106.478137,5675.696
2025-09-05T19:30:00,23.17,120,35.061965,-106.478137,5675.696
2020-11-07T00:00:00,178.1,260,35.1537,-106.280489,6902.599
2020-07-31T00:00:00,178.3,260,35.1537,-106.280489,6902.599
2020-04-28T00:00:00,178.7,260,35.1537,-106.280489,6902.599
2021-03-13T16:43:03,178.1,260,35.1537,-106.280489,6902.599
2021-10-30T16:01:19,178.1,260,35.1537,-106.280489,6902.599
2023-03-29T18:59:57,179.94,260,35.1537,-106.280489,6902.599
2024-03-18T21:45:17,177.57,260,35.1537,-106.280489,6902.599
2025-03-17T15:34:01,177.28,260,35.1537,-106.280489,6902.599
2020-11-01T00:00:00,262.5,400,35.143653,-106.363784,6977.091
2020-08-07T00:00:00,262.5,400,35.143653,-106.363784,6977.091
2020-04-30T00:00:00,251.1,400,35.143653,-106.363784,6977.091
2019-10-31T00:00:00,246.2,400,35.143653,-106.363784,6977.091
2019-07-22T00:00:00,243.6,400,35.143653,-106.363784,6977.091
2019-04-18T00:00:00,243.1,400,35.143653,-106.363784,6977.091
2018-12-18T00:00:00,245.6,400,35.143653,-106.363784,6977.091
2018-09-12T00:00:00,261.5,400,35.143653,-106.363784,6977.091
2018-04-04T00:00:00,264.15,400,35.143653,-106.363784,6977.091
2017-10-04T00:00:00,239.79,400,35.143653,-106.363784,6977.091
2017-06-15T00:00:00,245.25,400,35.143653,-106.363784,6977.091
2017-01-23T00:00:00,246,400,35.143653,-106.363784,6977.091
2016-06-02T00:00:00,235.297,400,35.143653,-106.363784,6977.091
2016-03-07T00:00:00,225.764,400,35.143653,-106.363784,6977.091
2015-12-01T00:00:00,225.334,400,35.143653,-106.363784,6977.091
2015-08-31T00:00:00,232.42,400,35.143653,-106.363784,6977.091
2015-06-01T00:00:00,213.965,400,35.143653,-106.363784,6977.091
2015-03-02T00:00:00,230.668,400,35.143653,-106.363784,6977.091
2014-12-02T00:00:00,231.265,400,35.143653,-106.363784,6977.091
2014-09-02T00:00:00,230.095,400,35.143653,-106.363784,6977.091
2014-06-02T00:00:00,221.24,400,35.143653,-106.363784,6977.091
2014-03-03T00:00:00,218.338,400,35.143653,-106.363784,6977.091
2013-12-03T00:00:00,223.194,400,35.143653,-106.363784,6977.091
2013-09-09T00:00:00,236.874,400,35.143653,-106.363784,6977.091
2013-06-10T00:00:00,246.136,400,35.143653,-106.363784,6977.091
2013-02-14T00:00:00,221.94,400,35.143653,-106.363784,6977.091
2012-12-10T00:00:00,202.294,400,35.143653,-106.363784,6977.091
2012-09-11T00:00:00,198.89,400,35.143653,-106.363784,6977.091
2012-06-12T00:00:00,186.951,400,35.143653,-106.363784,6977.091
2012-03-12T00:00:00,177.67,400,35.143653,-106.363784,6977.091
2011-12-13T00:00:00,184.187,400,35.143653,-106.363784,6977.091
2011-09-21T00:00:00,181.88,400,35.143653,-106.363784,6977.091
2011-05-27T00:00:00,175.06,400,35.143653,-106.363784,6977.091
2011-04-05T00:00:00,170.688,400,35.143653,-106.363784,6977.091
2011-02-18T00:00:00,167.39,400,35.143653,-106.363784,6977.091
2021-03-09T21:50:51,251.8,400,35.143653,-106.363784,6977.091
2023-11-09T18:33:40,263.5,400,35.143653,-106.363784,6977.091
2023-12-12T18:27:30,262.4,400,35.143653,-106.363784,6977.091
2024-01-04T00:22:11,260.6,400,35.143653,-106.363784,6977.091
2024-02-06T21:52:58,260.9,400,35.143653,-106.363784,6977.091
2024-03-05T18:45:46,260.54,400,35.143653,-106.363784,6977.091
2024-04-03T20:08:11,262.32,400,35.143653,-106.363784,6977.091
2024-05-07T16:20:00,263.89,400,35.143653,-106.363784,6977.091
2024-06-10T19:53:25,269.96,400,35.143653,-106.363784,6977.091
2024-07-30T17:22:00,270.85,400,35.143653,-106.363784,6977.091
2024-08-19T15:48:31,257.8,400,35.143653,-106.363784,6977.091
2024-09-17T14:59:00,254.3,400,35.143653,-106.363784,6977.091
2024-10-07T15:58:00,253.99,400,35.143653,-106.363784,6977.091
2024-11-12T20:17:00,251.95,400,35.143653,-106.363784,6977.091
2024-12-11T22:07:53,248.09,400,35.143653,-106.363784,6977.091
2025-01-13T21:11:22,248.29,400,35.143653,-106.363784,6977.091
2025-02-17T20:36:19,248.34,400,35.143653,-106.363784,6977.091
2025-03-03T15:44:56,248.01,400,35.143653,-106.363784,6977.091
2025-04-07T16:31:52,247.42,400,35.143653,-106.363784,6977.091
2025-05-05T18:18:31,249.76,400,35.143653,-106.363784,6977.091
2025-06-10T18:37:01,251.36,400,35.143653,-106.363784,6977.091
2025-07-23T18:03:33,255.62,400,35.143653,-106.363784,6977.091
2025-08-05T17:13:51,256.19,400,35.143653,-106.363784,6977.091
2025-09-15T20:35:00,256.61,400,35.143653,-106.363784,6977.091
2020-11-01T00:00:00,237.6,317,35.14441,-106.363231,6978.816
2020-08-07T00:00:00,232.5,317,35.14441,-106.363231,6978.816
2020-04-30T00:00:00,222.6,317,35.14441,-106.363231,6978.816
2019-10-31T00:00:00,232.1,317,35.14441,-106.363231,6978.816
2019-07-31T00:00:00,231.95,317,35.14441,-106.363231,6978.816
2019-04-18T00:00:00,218.4,317,35.14441,-106.363231,6978.816
2018-12-18T00:00:00,235.8,317,35.14441,-106.363231,6978.816
2018-09-12T00:00:00,233.1,317,35.14441,-106.363231,6978.816
2018-04-04T00:00:00,220.95,317,35.14441,-106.363231,6978.816
2017-10-04T00:00:00,224.42,317,35.14441,-106.363231,6978.816
2017-06-15T00:00:00,219.4,317,35.14441,-106.363231,6978.816
2017-01-23T00:00:00,226,317,35.14441,-106.363231,6978.816
2016-06-02T00:00:00,212.393,317,35.14441,-106.363231,6978.816
2016-03-07T00:00:00,210.713,317,35.14441,-106.363231,6978.816
2015-12-01T00:00:00,212.384,317,35.14441,-106.363231,6978.816
2015-08-31T00:00:00,211.652,317,35.14441,-106.363231,6978.816
2015-06-01T00:00:00,208.455,317,35.14441,-106.363231,6978.816
2015-03-02T00:00:00,209.039,317,35.14441,-106.363231,6978.816
2014-12-02T00:00:00,212.254,317,35.14441,-106.363231,6978.816
2014-06-02T00:00:00,210.423,317,35.14441,-106.363231,6978.816
2014-03-03T00:00:00,209.694,317,35.14441,-106.363231,6978.816
2013-12-03T00:00:00,210.079,317,35.14441,-106.363231,6978.816
2013-09-09T00:00:00,212.288,317,35.14441,-106.363231,6978.816
2013-06-10T00:00:00,206.776,317,35.14441,-106.363231,6978.816
2013-02-14T00:00:00,203.97,317,35.14441,-106.363231,6978.816
2012-12-10T00:00:00,201.923,317,35.14441,-106.363231,6978.816
2012-09-11T00:00:00,202.297,317,35.14441,-106.363231,6978.816
2012-06-12T00:00:00,188.69,317,35.14441,-106.363231,6978.816
2012-03-12T00:00:00,177.471,317,35.14441,-106.363231,6978.816
2011-12-13T00:00:00,181.406,317,35.14441,-106.363231,6978.816
2011-09-21T00:00:00,182.21,317,35.14441,-106.363231,6978.816
2011-05-27T00:00:00,171.68,317,35.14441,-106.363231,6978.816
2011-04-05T00:00:00,167.582,317,35.14441,-106.363231,6978.816
2011-02-18T00:00:00,165.635,317,35.14441,-106.363231,6978.816
2021-03-09T21:43:50,236.7,317,35.14441,-106.363231,6978.816
2023-03-27T18:09:20,223.13,317,35.14441,-106.363231,6978.816
2024-03-01T15:27:31,233.1,317,35.14441,-106.363231,6978.816
2025-03-03T15:38:45,238.72,317,35.14441,-106.363231,6978.816
2020-11-05T00:00:00,121.6,300,35.214827,-106.365831,6919.892
2020-07-31T00:00:00,247,300,35.214827,-106.365831,6919.892
2020-04-26T00:00:00,131.1,300,35.214827,-106.365831,6919.892
2019-10-30T00:00:00,95.6,300,35.214827,-106.365831,6919.892
2019-07-23T00:00:00,134.4,300,35.214827,-106.365831,6919.892
2019-04-23T00:00:00,66.6,300,35.214827,-106.365831,6919.892
2018-12-21T00:00:00,77.5,300,35.214827,-106.365831,6919.892
2018-09-21T00:00:00,76.05,300,35.214827,-106.365831,6919.892
2018-04-06T00:00:00,66.1,300,35.214827,-106.365831,6919.892
2017-10-07T00:00:00,65.93,300,35.214827,-106.365831,6919.892
2017-06-19T00:00:00,65.92,300,35.214827,-106.365831,6919.892
2017-01-30T00:00:00,65.1,300,35.214827,-106.365831,6919.892
2016-06-02T00:00:00,64.76,300,35.214827,-106.365831,6919.892
2016-03-08T00:00:00,64.79,300,35.214827,-106.365831,6919.892
2015-12-01T00:00:00,64.55,300,35.214827,-106.365831,6919.892
2015-09-01T00:00:00,64.2,300,35.214827,-106.365831,6919.892
2015-06-02T00:00:00,64.24,300,35.214827,-106.365831,6919.892
2015-03-03T00:00:00,64.11,300,35.214827,-106.365831,6919.892
2015-03-03T00:00:00,64.11,300,35.214827,-106.365831,6919.892
2014-09-02T00:00:00,72.98,300,35.214827,-106.365831,6919.892
2014-03-05T00:00:00,64,300,35.214827,-106.365831,6919.892
2013-12-03T00:00:00,63.13,300,35.214827,-106.365831,6919.892
2013-06-11T00:00:00,64.93,300,35.214827,-106.365831,6919.892
2013-03-11T00:00:00,63.25,300,35.214827,-106.365831,6919.892
2021-03-11T18:30:19,69,300,35.214827,-106.365831,6919.892
2021-10-27T17:39:49,181.1,300,35.214827,-106.365831,6919.892
2023-03-20T15:44:36,138.71,300,35.214827,-106.365831,6919.892
2024-03-19T22:39:57,163.13,300,35.214827,-106.365831,6919.892
2025-03-04T20:35:19,271.34,300,35.214827,-106.365831,6919.892
2020-11-05T00:00:00,341.25,570,35.1748111,-106.3393222,6792.56
2020-07-31T00:00:00,341.51,570,35.1748111,-106.3393222,6792.56
2020-04-30T00:00:00,341.7,570,35.1748111,-106.3393222,6792.56
2019-10-30T00:00:00,342.2,570,35.1748111,-106.3393222,6792.56
2019-07-22T00:00:00,342.29,570,35.1748111,-106.3393222,6792.56
2019-04-18T00:00:00,342.52,570,35.1748111,-106.3393222,6792.56
2018-12-21T00:00:00,342.47,570,35.1748111,-106.3393222,6792.56
2018-09-28T00:00:00,342.67,570,35.1748111,-106.3393222,6792.56
2018-06-13T00:00:00,342.84,570,35.1748111,-106.3393222,6792.56
2018-04-06T00:00:00,342.73,570,35.1748111,-106.3393222,6792.56
2018-01-04T00:00:00,342.75,570,35.1748111,-106.3393222,6792.56
2021-03-13T21:26:00,340.89,570,35.1748111,-106.3393222,6792.56
2021-10-27T17:04:57,341.83,570,35.1748111,-106.3393222,6792.56
2023-03-20T21:18:03,342.65,570,35.1748111,-106.3393222,6792.56
2023-08-04T17:23:46,342.83,570,35.1748111,-106.3393222,6792.56
2023-10-18T22:15:51,342.75,570,35.1748111,-106.3393222,6792.56
2023-11-06T22:18:08,342.8,570,35.1748111,-106.3393222,6792.56
2023-12-07T18:57:51,342.72,570,35.1748111,-106.3393222,6792.56
2024-01-04T18:47:59,342.72,570,35.1748111,-106.3393222,6792.56
2024-02-01T19:02:18,342.7,570,35.1748111,-106.3393222,6792.56
2024-03-22T19:04:26,342.73,570,35.1748111,-106.3393222,6792.56
2024-04-10T19:37:42,342.68,570,35.1748111,-106.3393222,6792.56
2024-05-16T16:02:00,342.62,570,35.1748111,-106.3393222,6792.56
2024-06-03T20:06:52,342.66,570,35.1748111,-106.3393222,6792.56
2024-07-15T20:18:56,342.61,570,35.1748111,-106.3393222,6792.56
2024-08-12T22:04:00,342.55,570,35.1748111,-106.3393222,6792.56
2024-09-17T14:52:00,342.58,570,35.1748111,-106.3393222,6792.56
2024-10-04T19:23:23,342.58,570,35.1748111,-106.3393222,6792.56
2024-11-05T20:21:28,342.49,570,35.1748111,-106.3393222,6792.56
2024-12-17T16:00:00,342.49,570,35.1748111,-106.3393222,6792.56
2025-01-13T20:16:18,342.38,570,35.1748111,-106.3393222,6792.56
2025-02-03T19:49:39,342.31,570,35.1748111,-106.3393222,6792.56
2025-03-19T22:10:41,342.29,570,35.1748111,-106.3393222,6792.56
2025-04-04T20:53:19,342.25,570,35.1748111,-106.3393222,6792.56
2025-05-02T19:10:00,342.27,570,35.1748111,-106.3393222,6792.56
2025-06-10T22:36:55,342.32,570,35.1748111,-106.3393222,6792.56
2025-07-14T19:54:48,342.34,570,35.1748111,-106.3393222,6792.56
2025-08-01T18:02:00,342.36,570,35.1748111,-106.3393222,6792.56
2025-09-11T14:37:18,342.49,570,35.1748111,-106.3393222,6792.56
2020-08-02T00:00:00,356.6,595,34.939171,-106.29371,7485.564
2020-05-02T00:00:00,361.38,595,34.939171,-106.29371,7485.564
2019-10-31T00:00:00,362.41,595,34.939171,-106.29371,7485.564
2019-07-25T00:00:00,363.85,595,34.939171,-106.29371,7485.564
2019-04-25T00:00:00,363.9,595,34.939171,-106.29371,7485.564
2018-09-24T00:00:00,358.8,595,34.939171,-106.29371,7485.564
2018-04-08T00:00:00,355.8,595,34.939171,-106.29371,7485.564
2016-06-15T00:00:00,351.757,595,34.939171,-106.29371,7485.564
2016-03-30T00:00:00,350.397,595,34.939171,-106.29371,7485.564
2015-09-15T00:00:00,351.11,595,34.939171,-106.29371,7485.564
2015-06-08T00:00:00,349.667,595,34.939171,-106.29371,7485.564
2015-03-09T00:00:00,348.73,595,34.939171,-106.29371,7485.564
2014-10-16T00:00:00,349.627,595,34.939171,-106.29371,7485.564
2014-08-05T00:00:00,348.435,595,34.939171,-106.29371,7485.564
2014-05-06T00:00:00,348.251,595,34.939171,-106.29371,7485.564
2014-02-12T00:00:00,347.326,595,34.939171,-106.29371,7485.564
2013-11-13T00:00:00,347.408,595,34.939171,-106.29371,7485.564
2013-08-14T00:00:00,347.111,595,34.939171,-106.29371,7485.564
2013-05-21T00:00:00,347.422,595,34.939171,-106.29371,7485.564
2013-03-25T00:00:00,347.041,595,34.939171,-106.29371,7485.564
2012-11-14T00:00:00,347.193,595,34.939171,-106.29371,7485.564
2012-08-09T00:00:00,346.934,595,34.939171,-106.29371,7485.564
2012-04-24T00:00:00,345.825,595,34.939171,-106.29371,7485.564
2012-02-08T00:00:00,345.629,595,34.939171,-106.29371,7485.564
2023-04-12T19:00:43,359.74,595,34.939171,-106.29371,7485.564
2023-10-17T19:15:08,359.5,595,34.939171,-106.29371,7485.564
2023-10-25T18:44:49,353.17,595,34.939171,-106.29371,7485.564
2023-11-07T17:27:12,353.21,595,34.939171,-106.29371,7485.564
2024-03-21T20:18:10,356.9,595,34.939171,-106.29371,7485.564
2024-07-26T15:43:00,354.74,595,34.939171,-106.29371,7485.564
2024-08-16T15:02:02,354.38,595,34.939171,-106.29371,7485.564
2024-09-12T14:38:59,354.5,595,34.939171,-106.29371,7485.564
2024-12-11T15:54:31,354.39,595,34.939171,-106.29371,7485.564
2025-01-06T22:43:54,354.15,595,34.939171,-106.29371,7485.564
2025-02-10T17:04:43,354.38,595,34.939171,-106.29371,7485.564
2025-03-11T20:25:00,356.29,595,34.939171,-106.29371,7485.564
2025-04-10T14:54:49,355.3,595,34.939171,-106.29371,7485.564
2025-06-30T14:29:27,355.24,595,34.939171,-106.29371,7485.564
2025-07-25T19:06:21,355.52,595,34.939171,-106.29371,7485.564
2025-08-15T14:45:23,356.08,595,34.939171,-106.29371,7485.564
2025-09-04T14:09:46,355.4,595,34.939171,-106.29371,7485.564
2020-11-05T00:00:00,240.5,260,35.156452,-106.344044,6876.113
2020-07-26T00:00:00,234.9,260,35.156452,-106.344044,6876.113
2020-04-28T00:00:00,234.4,260,35.156452,-106.344044,6876.113
2019-10-30T00:00:00,233.69,260,35.156452,-106.344044,6876.113
2019-07-24T00:00:00,233.18,260,35.156452,-106.344044,6876.113
2019-04-23T00:00:00,232.9,260,35.156452,-106.344044,6876.113
2018-12-21T00:00:00,232.7,260,35.156452,-106.344044,6876.113
2018-09-21T00:00:00,231.5,260,35.156452,-106.344044,6876.113
2018-04-06T00:00:00,230.5,260,35.156452,-106.344044,6876.113
2017-10-07T00:00:00,231.9,260,35.156452,-106.344044,6876.113
2017-06-20T00:00:00,230.77,260,35.156452,-106.344044,6876.113
2017-01-24T00:00:00,233.33,260,35.156452,-106.344044,6876.113
2016-06-07T00:00:00,230.2,260,35.156452,-106.344044,6876.113
2016-03-09T00:00:00,229.4,260,35.156452,-106.344044,6876.113
2015-12-02T00:00:00,229.4,260,35.156452,-106.344044,6876.113
2015-09-02T00:00:00,229.8,260,35.156452,-106.344044,6876.113
2015-06-03T00:00:00,229.2,260,35.156452,-106.344044,6876.113
2015-03-11T00:00:00,228.9,260,35.156452,-106.344044,6876.113
2014-12-03T00:00:00,228.8,260,35.156452,-106.344044,6876.113
2014-09-06T00:00:00,228,260,35.156452,-106.344044,6876.113
2014-06-04T00:00:00,228.2,260,35.156452,-106.344044,6876.113
2014-03-05T00:00:00,228,260,35.156452,-106.344044,6876.113
2013-12-04T00:00:00,227.4,260,35.156452,-106.344044,6876.113
2013-09-10T00:00:00,227.4,260,35.156452,-106.344044,6876.113
2013-06-11T00:00:00,227.4,260,35.156452,-106.344044,6876.113
2012-09-12T00:00:00,224.4,260,35.156452,-106.344044,6876.113
2012-06-12T00:00:00,224.1,260,35.156452,-106.344044,6876.113
2012-03-07T00:00:00,224.8,260,35.156452,-106.344044,6876.113
2011-12-06T00:00:00,224.3,260,35.156452,-106.344044,6876.113
2010-12-10T00:00:00,224.7,260,35.156452,-106.344044,6876.113
2021-03-11T21:17:27,235.6,260,35.156452,-106.344044,6876.113
2021-10-27T20:00:15,237.1,260,35.156452,-106.344044,6876.113
2024-03-13T18:40:44,239.71,260,35.156452,-106.344044,6876.113
2020-11-05T00:00:00,235.28,380,35.156417,-106.343938,6873.208
2020-07-26T00:00:00,234.7,380,35.156417,-106.343938,6873.208
2020-04-28T00:00:00,234.02,380,35.156417,-106.343938,6873.208
2019-10-30T00:00:00,233.8,380,35.156417,-106.343938,6873.208
2019-07-24T00:00:00,234.2,380,35.156417,-106.343938,6873.208
2019-04-23T00:00:00,232.67,380,35.156417,-106.343938,6873.208
2018-12-21T00:00:00,232.52,380,35.156417,-106.343938,6873.208
2018-09-21T00:00:00,232.36,380,35.156417,-106.343938,6873.208
2018-04-06T00:00:00,231.39,380,35.156417,-106.343938,6873.208
2017-10-07T00:00:00,231.03,380,35.156417,-106.343938,6873.208
2017-06-20T00:00:00,230.58,380,35.156417,-106.343938,6873.208
2017-01-24T00:00:00,230.11,380,35.156417,-106.343938,6873.208
2016-06-07T00:00:00,229.2,380,35.156417,-106.343938,6873.208
2016-03-09T00:00:00,228.91,380,35.156417,-106.343938,6873.208
2015-12-02T00:00:00,228.85,380,35.156417,-106.343938,6873.208
2015-09-02T00:00:00,228.54,380,35.156417,-106.343938,6873.208
2015-06-03T00:00:00,228.17,380,35.156417,-106.343938,6873.208
2015-03-11T00:00:00,228,380,35.156417,-106.343938,6873.208
2014-12-03T00:00:00,227.99,380,35.156417,-106.343938,6873.208
2014-09-06T00:00:00,227.71,380,35.156417,-106.343938,6873.208
2014-06-04T00:00:00,227.32,380,35.156417,-106.343938,6873.208
2014-03-05T00:00:00,227,380,35.156417,-106.343938,6873.208
2013-12-04T00:00:00,226.97,380,35.156417,-106.343938,6873.208
2013-09-10T00:00:00,226.88,380,35.156417,-106.343938,6873.208
2013-06-11T00:00:00,226.28,380,35.156417,-106.343938,6873.208
2013-03-12T00:00:00,225.81,380,35.156417,-106.343938,6873.208
2012-12-10T00:00:00,225.58,380,35.156417,-106.343938,6873.208
2012-09-12T00:00:00,225.29,380,35.156417,-106.343938,6873.208
2012-06-12T00:00:00,224.47,380,35.156417,-106.343938,6873.208
2012-03-07T00:00:00,222.9,380,35.156417,-106.343938,6873.208
2021-03-11T21:15:04,235.56,380,35.156417,-106.343938,6873.208
2021-10-27T20:01:44,236.66,380,35.156417,-106.343938,6873.208
2023-03-31T17:11:49,238.42,380,35.156417,-106.343938,6873.208
2024-03-13T18:22:51,239.71,380,35.156417,-106.343938,6873.208
2025-03-28T20:08:32,240.34,380,35.156417,-106.343938,6873.208
2020-11-05T00:00:00,120.1,0,35.161531,-106.343119,6794.506
2020-07-26T00:00:00,112.9,0,35.161531,-106.343119,6794.506
2020-04-28T00:00:00,113.95,0,35.161531,-106.343119,6794.506
2019-10-30T00:00:00,112.2,0,35.161531,-106.343119,6794.506
2019-07-24T00:00:00,109.6,0,35.161531,-106.343119,6794.506
2019-04-23T00:00:00,110.9,0,35.161531,-106.343119,6794.506
2018-12-21T00:00:00,109.3,0,35.161531,-106.343119,6794.506
2018-09-21T00:00:00,115.1,0,35.161531,-106.343119,6794.506
2018-04-06T00:00:00,109.8,0,35.161531,-106.343119,6794.506
2017-10-07T00:00:00,107.77,0,35.161531,-106.343119,6794.506
2017-06-20T00:00:00,115.59,0,35.161531,-106.343119,6794.506
2017-01-24T00:00:00,111.35,0,35.161531,-106.343119,6794.506
2016-06-07T00:00:00,111.53,0,35.161531,-106.343119,6794.506
2016-03-09T00:00:00,108.17,0,35.161531,-106.343119,6794.506
2015-12-02T00:00:00,110.43,0,35.161531,-106.343119,6794.506
2015-09-02T00:00:00,112.2,0,35.161531,-106.343119,6794.506
2015-06-03T00:00:00,111.21,0,35.161531,-106.343119,6794.506
2021-03-11T20:54:59,119.2,0,35.161531,-106.343119,6794.506
2021-10-27T19:37:40,117.9,0,35.161531,-106.343119,6794.506
2023-03-20T19:13:50,113.1,0,35.161531,-106.343119,6794.506
2024-03-14T17:58:50,108.27,0,35.161531,-106.343119,6794.506
2025-03-04T21:54:48,103.45,0,35.161531,-106.343119,6794.506
2021-11-06T17:37:13,193.3,305,34.967679,-106.28603,7284.388
2023-04-04T21:10:09,194.45,305,34.967679,-106.28603,7284.388
2024-03-11T15:04:29,190.55,305,34.967679,-106.28603,7284.388
2025-03-11T16:40:39,193,305,34.967679,-106.28603,7284.388
2013-06-18T00:00:00,345.2,364,34.9629417,-106.3099778,7439.071
2013-03-18T00:00:00,345.6,364,34.9629417,-106.3099778,7439.071
2019-04-18T00:00:00,121,140,35.124407,-106.373529,6824.062
2018-12-18T00:00:00,115.45,140,35.124407,-106.373529,6824.062
2018-09-12T00:00:00,88.1,140,35.124407,-106.373529,6824.062
2018-04-03T00:00:00,78.34,140,35.124407,-106.373529,6824.062
2017-10-02T00:00:00,77.85,140,35.124407,-106.373529,6824.062
2017-06-13T00:00:00,73.5,140,35.124407,-106.373529,6824.062
2017-01-19T00:00:00,72.68,140,35.124407,-106.373529,6824.062
2016-06-01T00:00:00,70.58,140,35.124407,-106.373529,6824.062
2016-03-07T00:00:00,68.15,140,35.124407,-106.373529,6824.062
2015-11-30T00:00:00,68.26,140,35.124407,-106.373529,6824.062
2015-08-31T00:00:00,73.51,140,35.124407,-106.373529,6824.062
2015-06-01T00:00:00,76.84,140,35.124407,-106.373529,6824.062
2015-03-02T00:00:00,73.69,140,35.124407,-106.373529,6824.062
2014-12-01T00:00:00,75.82,140,35.124407,-106.373529,6824.062
2014-09-02T00:00:00,78.25,140,35.124407,-106.373529,6824.062
2014-06-02T00:00:00,77.88,140,35.124407,-106.373529,6824.062
2014-03-03T00:00:00,74.14,140,35.124407,-106.373529,6824.062
2017-09-29T00:00:00,25.89,0,35.059972,-106.443025,5877.085
2017-06-12T00:00:00,25.97,0,35.059972,-106.443025,5877.085
2017-02-06T00:00:00,25.83,0,35.059972,-106.443025,5877.085
2018-09-29T00:00:00,37.9,0,35.0684972,-106.4477556,6072.477
2017-02-11T00:00:00,37.5,0,35.0684972,-106.4477556,6072.477
2017-02-11T00:00:00,30.65,0,35.0591722,-106.4459694,5866.542
2017-02-06T00:00:00,113.7,50,35.0586,-106.4593722,5881.484
2017-02-06T00:00:00,63.75,0,35.0599861,-106.4582944,5834.652
2017-02-06T00:00:00,78.21,0,35.0594389,-106.4591778,5849.963
2017-02-06T00:00:00,144,0,35.0571806,-106.4595806,5927.95
2015-06-12T00:00:00,96.6,125,35.067893,-106.443525,6074.708
2015-03-06T00:00:00,69.14,125,35.067893,-106.443525,6074.708
2014-12-12T00:00:00,75.96,125,35.067893,-106.443525,6074.708
2014-09-23T00:00:00,68.57,125,35.067893,-106.443525,6074.708
2014-06-05T00:00:00,69.34,125,35.067893,-106.443525,6074.708
2014-03-05T00:00:00,65.4,125,35.067893,-106.443525,6074.708
2013-12-19T00:00:00,65.72,125,35.067893,-106.443525,6074.708
2013-09-06T00:00:00,63.8,125,35.067893,-106.443525,6074.708
2013-06-14T00:00:00,62.6,125,35.067893,-106.443525,6074.708
2013-03-22T00:00:00,63.6,125,35.067893,-106.443525,6074.708
2012-12-17T00:00:00,61.65,125,35.067893,-106.443525,6074.708
2015-09-02T00:00:00,328.2,180,35.07469,-106.44463,6264.826
2014-12-12T00:00:00,79.95,180,35.07469,-106.44463,6264.826
2014-09-23T00:00:00,89.68,180,35.07469,-106.44463,6264.826
2014-06-05T00:00:00,89.5,180,35.07469,-106.44463,6264.826
2014-03-05T00:00:00,77.89,180,35.07469,-106.44463,6264.826
2013-12-19T00:00:00,83.79,180,35.07469,-106.44463,6264.826
2013-09-06T00:00:00,87.63,180,35.07469,-106.44463,6264.826
2013-06-14T00:00:00,75.18,180,35.07469,-106.44463,6264.826
2013-03-22T00:00:00,71.56,180,35.07469,-106.44463,6264.826
2012-12-17T00:00:00,76.07,180,35.07469,-106.44463,6264.826
2018-04-06T00:00:00,75.12,0,35.166964,-106.330959,6695.506
2017-10-07T00:00:00,74.62,0,35.166964,-106.330959,6695.506
2017-01-24T00:00:00,74.08,0,35.166964,-106.330959,6695.506
2016-06-07T00:00:00,73.27,0,35.166964,-106.330959,6695.506
2016-03-08T00:00:00,73,0,35.166964,-106.330959,6695.506
2015-12-02T00:00:00,72.62,0,35.166964,-106.330959,6695.506
2015-09-02T00:00:00,72.3,0,35.166964,-106.330959,6695.506
2015-06-03T00:00:00,72.2,0,35.166964,-106.330959,6695.506
2015-03-11T00:00:00,71.85,0,35.166964,-106.330959,6695.506
2014-12-03T00:00:00,71.44,0,35.166964,-106.330959,6695.506
2014-09-06T00:00:00,70.85,0,35.166964,-106.330959,6695.506
2014-06-04T00:00:00,71.03,0,35.166964,-106.330959,6695.506
2014-03-05T00:00:00,70.34,0,35.166964,-106.330959,6695.506
2013-12-04T00:00:00,67.2,0,35.166964,-106.330959,6695.506
2013-09-10T00:00:00,67,0,35.166964,-106.330959,6695.506
2013-03-12T00:00:00,67.2,0,35.166964,-106.330959,6695.506
2012-12-11T00:00:00,67.2,0,35.166964,-106.330959,6695.506
2012-09-12T00:00:00,67.2,0,35.166964,-106.330959,6695.506
2012-06-12T00:00:00,67.3,0,35.166964,-106.330959,6695.506
2012-03-07T00:00:00,67.8,0,35.166964,-106.330959,6695.506
2011-09-21T00:00:00,67.8,0,35.166964,-106.330959,6695.506
2011-05-26T00:00:00,66.71,0,35.166964,-106.330959,6695.506
2010-12-15T00:00:00,65.85,0,35.166964,-106.330959,6695.506
2010-08-10T00:00:00,65.97,0,35.166964,-106.330959,6695.506
2016-06-07T00:00:00,155.2,240,35.15074,-106.334158,6796.452
2016-03-09T00:00:00,154.7,240,35.15074,-106.334158,6796.452
2015-12-02T00:00:00,154.4,240,35.15074,-106.334158,6796.452
2015-09-02T00:00:00,154.4,240,35.15074,-106.334158,6796.452
2015-06-03T00:00:00,154,240,35.15074,-106.334158,6796.452
2015-03-11T00:00:00,153.4,240,35.15074,-106.334158,6796.452
2014-12-03T00:00:00,153.3,240,35.15074,-106.334158,6796.452
2014-09-06T00:00:00,153.2,240,35.15074,-106.334158,6796.452
2014-06-03T00:00:00,152.8,240,35.15074,-106.334158,6796.452
2014-03-04T00:00:00,152.4,240,35.15074,-106.334158,6796.452
2013-12-04T00:00:00,152.2,240,35.15074,-106.334158,6796.452
2013-09-10T00:00:00,152,240,35.15074,-106.334158,6796.452
2013-06-11T00:00:00,151.4,240,35.15074,-106.334158,6796.452
2013-03-12T00:00:00,151.2,240,35.15074,-106.334158,6796.452
2012-12-11T00:00:00,150.8,240,35.15074,-106.334158,6796.452
2012-09-12T00:00:00,150.6,240,35.15074,-106.334158,6796.452
2012-06-12T00:00:00,150.1,240,35.15074,-106.334158,6796.452
2012-03-16T00:00:00,149.67,240,35.15074,-106.334158,6796.452
2012-12-11T00:00:00,203.4,0,35.14805,-106.303518,6706.269
2012-09-12T00:00:00,197,0,35.14805,-106.303518,6706.269
2012-06-12T00:00:00,183.6,0,35.14805,-106.303518,6706.269
2012-03-07T00:00:00,182,0,35.14805,-106.303518,6706.269
2011-05-26T00:00:00,183.4,0,35.14805,-106.303518,6706.269
2010-08-10T00:00:00,186.27,0,35.14805,-106.303518,6706.269
2010-05-21T00:00:00,186.9,0,35.14805,-106.303518,6706.269
2016-06-07T00:00:00,134.61,240,35.145559,-106.305635,6748.857
2016-03-08T00:00:00,131.81,240,35.145559,-106.305635,6748.857
2015-12-02T00:00:00,140.49,240,35.145559,-106.305635,6748.857
2015-09-02T00:00:00,142.02,240,35.145559,-106.305635,6748.857
2015-06-03T00:00:00,143.5,240,35.145559,-106.305635,6748.857
2015-03-11T00:00:00,143.11,240,35.145559,-106.305635,6748.857
2014-12-03T00:00:00,142.77,240,35.145559,-106.305635,6748.857
2014-09-06T00:00:00,142.39,240,35.145559,-106.305635,6748.857
2014-06-03T00:00:00,141.01,240,35.145559,-106.305635,6748.857
2014-03-04T00:00:00,139.16,240,35.145559,-106.305635,6748.857
2013-12-04T00:00:00,140.1,240,35.145559,-106.305635,6748.857
2013-09-11T00:00:00,139.6,240,35.145559,-106.305635,6748.857
2013-06-13T00:00:00,136.1,240,35.145559,-106.305635,6748.857
2013-03-19T00:00:00,133.8,240,35.145559,-106.305635,6748.857
2012-12-11T00:00:00,133,240,35.145559,-106.305635,6748.857
2012-09-12T00:00:00,131.1,240,35.145559,-106.305635,6748.857
2012-06-12T00:00:00,126.6,240,35.145559,-106.305635,6748.857
2012-03-07T00:00:00,123.5,240,35.145559,-106.305635,6748.857
2011-12-06T00:00:00,123.4,240,35.145559,-106.305635,6748.857
2015-09-02T00:00:00,125.59,0,35.145562,-106.305637,6749.18
2012-12-11T00:00:00,125.96,0,35.145562,-106.305637,6749.18
2012-09-12T00:00:00,125.51,0,35.145562,-106.305637,6749.18
2012-06-12T00:00:00,123.64,0,35.145562,-106.305637,6749.18
2012-03-07T00:00:00,121.69,0,35.145562,-106.305637,6749.18
2011-12-06T00:00:00,120.7,0,35.145562,-106.305637,6749.18
2011-09-21T00:00:00,119.63,0,35.145562,-106.305637,6749.18
2011-05-26T00:00:00,116.1,0,35.145562,-106.305637,6749.18
2013-06-10T00:00:00,471.1,420,35.1366333,-106.3465694,7107.848
2013-03-11T00:00:00,471,420,35.1366333,-106.3465694,7107.848
2012-12-26T00:00:00,472.1,420,35.1366333,-106.3465694,7107.848
2012-09-11T00:00:00,470.2,420,35.1366333,-106.3465694,7107.848
2016-06-07T00:00:00,183.2,260,35.151242,-106.334845,6827.368
2016-03-09T00:00:00,186.27,260,35.151242,-106.334845,6827.368
2015-12-02T00:00:00,182.54,260,35.151242,-106.334845,6827.368
2015-09-02T00:00:00,182.19,260,35.151242,-106.334845,6827.368
2015-06-03T00:00:00,181.77,260,35.151242,-106.334845,6827.368
2015-03-11T00:00:00,181.48,260,35.151242,-106.334845,6827.368
2014-12-03T00:00:00,181.88,260,35.151242,-106.334845,6827.368
2014-09-06T00:00:00,181.1,260,35.151242,-106.334845,6827.368
2014-06-03T00:00:00,180.29,260,35.151242,-106.334845,6827.368
2014-03-04T00:00:00,184.28,260,35.151242,-106.334845,6827.368
2013-12-04T00:00:00,179.16,260,35.151242,-106.334845,6827.368
2013-06-11T00:00:00,179.45,260,35.151242,-106.334845,6827.368
2013-03-12T00:00:00,179.24,260,35.151242,-106.334845,6827.368
2012-12-11T00:00:00,181.55,260,35.151242,-106.334845,6827.368
2015-06-03T00:00:00,264.6,0,35.150946,-106.319994,6857.926
2015-03-11T00:00:00,264.6,0,35.150946,-106.319994,6857.926
2014-12-03T00:00:00,264.4,0,35.150946,-106.319994,6857.926
2014-09-06T00:00:00,264.2,0,35.150946,-106.319994,6857.926
2014-06-03T00:00:00,263.8,0,35.150946,-106.319994,6857.926
2014-03-05T00:00:00,263.4,0,35.150946,-106.319994,6857.926
2013-12-04T00:00:00,263.6,0,35.150946,-106.319994,6857.926
2013-09-10T00:00:00,263.2,0,35.150946,-106.319994,6857.926
2013-06-13T00:00:00,262.88,0,35.150946,-106.319994,6857.926
2015-09-02T00:00:00,232.1,325,35.140305,-106.300977,6786.072
2015-06-03T00:00:00,231.6,325,35.140305,-106.300977,6786.072
2015-03-11T00:00:00,232.6,325,35.140305,-106.300977,6786.072
2014-12-03T00:00:00,232.4,325,35.140305,-106.300977,6786.072
2014-09-06T00:00:00,232,325,35.140305,-106.300977,6786.072
2014-06-03T00:00:00,231.52,325,35.140305,-106.300977,6786.072
2014-03-04T00:00:00,230.82,325,35.140305,-106.300977,6786.072
2013-12-04T00:00:00,230.47,325,35.140305,-106.300977,6786.072
2015-06-09T00:00:00,220,400,35.130279,-106.322841,6781.109
2015-03-09T00:00:00,313.2,400,35.130279,-106.322841,6781.109
2014-12-08T00:00:00,212.9,400,35.130279,-106.322841,6781.109
2014-09-08T00:00:00,283.1,400,35.130279,-106.322841,6781.109
2014-06-10T00:00:00,258,400,35.130279,-106.322841,6781.109
2013-12-27T00:00:00,299.8,400,35.130279,-106.322841,6781.109
2015-06-03T00:00:00,113.82,170,35.143102,-106.270355,6845.103
2015-03-11T00:00:00,117.48,170,35.143102,-106.270355,6845.103
2013-03-11T00:00:00,240.2,280,35.149527,-106.363945,7001.533
2012-12-10T00:00:00,246.16,280,35.149527,-106.363945,7001.533
2012-09-11T00:00:00,238.7,280,35.149527,-106.363945,7001.533
2012-06-14T00:00:00,231.4,280,35.149527,-106.363945,7001.533
2012-03-12T00:00:00,229.8,280,35.149527,-106.363945,7001.533
2011-12-06T00:00:00,229.6,280,35.149527,-106.363945,7001.533
2011-05-27T00:00:00,223,280,35.149527,-106.363945,7001.533
2011-02-18T00:00:00,217.2,280,35.149527,-106.363945,7001.533
2010-07-15T00:00:00,213.8,280,35.149527,-106.363945,7001.533
2012-09-12T00:00:00,25.77,33,35.1697222,-106.3690694,7135.024
2012-06-06T00:00:00,17.8,33,35.1697222,-106.3690694,7135.024
2018-12-21T00:00:00,175.4,305,35.169569,-106.34792,6865.455
2018-09-21T00:00:00,176,305,35.169569,-106.34792,6865.455
2018-04-05T00:00:00,168,305,35.169569,-106.34792,6865.455
2017-10-07T00:00:00,167.55,305,35.169569,-106.34792,6865.455
2017-06-19T00:00:00,163.3,305,35.169569,-106.34792,6865.455
2017-01-24T00:00:00,149.2,305,35.169569,-106.34792,6865.455
2016-06-02T00:00:00,144.1,305,35.169569,-106.34792,6865.455
2016-03-08T00:00:00,141.1,305,35.169569,-106.34792,6865.455
2015-12-01T00:00:00,142,305,35.169569,-106.34792,6865.455
2015-09-01T00:00:00,141.3,305,35.169569,-106.34792,6865.455
2015-06-02T00:00:00,137.5,305,35.169569,-106.34792,6865.455
2015-03-03T00:00:00,136.4,305,35.169569,-106.34792,6865.455
2014-12-02T00:00:00,139,305,35.169569,-106.34792,6865.455
2014-09-03T00:00:00,141.4,305,35.169569,-106.34792,6865.455
2014-06-03T00:00:00,136,305,35.169569,-106.34792,6865.455
2014-03-09T00:00:00,132.5,305,35.169569,-106.34792,6865.455
2013-12-03T00:00:00,130.4,305,35.169569,-106.34792,6865.455
2013-09-09T00:00:00,130.2,305,35.169569,-106.34792,6865.455
2013-06-11T00:00:00,126.4,305,35.169569,-106.34792,6865.455
2013-03-12T00:00:00,123,305,35.169569,-106.34792,6865.455
2012-12-11T00:00:00,122.2,305,35.169569,-106.34792,6865.455
2012-09-12T00:00:00,121,305,35.169569,-106.34792,6865.455
2013-03-19T00:00:00,82.44,170,35.13343333,-106.3709972,6900.81
2014-09-02T00:00:00,302.4,500,35.151154,-106.365918,7064.505
2014-03-03T00:00:00,152.4,500,35.151154,-106.365918,7064.505
2013-12-03T00:00:00,152.4,500,35.151154,-106.365918,7064.505
2013-09-09T00:00:00,152.4,500,35.151154,-106.365918,7064.505
2013-03-11T00:00:00,152.6,500,35.151154,-106.365918,7064.505
2012-12-10T00:00:00,152.4,500,35.151154,-106.365918,7064.505
2016-06-02T00:00:00,300.67,320,35.151148,-106.365915,7064.505
2016-03-08T00:00:00,300.72,320,35.151148,-106.365915,7064.505
2015-12-01T00:00:00,300.6,320,35.151148,-106.365915,7064.505
2015-09-01T00:00:00,300.66,320,35.151148,-106.365915,7064.505
2015-06-02T00:00:00,300.65,320,35.151148,-106.365915,7064.505
2015-03-03T00:00:00,300.69,320,35.151148,-106.365915,7064.505
2014-12-02T00:00:00,300.7,320,35.151148,-106.365915,7064.505
2014-09-02T00:00:00,300.58,320,35.151148,-106.365915,7064.505
2014-06-02T00:00:00,299.73,320,35.151148,-106.365915,7064.505
2014-03-03T00:00:00,299.1,320,35.151148,-106.365915,7064.505
2013-12-03T00:00:00,298.39,320,35.151148,-106.365915,7064.505
2013-09-09T00:00:00,298.65,320,35.151148,-106.365915,7064.505
2013-06-11T00:00:00,298.32,320,35.151148,-106.365915,7064.505
2013-03-11T00:00:00,294.46,320,35.151148,-106.365915,7064.505
2012-12-10T00:00:00,289.65,320,35.151148,-106.365915,7064.505
2017-06-29T00:00:00,239.99,422,35.145229,-106.369819,7025.284
2016-03-07T00:00:00,360.11,422,35.145229,-106.369819,7025.284
2015-11-30T00:00:00,348.56,422,35.145229,-106.369819,7025.284
2015-08-31T00:00:00,302.36,422,35.145229,-106.369819,7025.284
2015-06-02T00:00:00,316.22,422,35.145229,-106.369819,7025.284
2015-03-02T00:00:00,325.46,422,35.145229,-106.369819,7025.284
2014-12-01T00:00:00,355.721,422,35.145229,-106.369819,7025.284
2014-09-02T00:00:00,306.98,422,35.145229,-106.369819,7025.284
2014-03-03T00:00:00,301.205,422,35.145229,-106.369819,7025.284
2013-12-02T00:00:00,302.36,422,35.145229,-106.369819,7025.284
2013-09-09T00:00:00,270.02,422,35.145229,-106.369819,7025.284
2013-06-11T00:00:00,279.26,422,35.145229,-106.369819,7025.284
2013-03-19T00:00:00,302.36,422,35.145229,-106.369819,7025.284
2019-10-28T00:00:00,155.94,0,35.131005,-106.369666,6901.883
2019-07-22T00:00:00,141.9,0,35.131005,-106.369666,6901.883
2019-04-18T00:00:00,140.95,0,35.131005,-106.369666,6901.883
2018-12-18T00:00:00,146.7,0,35.131005,-106.369666,6901.883
2018-09-12T00:00:00,147.2,0,35.131005,-106.369666,6901.883
2018-04-03T00:00:00,141.7,0,35.131005,-106.369666,6901.883
2017-10-02T00:00:00,141.65,0,35.131005,-106.369666,6901.883
2017-06-14T00:00:00,138.85,0,35.131005,-106.369666,6901.883
2017-01-23T00:00:00,140.7,0,35.131005,-106.369666,6901.883
2016-06-01T00:00:00,133.11,0,35.131005,-106.369666,6901.883
2016-03-07T00:00:00,132.02,0,35.131005,-106.369666,6901.883
2015-12-07T00:00:00,134.15,0,35.131005,-106.369666,6901.883
2015-08-31T00:00:00,134.77,0,35.131005,-106.369666,6901.883
2015-06-01T00:00:00,132.58,0,35.131005,-106.369666,6901.883
2015-03-02T00:00:00,133.3,0,35.131005,-106.369666,6901.883
2014-12-01T00:00:00,135.26,0,35.131005,-106.369666,6901.883
2014-09-02T00:00:00,138.15,0,35.131005,-106.369666,6901.883
2014-06-02T00:00:00,135.36,0,35.131005,-106.369666,6901.883
2014-03-03T00:00:00,135.53,0,35.131005,-106.369666,6901.883
2013-09-09T00:00:00,141.93,0,35.131005,-106.369666,6901.883
2018-04-05T00:00:00,156.58,245,35.168679,-106.347288,6853.24
2017-10-07T00:00:00,158.03,245,35.168679,-106.347288,6853.24
2017-06-19T00:00:00,151.33,245,35.168679,-106.347288,6853.24
2017-01-24T00:00:00,140.2,245,35.168679,-106.347288,6853.24
2016-06-02T00:00:00,135.4,245,35.168679,-106.347288,6853.24
2016-03-08T00:00:00,132.35,245,35.168679,-106.347288,6853.24
2015-12-01T00:00:00,133.07,245,35.168679,-106.347288,6853.24
2015-09-01T00:00:00,132.61,245,35.168679,-106.347288,6853.24
2015-06-02T00:00:00,128.65,245,35.168679,-106.347288,6853.24
2015-03-03T00:00:00,127.21,245,35.168679,-106.347288,6853.24
2014-12-02T00:00:00,129.6,245,35.168679,-106.347288,6853.24
2014-09-03T00:00:00,130.5,245,35.168679,-106.347288,6853.24
2014-06-03T00:00:00,127.17,245,35.168679,-106.347288,6853.24
2014-03-09T00:00:00,122.5,245,35.168679,-106.347288,6853.24
2021-10-27T15:40:25,191,245,35.168679,-106.347288,6853.24
2013-06-18T00:00:00,113.2,0,34.9857056,-106.3084167,7455.618
2013-03-18T00:00:00,121.45,0,34.9857056,-106.3084167,7455.618
2012-12-13T00:00:00,81.89,0,34.9857056,-106.3084167,7455.618
2012-09-07T00:00:00,146.48,0,34.9857056,-106.3084167,7455.618
2012-06-11T00:00:00,82.32,0,34.9857056,-106.3084167,7455.618
2019-11-03T00:00:00,258.7,780,34.996202,-106.257734,7158.104
2019-07-25T00:00:00,262.8,780,34.996202,-106.257734,7158.104
2019-04-25T00:00:00,259.6,780,34.996202,-106.257734,7158.104
2019-01-11T00:00:00,261.6,780,34.996202,-106.257734,7158.104
2018-09-24T00:00:00,250.02,780,34.996202,-106.257734,7158.104
2018-04-08T00:00:00,245.29,780,34.996202,-106.257734,7158.104
2017-10-03T00:00:00,248.99,780,34.996202,-106.257734,7158.104
2017-06-27T00:00:00,247.75,780,34.996202,-106.257734,7158.104
2017-02-01T00:00:00,244.93,780,34.996202,-106.257734,7158.104
2016-06-15T00:00:00,240.6,780,34.996202,-106.257734,7158.104
2016-03-30T00:00:00,242.47,780,34.996202,-106.257734,7158.104
2015-09-09T00:00:00,248.36,780,34.996202,-106.257734,7158.104
2015-06-08T00:00:00,248.15,780,34.996202,-106.257734,7158.104
2015-03-09T00:00:00,247.75,780,34.996202,-106.257734,7158.104
2014-12-09T00:00:00,247.9,780,34.996202,-106.257734,7158.104
2014-09-24T00:00:00,247.07,780,34.996202,-106.257734,7158.104
2014-06-11T00:00:00,245.2,780,34.996202,-106.257734,7158.104
2014-03-12T00:00:00,245.33,780,34.996202,-106.257734,7158.104
2013-12-26T00:00:00,246.11,780,34.996202,-106.257734,7158.104
2013-08-27T00:00:00,246.09,780,34.996202,-106.257734,7158.104
2013-06-18T00:00:00,245.44,780,34.996202,-106.257734,7158.104
2013-03-18T00:00:00,243.52,780,34.996202,-106.257734,7158.104
2012-12-13T00:00:00,243.15,780,34.996202,-106.257734,7158.104
2012-09-07T00:00:00,241.52,780,34.996202,-106.257734,7158.104
2012-06-11T00:00:00,240.21,780,34.996202,-106.257734,7158.104
2012-03-06T00:00:00,240.03,780,34.996202,-106.257734,7158.104
2017-06-27T00:00:00,20.79,0,34.888608,-106.231451,6796.835
2017-02-01T00:00:00,20.52,0,34.888608,-106.231451,6796.835
2016-06-15T00:00:00,22.79,0,34.888608,-106.231451,6796.835
2016-03-30T00:00:00,21.18,0,34.888608,-106.231451,6796.835
2015-12-07T00:00:00,24.35,0,34.888608,-106.231451,6796.835
2015-09-08T00:00:00,35.35,0,34.888608,-106.231451,6796.835
2015-03-09T00:00:00,34.7,0,34.888608,-106.231451,6796.835
2014-12-09T00:00:00,34.82,0,34.888608,-106.231451,6796.835
2014-09-03T00:00:00,34.12,0,34.888608,-106.231451,6796.835
2014-06-11T00:00:00,26.72,0,34.888608,-106.231451,6796.835
2014-03-12T00:00:00,21.32,0,34.888608,-106.231451,6796.835
2013-12-26T00:00:00,26.98,0,34.888608,-106.231451,6796.835
2013-09-04T00:00:00,48.14,0,34.888608,-106.231451,6796.835
2013-03-18T00:00:00,33.17,0,34.888608,-106.231451,6796.835
2012-12-13T00:00:00,36.82,0,34.888608,-106.231451,6796.835
2012-09-07T00:00:00,37.83,0,34.888608,-106.231451,6796.835
2012-06-06T00:00:00,21.21,0,34.888608,-106.231451,6796.835
2018-04-08T00:00:00,175.4,200,34.9699139,-106.3002611,7284.247
2017-10-14T00:00:00,172.78,200,34.9699139,-106.3002611,7284.247
2017-06-27T00:00:00,160,200,34.9699139,-106.3002611,7284.247
2014-03-12T00:00:00,108.47,200,34.9699139,-106.3002611,7284.247
2013-09-04T00:00:00,103,200,34.9699139,-106.3002611,7284.247
2012-12-13T00:00:00,96.91,200,34.9699139,-106.3002611,7284.247
2012-09-17T00:00:00,98.83,200,34.9699139,-106.3002611,7284.247
2021-11-06T20:13:16,170.1,200,34.9699139,-106.3002611,7284.247
2015-06-04T00:00:00,101.66,170,35.099992,-106.34698,6613.087
2013-06-18T00:00:00,375,800,34.9444889,-106.3195556,7679.772
2013-03-18T00:00:00,377.2,800,34.9444889,-106.3195556,7679.772
2013-03-18T00:00:00,325,925,34.9860833,-106.3444861,7714.037
2015-09-09T00:00:00,323.6,275,34.953715,-106.344462,7323.3
2015-06-08T00:00:00,321.6,275,34.953715,-106.344462,7323.3
2015-03-10T00:00:00,319.4,275,34.953715,-106.344462,7323.3
2014-12-09T00:00:00,317.8,275,34.953715,-106.344462,7323.3
2014-09-24T00:00:00,319.6,275,34.953715,-106.344462,7323.3
2014-06-11T00:00:00,312.6,275,34.953715,-106.344462,7323.3
2014-03-12T00:00:00,310.8,275,34.953715,-106.344462,7323.3
2019-07-25T00:00:00,275.55,278,34.9773,-106.3294,7439.836
2015-06-12T00:00:00,198.14,0,35.068188,-106.459323,5990.742
2015-03-06T00:00:00,190.55,0,35.068188,-106.459323,5990.742
2014-12-12T00:00:00,191.38,0,35.068188,-106.459323,5990.742
2014-09-05T00:00:00,189.22,0,35.068188,-106.459323,5990.742
2014-06-05T00:00:00,170.66,0,35.068188,-106.459323,5990.742
2014-03-05T00:00:00,153.7,0,35.068188,-106.459323,5990.742
2013-12-19T00:00:00,147.12,0,35.068188,-106.459323,5990.742
2013-09-06T00:00:00,144.39,0,35.068188,-106.459323,5990.742
2013-06-14T00:00:00,140.39,0,35.068188,-106.459323,5990.742
2013-03-22T00:00:00,133.18,0,35.068188,-106.459323,5990.742
2012-12-17T00:00:00,129.49,0,35.068188,-106.459323,5990.742
2015-12-11T00:00:00,264,300,35.071375,-106.461167,6115.169
2015-09-04T00:00:00,279.2,300,35.071375,-106.461167,6115.169
2015-06-12T00:00:00,268.6,300,35.071375,-106.461167,6115.169
2015-03-06T00:00:00,257.4,300,35.071375,-106.461167,6115.169
2014-12-12T00:00:00,279.2,300,35.071375,-106.461167,6115.169
2014-09-05T00:00:00,256.8,300,35.071375,-106.461167,6115.169
2013-12-19T00:00:00,275.3,300,35.071375,-106.461167,6115.169
2013-09-06T00:00:00,253.13,300,35.071375,-106.461167,6115.169
2013-03-22T00:00:00,229.96,300,35.071375,-106.461167,6115.169
2012-12-17T00:00:00,238.88,300,35.071375,-106.461167,6115.169
2016-03-15T00:00:00,111.4,365,35.069785,-106.461661,6055.784
2015-09-04T00:00:00,138.35,365,35.069785,-106.461661,6055.784
2015-06-12T00:00:00,129.75,365,35.069785,-106.461661,6055.784
2015-03-06T00:00:00,119.55,365,35.069785,-106.461661,6055.784
2014-12-12T00:00:00,133.43,365,35.069785,-106.461661,6055.784
2014-06-05T00:00:00,140.87,365,35.069785,-106.461661,6055.784
2014-03-05T00:00:00,125.03,365,35.069785,-106.461661,6055.784
2013-12-19T00:00:00,124.86,365,35.069785,-106.461661,6055.784
2013-09-06T00:00:00,131,365,35.069785,-106.461661,6055.784
2013-06-14T00:00:00,145.59,365,35.069785,-106.461661,6055.784
2013-03-22T00:00:00,111,365,35.069785,-106.461661,6055.784
2012-12-17T00:00:00,105.68,365,35.069785,-106.461661,6055.784
2018-09-05T00:00:00,239.54,240,35.070362,-106.460914,6067.185
2018-04-02T00:00:00,239.43,240,35.070362,-106.460914,6067.185
2017-09-29T00:00:00,237.69,240,35.070362,-106.460914,6067.185
2017-06-12T00:00:00,236.52,240,35.070362,-106.460914,6067.185
2017-01-18T00:00:00,236.45,240,35.070362,-106.460914,6067.185
2016-06-08T00:00:00,233.78,240,35.070362,-106.460914,6067.185
2016-03-15T00:00:00,234.35,240,35.070362,-106.460914,6067.185
2015-12-11T00:00:00,235.06,240,35.070362,-106.460914,6067.185
2015-09-04T00:00:00,233.5,240,35.070362,-106.460914,6067.185
2015-06-12T00:00:00,231.16,240,35.070362,-106.460914,6067.185
2015-03-06T00:00:00,230.44,240,35.070362,-106.460914,6067.185
2014-12-12T00:00:00,230.3,240,35.070362,-106.460914,6067.185
2014-09-05T00:00:00,225.43,240,35.070362,-106.460914,6067.185
2014-03-05T00:00:00,197.4,240,35.070362,-106.460914,6067.185
2013-12-19T00:00:00,190.4,240,35.070362,-106.460914,6067.185
2013-09-06T00:00:00,182.9,240,35.070362,-106.460914,6067.185
2013-06-14T00:00:00,168.39,240,35.070362,-106.460914,6067.185
2013-03-22T00:00:00,156,240,35.070362,-106.460914,6067.185
2012-12-17T00:00:00,163.6,240,35.070362,-106.460914,6067.185
2019-04-25T00:00:00,296.1,385,34.994374,-106.269391,7263.309
2018-09-24T00:00:00,288.1,385,34.994374,-106.269391,7263.309
2018-04-08T00:00:00,282.5,385,34.994374,-106.269391,7263.309
2017-10-03T00:00:00,274.2,385,34.994374,-106.269391,7263.309
2017-06-26T00:00:00,273,385,34.994374,-106.269391,7263.309
2017-02-01T00:00:00,280,385,34.994374,-106.269391,7263.309
2016-03-14T00:00:00,315.85,385,34.994374,-106.269391,7263.309
2015-12-07T00:00:00,316.11,385,34.994374,-106.269391,7263.309
2015-09-09T00:00:00,316.14,385,34.994374,-106.269391,7263.309
2015-06-08T00:00:00,316.28,385,34.994374,-106.269391,7263.309
2015-03-10T00:00:00,315.93,385,34.994374,-106.269391,7263.309
2013-12-26T00:00:00,315.18,385,34.994374,-106.269391,7263.309
2014-03-04T00:00:00,80.83,200,35.1659389,-106.3350083,6740.526
2013-12-04T00:00:00,82.9,200,35.1659389,-106.3350083,6740.526
2013-09-10T00:00:00,84.82,200,35.1659389,-106.3350083,6740.526
2013-06-11T00:00:00,82.7,200,35.1659389,-106.3350083,6740.526
2013-03-12T00:00:00,79.63,200,35.1659389,-106.3350083,6740.526
2012-12-17T00:00:00,371.2,1080,35.1853222,-106.5397444,5598.806
2012-06-13T00:00:00,663.11,1080,35.1853222,-106.5397444,5598.806
2012-03-14T00:00:00,664.7,1080,35.1853222,-106.5397444,5598.806
2013-09-05T00:00:00,429.42,0,35.1601333,-106.4987556,6027.674
2013-06-20T00:00:00,428.75,0,35.1601333,-106.4987556,6027.674
2012-09-14T00:00:00,427.77,0,35.1601333,-106.4987556,6027.674
2012-06-13T00:00:00,426.47,0,35.1601333,-106.4987556,6027.674
2012-03-14T00:00:00,425.19,0,35.1601333,-106.4987556,6027.674
2013-09-17T00:00:00,515.4,700,35.1947361,-106.5531861,5442.851
2012-12-17T00:00:00,538,700,35.1947361,-106.5531861,5442.851
2013-09-17T00:00:00,480.2,720,35.1952083,-106.5566944,5405.449
2013-09-17T00:00:00,540,711,35.1961472,-106.5561389,5405.449
2014-03-10T00:00:00,495.9,720,35.1932333,-106.5554194,5422.93
2013-12-23T00:00:00,497.4,720,35.1932333,-106.5554194,5422.93
2013-09-17T00:00:00,497.6,720,35.1932333,-106.5554194,5422.93
2013-06-20T00:00:00,496.9,720,35.1932333,-106.5554194,5422.93
2012-12-17T00:00:00,501.1,720,35.1932333,-106.5554194,5422.93
2014-03-10T00:00:00,402.6,659,35.1968528,-106.56375,5329.941
2013-12-23T00:00:00,403.8,659,35.1968528,-106.56375,5329.941
2018-04-12T00:00:00,429.4,758,35.196834,-106.560923,5360.588
2017-10-11T00:00:00,433.7,758,35.196834,-106.560923,5360.588
2017-06-28T00:00:00,438,758,35.196834,-106.560923,5360.588
2016-06-28T00:00:00,500.54,758,35.196834,-106.560923,5360.588
2016-03-14T00:00:00,497.075,758,35.196834,-106.560923,5360.588
2015-12-29T00:00:00,502.85,758,35.196834,-106.560923,5360.588
2015-09-03T00:00:00,502.85,758,35.196834,-106.560923,5360.588
2015-06-09T00:00:00,485.525,758,35.196834,-106.560923,5360.588
2015-03-30T00:00:00,499.385,758,35.196834,-106.560923,5360.588
2014-12-10T00:00:00,499.385,758,35.196834,-106.560923,5360.588
2014-09-26T00:00:00,491.3,758,35.196834,-106.560923,5360.588
2014-06-23T00:00:00,500.54,758,35.196834,-106.560923,5360.588
2014-03-10T00:00:00,482.06,758,35.196834,-106.560923,5360.588
2013-12-23T00:00:00,494.765,758,35.196834,-106.560923,5360.588
2013-06-20T00:00:00,490.145,758,35.196834,-106.560923,5360.588
2013-03-21T00:00:00,543.275,758,35.196834,-106.560923,5360.588
2014-03-10T00:00:00,437.5,651,35.1968222,-106.5609222,5360.588
2013-12-23T00:00:00,439,651,35.1968222,-106.5609222,5360.588
2013-09-17T00:00:00,439.5,651,35.1968222,-106.5609222,5360.588
2019-01-16T00:00:00,444.88,560,35.169092,-106.499834,6031.042
2018-09-26T00:00:00,445.77,560,35.169092,-106.499834,6031.042
2018-04-12T00:00:00,443.52,560,35.169092,-106.499834,6031.042
2017-10-11T00:00:00,443.59,560,35.169092,-106.499834,6031.042
2017-06-28T00:00:00,444.1,560,35.169092,-106.499834,6031.042
2017-02-06T00:00:00,441.26,560,35.169092,-106.499834,6031.042
2016-06-28T00:00:00,441.2,560,35.169092,-106.499834,6031.042
2016-03-14T00:00:00,439.66,560,35.169092,-106.499834,6031.042
2015-12-29T00:00:00,439.97,560,35.169092,-106.499834,6031.042
2015-09-03T00:00:00,440.57,560,35.169092,-106.499834,6031.042
2015-06-10T00:00:00,439.71,560,35.169092,-106.499834,6031.042
2016-03-07T00:00:00,384,420,35.151509,-106.350208,7029.858
2015-08-31T00:00:00,386.5,420,35.151509,-106.350208,7029.858
2015-06-01T00:00:00,386.2,420,35.151509,-106.350208,7029.858
2014-12-02T00:00:00,386.2,420,35.151509,-106.350208,7029.858
2017-01-23T00:00:00,297.91,335,35.153848,-106.363456,7064.196
2016-06-07T00:00:00,299.14,335,35.153848,-106.363456,7064.196
2016-03-08T00:00:00,297.01,335,35.153848,-106.363456,7064.196
2015-12-01T00:00:00,297.13,335,35.153848,-106.363456,7064.196
2015-09-01T00:00:00,298.12,335,35.153848,-106.363456,7064.196
2015-06-02T00:00:00,286.63,335,35.153848,-106.363456,7064.196
2015-03-03T00:00:00,295.26,335,35.153848,-106.363456,7064.196
2014-12-02T00:00:00,295.81,335,35.153848,-106.363456,7064.196
2014-06-02T00:00:00,294.12,335,35.153848,-106.363456,7064.196
2018-04-06T00:00:00,126.44,125,35.158096,-106.324421,6676.675
2017-10-09T00:00:00,126.02,125,35.158096,-106.324421,6676.675
2017-06-20T00:00:00,125.69,125,35.158096,-106.324421,6676.675
2017-01-24T00:00:00,125.23,125,35.158096,-106.324421,6676.675
2016-06-07T00:00:00,124.28,125,35.158096,-106.324421,6676.675
2016-03-09T00:00:00,124.21,125,35.158096,-106.324421,6676.675
2015-12-02T00:00:00,124.01,125,35.158096,-106.324421,6676.675
2015-09-02T00:00:00,123.71,125,35.158096,-106.324421,6676.675
2015-06-03T00:00:00,123.5,125,35.158096,-106.324421,6676.675
2015-03-11T00:00:00,123.75,125,35.158096,-106.324421,6676.675
2014-12-03T00:00:00,123.69,125,35.158096,-106.324421,6676.675
2014-09-06T00:00:00,123.62,125,35.158096,-106.324421,6676.675
2014-06-03T00:00:00,122.14,125,35.158096,-106.324421,6676.675
2014-03-04T00:00:00,121.5,125,35.158096,-106.324421,6676.675
2013-06-13T00:00:00,121.33,125,35.158096,-106.324421,6676.675
2013-03-12T00:00:00,119.71,125,35.158096,-106.324421,6676.675
2012-12-11T00:00:00,119.65,125,35.158096,-106.324421,6676.675
2012-09-12T00:00:00,119.17,125,35.158096,-106.324421,6676.675
2012-06-12T00:00:00,117.56,125,35.158096,-106.324421,6676.675
2012-03-07T00:00:00,115.2,125,35.158096,-106.324421,6676.675
2011-09-21T00:00:00,115.6,125,35.158096,-106.324421,6676.675
2019-10-30T00:00:00,213.4,283,35.154049,-106.329155,6738.006
2014-12-03T00:00:00,191.25,283,35.154049,-106.329155,6738.006
2014-09-06T00:00:00,191.4,283,35.154049,-106.329155,6738.006
2014-06-03T00:00:00,190.2,283,35.154049,-106.329155,6738.006
2014-03-04T00:00:00,180.4,283,35.154049,-106.329155,6738.006
2013-12-04T00:00:00,180.2,283,35.154049,-106.329155,6738.006
2013-06-11T00:00:00,180.6,283,35.154049,-106.329155,6738.006
2013-03-12T00:00:00,177.69,283,35.154049,-106.329155,6738.006
2014-12-03T00:00:00,79.06,265,35.156408,-106.319667,6694.187
2014-09-06T00:00:00,70.1,265,35.156408,-106.319667,6694.187
2014-06-03T00:00:00,67.68,265,35.156408,-106.319667,6694.187
2014-03-04T00:00:00,69.95,265,35.156408,-106.319667,6694.187
2013-12-04T00:00:00,73.11,265,35.156408,-106.319667,6694.187
2013-06-13T00:00:00,65.33,265,35.156408,-106.319667,6694.187
2013-03-12T00:00:00,63.89,265,35.156408,-106.319667,6694.187
2019-05-03T00:00:00,54.71,246,34.9985806,-106.7243833,4959.956
2019-01-16T00:00:00,117.55,246,34.9985806,-106.7243833,4959.956
2018-10-03T00:00:00,54.7,246,34.9985806,-106.7243833,4959.956
2019-05-03T00:00:00,54.1,350,34.9984444,-106.7242639,4957.883
2018-10-03T00:00:00,54.1,350,34.9984444,-106.7242639,4957.883
2015-09-01T00:00:00,146.71,0,35.162766,-106.366889,7119.77
2015-06-02T00:00:00,150.8,0,35.162766,-106.366889,7119.77
2015-03-03T00:00:00,151.82,0,35.162766,-106.366889,7119.77
2016-03-07T00:00:00,108.84,112.5,35.163021,-106.349152,6880.322
2015-12-01T00:00:00,107.05,112.5,35.163021,-106.349152,6880.322
2015-09-01T00:00:00,105.11,112.5,35.163021,-106.349152,6880.322
2015-06-02T00:00:00,108.31,112.5,35.163021,-106.349152,6880.322
2013-05-07T00:00:00,108.76,112.5,35.163021,-106.349152,6880.322
2013-02-11T00:00:00,107.68,112.5,35.163021,-106.349152,6880.322
2012-11-14T00:00:00,105.03,112.5,35.163021,-106.349152,6880.322
2012-07-23T00:00:00,98.95,112.5,35.163021,-106.349152,6880.322
2012-05-10T00:00:00,94.65,112.5,35.163021,-106.349152,6880.322
2012-02-22T00:00:00,93.93,112.5,35.163021,-106.349152,6880.322
2019-04-18T00:00:00,171,180,35.165219,-106.357416,6943.366
2018-12-20T00:00:00,171.03,180,35.165219,-106.357416,6943.366
2018-09-21T00:00:00,171.03,180,35.165219,-106.357416,6943.366
2018-04-06T00:00:00,170.98,180,35.165219,-106.357416,6943.366
2017-10-04T00:00:00,170.96,180,35.165219,-106.357416,6943.366
2017-06-19T00:00:00,170.94,180,35.165219,-106.357416,6943.366
2017-02-03T00:00:00,170.95,180,35.165219,-106.357416,6943.366
2016-06-29T00:00:00,170.95,180,35.165219,-106.357416,6943.366
2016-03-07T00:00:00,170.9,180,35.165219,-106.357416,6943.366
2015-12-01T00:00:00,170.94,180,35.165219,-106.357416,6943.366
2015-09-01T00:00:00,170.6,180,35.165219,-106.357416,6943.366
2015-06-02T00:00:00,170.3,180,35.165219,-106.357416,6943.366
2015-04-07T00:00:00,170.22,180,35.165219,-106.357416,6943.366
2014-11-06T00:00:00,170.22,180,35.165219,-106.357416,6943.366
2014-08-07T00:00:00,169.89,180,35.165219,-106.357416,6943.366
2014-04-09T00:00:00,169.22,180,35.165219,-106.357416,6943.366
2014-01-02T00:00:00,169.25,180,35.165219,-106.357416,6943.366
2013-10-01T00:00:00,169.18,180,35.165219,-106.357416,6943.366
2013-07-30T00:00:00,168.98,180,35.165219,-106.357416,6943.366
2013-05-07T00:00:00,168.45,180,35.165219,-106.357416,6943.366
2013-02-11T00:00:00,168.23,180,35.165219,-106.357416,6943.366
2012-11-14T00:00:00,167.97,180,35.165219,-106.357416,6943.366
2012-07-23T00:00:00,166.92,180,35.165219,-106.357416,6943.366
2012-05-10T00:00:00,165.88,180,35.165219,-106.357416,6943.366
2012-02-22T00:00:00,165.15,180,35.165219,-106.357416,6943.366
2017-06-23T00:00:00,418.4,420,35.104596,-106.322737,6965.053
2017-01-31T00:00:00,414.4,420,35.104596,-106.322737,6965.053
2016-06-14T00:00:00,410.9,420,35.104596,-106.322737,6965.053
2016-03-11T00:00:00,410.8,420,35.104596,-106.322737,6965.053
2015-09-08T00:00:00,410,420,35.104596,-106.322737,6965.053
2015-06-04T00:00:00,409.4,420,35.104596,-106.322737,6965.053
2015-03-12T00:00:00,410.8,420,35.104596,-106.322737,6965.053
2014-12-04T00:00:00,410.9,420,35.104596,-106.322737,6965.053
2014-09-04T00:00:00,410.1,420,35.104596,-106.322737,6965.053
2014-06-10T00:00:00,409.2,420,35.104596,-106.322737,6965.053
2014-03-11T00:00:00,409.4,420,35.104596,-106.322737,6965.053
2013-12-10T00:00:00,408.9,420,35.104596,-106.322737,6965.053
2013-09-03T00:00:00,408.4,420,35.104596,-106.322737,6965.053
2013-06-17T00:00:00,407.4,420,35.104596,-106.322737,6965.053
2013-03-14T00:00:00,407,420,35.104596,-106.322737,6965.053
2012-12-12T00:00:00,406.4,420,35.104596,-106.322737,6965.053
2012-09-07T00:00:00,404.9,420,35.104596,-106.322737,6965.053
2012-06-11T00:00:00,403.2,420,35.104596,-106.322737,6965.053
2011-12-09T00:00:00,405.2,420,35.104596,-106.322737,6965.053
2019-01-17T00:00:00,495,520,35.103101,-106.324895,7011.192
2018-09-28T00:00:00,497.6,520,35.103101,-106.324895,7011.192
2018-04-09T00:00:00,497,520,35.103101,-106.324895,7011.192
2017-10-13T00:00:00,485.6,520,35.103101,-106.324895,7011.192
2017-06-23T00:00:00,469.8,520,35.103101,-106.324895,7011.192
2017-02-01T00:00:00,460.5,520,35.103101,-106.324895,7011.192
2016-03-11T00:00:00,458.5,520,35.103101,-106.324895,7011.192
2015-09-08T00:00:00,456,520,35.103101,-106.324895,7011.192
2015-06-05T00:00:00,455.7,520,35.103101,-106.324895,7011.192
2015-03-12T00:00:00,457.4,520,35.103101,-106.324895,7011.192
2014-12-04T00:00:00,458,520,35.103101,-106.324895,7011.192
2014-09-04T00:00:00,455.4,520,35.103101,-106.324895,7011.192
2014-03-11T00:00:00,456.5,520,35.103101,-106.324895,7011.192
2013-12-10T00:00:00,456.4,520,35.103101,-106.324895,7011.192
2013-09-03T00:00:00,454,520,35.103101,-106.324895,7011.192
2013-06-17T00:00:00,453.7,520,35.103101,-106.324895,7011.192
2012-12-12T00:00:00,453.4,520,35.103101,-106.324895,7011.192
2012-09-17T00:00:00,451.5,520,35.103101,-106.324895,7011.192
2012-06-11T00:00:00,449.8,520,35.103101,-106.324895,7011.192
2012-03-07T00:00:00,450,520,35.103101,-106.324895,7011.192
2011-12-09T00:00:00,450.6,520,35.103101,-106.324895,7011.192
2020-08-04T00:00:00,346,400,35.105232,-106.323217,6935.092
2020-05-03T00:00:00,344,400,35.105232,-106.323217,6935.092
2019-11-04T00:00:00,343.1,400,35.105232,-106.323217,6935.092
2019-07-31T00:00:00,343.8,400,35.105232,-106.323217,6935.092
2019-04-26T00:00:00,343.8,400,35.105232,-106.323217,6935.092
2019-01-17T00:00:00,341.8,400,35.105232,-106.323217,6935.092
2018-09-28T00:00:00,343.3,400,35.105232,-106.323217,6935.092
2018-04-09T00:00:00,344.4,400,35.105232,-106.323217,6935.092
2017-10-13T00:00:00,344.5,400,35.105232,-106.323217,6935.092
2017-06-23T00:00:00,346,400,35.105232,-106.323217,6935.092
2017-01-31T00:00:00,344.4,400,35.105232,-106.323217,6935.092
2016-06-14T00:00:00,382.4,400,35.105232,-106.323217,6935.092
2015-09-08T00:00:00,382.2,400,35.105232,-106.323217,6935.092
2015-06-04T00:00:00,381.7,400,35.105232,-106.323217,6935.092
2015-03-12T00:00:00,382,400,35.105232,-106.323217,6935.092
2014-12-04T00:00:00,381.9,400,35.105232,-106.323217,6935.092
2014-09-04T00:00:00,381.6,400,35.105232,-106.323217,6935.092
2014-06-10T00:00:00,386.8,400,35.105232,-106.323217,6935.092
2013-12-10T00:00:00,384.6,400,35.105232,-106.323217,6935.092
2013-09-03T00:00:00,379.7,400,35.105232,-106.323217,6935.092
2013-06-17T00:00:00,379.2,400,35.105232,-106.323217,6935.092
2013-03-14T00:00:00,377.5,400,35.105232,-106.323217,6935.092
2012-12-12T00:00:00,377.2,400,35.105232,-106.323217,6935.092
2012-09-07T00:00:00,376,400,35.105232,-106.323217,6935.092
2012-06-11T00:00:00,374.5,400,35.105232,-106.323217,6935.092
2012-03-07T00:00:00,373.8,400,35.105232,-106.323217,6935.092
2011-12-09T00:00:00,375.8,400,35.105232,-106.323217,6935.092
2013-03-14T00:00:00,456.7,505,35.1034889,-106.3248333,7002.878
2012-09-17T00:00:00,405,505,35.1034889,-106.3248333,7002.878
2013-12-10T00:00:00,488.9,0,35.1040028,-106.3226583,6976.427
2013-09-03T00:00:00,501.9,0,35.1040028,-106.3226583,6976.427
2012-12-12T00:00:00,527.8,0,35.1040028,-106.3226583,6976.427
2013-06-17T00:00:00,468.4,640,35.1057083,-106.32625,6943.632
2013-03-14T00:00:00,464.4,640,35.1057083,-106.32625,6943.632
2012-12-12T00:00:00,446.8,640,35.1057083,-106.32625,6943.632
2018-09-28T00:00:00,256.5,325,35.109996,-106.329165,6805.033
2018-04-09T00:00:00,254.5,325,35.109996,-106.329165,6805.033
2017-10-13T00:00:00,253.29,325,35.109996,-106.329165,6805.033
2017-06-23T00:00:00,253.36,325,35.109996,-106.329165,6805.033
2017-01-31T00:00:00,252.27,325,35.109996,-106.329165,6805.033
2016-06-14T00:00:00,250.97,325,35.109996,-106.329165,6805.033
2016-03-11T00:00:00,251.2,325,35.109996,-106.329165,6805.033
2015-09-08T00:00:00,250.39,325,35.109996,-106.329165,6805.033
2015-06-04T00:00:00,249.6,325,35.109996,-106.329165,6805.033
2015-03-12T00:00:00,249.73,325,35.109996,-106.329165,6805.033
2014-12-04T00:00:00,249.97,325,35.109996,-106.329165,6805.033
2014-09-04T00:00:00,249.76,325,35.109996,-106.329165,6805.033
2014-06-10T00:00:00,249.13,325,35.109996,-106.329165,6805.033
2014-03-11T00:00:00,248.28,325,35.109996,-106.329165,6805.033
2013-09-03T00:00:00,248.75,325,35.109996,-106.329165,6805.033
2013-06-17T00:00:00,247.7,325,35.109996,-106.329165,6805.033
2013-03-14T00:00:00,246.77,325,35.109996,-106.329165,6805.033
2014-06-10T00:00:00,362,480,35.1054889,-106.3266778,6932.786
2013-12-10T00:00:00,336.2,480,35.1054889,-106.3266778,6932.786
2013-09-03T00:00:00,335,480,35.1054889,-106.3266778,6932.786
2014-06-10T00:00:00,471.9,600,35.1036806,-106.3251944,6997.386
2014-03-11T00:00:00,439.1,600,35.1036806,-106.3251944,6997.386
2013-09-03T00:00:00,440.8,600,35.1036806,-106.3251944,6997.386
2014-12-04T00:00:00,434.8,0,35.10401,-106.324503,6976.632
2014-09-04T00:00:00,431.5,0,35.10401,-106.324503,6976.632
2014-06-10T00:00:00,440.5,0,35.10401,-106.324503,6976.632
2014-03-11T00:00:00,436,0,35.10401,-106.324503,6976.632
2013-12-27T00:00:00,432,0,35.10401,-106.324503,6976.632
2013-09-03T00:00:00,428.8,0,35.10401,-106.324503,6976.632
