OBJECTID,Well_IDKey,Well_Name,Well_Depth,Well_Casing_Stickup,Well_Location_Latitude,Well_Location_Longitude,Well_Location_Elevation,Well_OSE_Permit,Well_Type,GlobalID,NMT_ID,IndexDesignation,AquiferCode,ScreenInterval,CreationDate,Creator,EditDate,Editor,x,y
1,373,9-Mile Hill LF,740,0,35.071526,-106.778477,5642.196,,MW,4f92c895-6b41-42d6-be6b-508ee44812fa,BC-0364,M,112SNTF,,2024-05-08T21:25:55,ccarsrud_EH,2025-10-20T14:05:52,pheinstein_NRS,-106.778476609042,35.0715255243028
2,374,Altamont,1010,1.11,35.17610167,-106.5263,5711.241,RG-93820-POD2,MW,e56613ba-f8f0-4bb2-ae44-c4700d667edf,BC-0446,M,112QTBFppm,,2024-05-08T21:25:55,ccarsrud_EH,2025-10-20T14:11:50,pheinstein_NRS,-106.5263,35.17610167
3,353,Anaya 01,340,2.8,34.9871611,-106.293375,7360.077,E-10193,DOM,26903459-7cf3-4b71-99be-a134fd0d783f,BC-0334,Y,325MDER,,2024-05-08T21:25:55,ccarsrud_EH,2025-05-30T19:44:39,pheinstein_NRS,-106.293375,34.9871611
4,354,Anaya 02,600,1,34.9831167,-106.3021028,7423.936,E-5078-X,DOM,a45279f2-4558-4c35-97e6-850e84cf9af1,BC-0335,Y,325MDER,,2024-05-08T21:25:55,ccarsrud_EH,2025-05-30T19:45:18,pheinstein_NRS,-106.3021028,34.9831167
5,375,Arroyo Vista,1424,0.89,35.097785,-106.7463583,5313.667,RG-67900-EXPL,MW,a27691e1-904a-490a-84dd-ba58eea2f69b,BC-0366,M,112SNTF,,2024-05-08T21:25:55,ccarsrud_EH,2025-05-30T19:45:53,pheinstein_NRS,-106.7463583,35.097785
6,376,Bachechi DW,125,0,35.19230833,-106.6398517,4995.491,RG-91005,MW,c8a6985a-b3be-43c1-b954-46ac2227b4de,BC-0367,M,100ALVM,,2024-05-08T21:25:55,ccarsrud_EH,2025-10-20T14:07:35,pheinstein_NRS,-106.6398517,35.1923083300001
7,377,Bachechi OW,47,3.4,35.19258167,-106.639535,4995.789,RG-91184-POD3,MW,9a5a650f-c82b-4ee6-b759-f22a77277274,BC-0368,M,100ALVM,,2024-05-08T21:25:55,ccarsrud_EH,2025-10-20T14:07:54,pheinstein_NRS,-106.639535,35.19258167
8,282,Bank Well 1,330,1.61,35.0563056,-106.4650944,5895.803,RG-91227,MW,5e4f1e98-9f9d-4f86-b43b-dc29f45ff00f,BC-0266,M,400SAND,,2024-05-08T21:25:55,ccarsrud_EH,2025-05-30T19:48:42,pheinstein_NRS,-106.4650944,35.0563056
9,198,BCFD 41,600,1.13,34.978561,-106.321527,7516.934,RG-30135,MW,f0456be5-cff4-4bb1-bcea-6d020cc10030,BC-0198,M,325MDER,,2024-05-08T21:25:55,ccarsrud_EH,2025-05-30T19:49:26,pheinstein_NRS,-106.321527,34.9785610000001
10,200,BCFD 41 Sub,600,2.36,34.98553,-106.260748,7256.632,E-4922,MW,ffe6a52c-1b14-4544-ad46-f91185837b21,BC-0200,M,325MDER,400 - 600,2024-05-08T21:25:55,ccarsrud_EH,2025-05-30T19:50:01,pheinstein_NRS,-106.260748,34.98553
11,201,BCFD 46,0,-0.4,35.162703,-106.343116,6811.818,S-231,MW,b6cfe2b8-3720-4e01-a5ef-f38e79845028,BC-0201,Z,,,2024-05-08T21:25:55,ccarsrud_EH,2025-05-30T19:50:40,pheinstein_NRS,-106.343116,35.1627030000001
12,202,BCFD 46 Sub,640,1.1,35.14094,-106.25482,6915.065,S-1342,MW,ba20d216-e77b-4777-bc1f-9fa303a45b5d,BC-0202,M,325MDER,,2024-05-08T21:25:55,ccarsrud_EH,2025-05-30T19:51:23,pheinstein_NRS,-106.25482,35.1409400000001
13,204,BCFD Wildland Sub,301,2.28,35.118025,-106.373254,6728.875,S-1202,MW,23a9f25f-28b0-4554-a77a-296adb30cd02,BC-0204,M,,,2024-05-08T21:25:55,ccarsrud_EH,2025-05-30T19:52:41,pheinstein_NRS,-106.373254,35.118025
14,199,BCPW EMA South Yard,123,1.8,35.095994,-106.369678,6440.233,S-02590,MW,0c13279a-4a6d-411f-a4f6-725f38c001b6,BC-0199,M,318YESO,67 - 123,2024-05-08T21:25:55,ccarsrud_EH,2025-05-30T19:53:22,pheinstein_NRS,-106.369678,35.0959940000001
15,205,BCPW EMA Transfer Station,300,0.3,35.098765,-106.361525,6468.615,RG-41160 renamed S-1551,MM,75aea855-a452-4edd-9565-85c5252fae2d,BC-0205,M,318ABO,,2024-05-08T21:25:55,ccarsrud_EH,2025-05-30T19:55:06,pheinstein_NRS,-106.361525,35.0987650000001
16,378,Big sky,900,1.5,35.1815333,-106.51952,5787.271,RG-74057,MM,123e3297-5dbb-44cc-ab4e-2edddab8603a,BC-0447,M,112QTBFppm,,2024-05-08T21:25:55,ccarsrud_EH,2025-10-20T14:11:16,pheinstein_NRS,-106.51952,35.1815333000001
17,292,Botts Ranch 1,370,1.83,35.133486,-106.377306,7058.816,S-2413,DOM,d66c2573-c70a-4db9-8430-e2663d8dd1fc,BC-0268,Y,,,2024-05-08T21:25:55,ccarsrud_EH,2025-05-30T19:56:47,pheinstein_NRS,-106.377306,35.1334860000001
18,293,Botts Ranch 2,400,2.63,35.133117,-106.377386,7066.634,S-2412,DOM,9071fd31-1eb7-42d6-852b-e1ba85ca3567,BC-0269,Y,,,2024-05-08T21:25:55,ccarsrud_EH,2025-05-30T19:57:06,pheinstein_NRS,-106.377386,35.133117
19,294,Botts Ranch 3,370,-5,35.134061,-106.379125,7100.462,S-02413,DOM,bfc4e2fc-6d6c-44b4-a471-eb9624db7d93,BC-0270,Y,,,2024-05-08T21:25:55,ccarsrud_EH,2025-05-30T19:57:28,pheinstein_NRS,-106.379125,35.134061
20,295,Botts Ranch 4,320,1.67,35.132233,-106.3733,7015.032,S-2402,DOM,4cb943ef-0df9-42f2-92e6-123c383ea11c,BC-0271,Y,,,2024-05-08T21:25:55,ccarsrud_EH,2025-05-21T17:10:38,pheinstein_NRS,-106.3733,35.132233
21,296,Botts Ranch 5,500,1.31,35.132075,-106.375436,7032.442,S-2715,DOM,5f5dcac1-bb55-4f46-9fa0-272593fefbd3,BC-0272,Y,,,2024-05-08T21:25:55,ccarsrud_EH,2025-05-30T19:59:25,pheinstein_NRS,-106.375436,35.132075
22,61,Botts Ranch 6,285,0.83,35.132347,-106.372909,7008.348,S-1769,DOM,b2332aad-1e7c-4b48-bac3-dd6b85d977f2,BC-0076,Y,,,2024-05-08T21:25:55,ccarsrud_EH,2025-05-30T19:59:54,pheinstein_NRS,-106.372909,35.132347
23,2,Buckboard 2,360,1.14,34.955972,-106.308379,7410.214,E-4316,DOM,7116a6c7-ce0c-4eb1-aa83-6c11a9ee1231,BC-0002,M,325MDER,300 - 360,2024-05-08T21:25:55,ccarsrud_EH,2025-05-30T20:07:10,pheinstein_NRS,-106.308379,34.955972
24,327,Buckboard 3,330,1.8,34.9593417,-106.3087889,7321.721,E-5350,DOM,0869d15b-a709-4455-b74b-ab58a9c4e6ea,BC-0273,Y,325MDER,275 - 315,2024-05-08T21:25:55,ccarsrud_EH,2025-05-30T20:07:58,pheinstein_NRS,-106.3087889,34.9593417
25,3,Canyon Estates 1,305,2.06,35.085908,-106.391488,6525.968,S-435 X,DOM,7e1ce1eb-4486-4058-b2b2-94eda34b481e,BC-0003,M,318YESO,,2024-05-08T21:25:55,ccarsrud_EH,2025-05-30T20:10:50,pheinstein_NRS,-106.391488,35.0859080000001
26,4,Z - Canyon Estates 2,360,1.4,35.087546,-106.388488,6608.959,S-1016,DOM,1115e7a7-0e39-4014-a741-062dfa59958f,BC-0004,Z,211MVRD,300 - 360,2024-05-08T21:25:55,ccarsrud_EH,2025-06-03T14:15:51,pheinstein_NRS,-106.388488,35.087546
28,230,Canyon Estates 4,200,1.67,35.085017,-106.386384,6452.674,S-720,DOM,84c58857-f2f5-4ba0-9be0-3823ebe43b34,BC-0230,Y,318ABO,150 - 200,2024-05-08T21:25:55,ccarsrud_EH,2025-05-30T20:12:43,pheinstein_NRS,-106.386384,35.0850170000001
29,212,Carlito Springs,40,-0.3,35.087931,-106.399657,6698.827,,MW,015f9b00-0db4-492b-95a4-a0660e8639db,BC-0212,M,Travertine,,2024-05-08T21:25:55,ccarsrud_EH,2025-05-30T20:14:39,pheinstein_NRS,-106.399657,35.087931
30,379,Cedar Hill,500,0,35.183198,-106.498026,6055.667,,MW,5667db6c-923c-490f-9a47-4237fe0ee683,BC-0373,M,112SNTF,,2024-05-08T21:25:55,ccarsrud_EH,2025-05-30T20:15:55,pheinstein_NRS,-106.49802579241,35.18319779397
31,83,Columbine Thompson 01,200,0,35.122519,-106.373269,6780.52,S-970,DOM,b1e13588-bdfb-4632-8c92-da232e0bc5d4,BC-0006,Y,,,2024-05-08T21:25:55,ccarsrud_EH,2025-05-30T20:16:51,pheinstein_NRS,-106.373269,35.1225190000001
32,59,Columbine Thompson 02,420,2.16,35.124779,-106.373188,6832.262,S-1102,DOM,3aa55e68-5b4c-48e0-8662-e66721a63ed1,BC-0007,Y,,,2024-05-08T21:25:55,ccarsrud_EH,2025-05-30T20:18:03,pheinstein_NRS,-106.373188,35.124779
33,82,Columbine Thompson 03,260,2.19,35.12412,-106.374826,6817.683,S-2746,DOM,5d785b3f-e4d8-416d-acf7-7beda4efaa25,BC-0008,Y,,,2024-05-08T21:25:55,ccarsrud_EH,2025-05-30T20:18:49,pheinstein_NRS,-106.374826,35.1241200000001
34,72,Columbine Thompson 04,540,1.28,35.127757,-106.375034,6891.692,S-1524 Pod 2,DOM,b9f114d3-d5ad-42cb-9541-02d5c2a0950e,BC-0009,Y,,,2024-05-08T21:25:55,ccarsrud_EH,2025-05-30T20:19:46,pheinstein_NRS,-106.375034,35.127757
35,73,Columbine Thompson 05,270,1.35,35.127739,-106.37513,6889.994,S-1524,DOM,3181c6d1-31c8-41b6-be5a-2b5818aa022e,BC-0010,M,313SADR,,2024-05-08T21:25:55,ccarsrud_EH,2025-05-30T20:20:45,pheinstein_NRS,-106.37513,35.1277390000001
36,175,Columbine Thompson 06,260,1.62,35.124048,-106.373567,6811.86,S-0082,DOM,7ef06378-eab8-49c8-a455-2ef29868c624,BC-0011,Y,,,2024-05-08T21:25:55,ccarsrud_EH,2025-05-30T20:22:02,pheinstein_NRS,-106.373567,35.1240480000001
37,176,Columbine Thompson 07,160,1.1,35.123948,-106.375639,6811.735,S-399,DOM,4c462e59-11f2-4998-b1ae-662a01c9bd21,BC-0012,Y,,,2024-05-08T21:25:55,ccarsrud_EH,2025-05-30T20:23:16,pheinstein_NRS,-106.375639,35.123948
38,222,Columbine Thompson 09,500,1.4,35.123104,-106.373629,6792.763,S-484,DOM,6e094168-0b34-43b3-a659-86de5dd378a1,BC-0222,Y,,,2024-05-08T21:25:55,ccarsrud_EH,2025-05-30T20:26:24,pheinstein_NRS,-106.373629,35.1231040000001
39,245,Columbine Thompson 10,179,2.4,35.126133,-106.379953,6930.938,S-00213,DOM,b8c7a64e-a29a-4e38-95c0-626b69396b78,BC-0245,Y,,,2024-05-08T21:25:55,ccarsrud_EH,2025-05-30T20:27:58,pheinstein_NRS,-106.379953,35.126133
40,380,Dennison Polo Park,152,0.99,34.962425,-106.7194817,4915.75,RG-90965,MW,e5cff7ba-3e8f-41b6-9bb3-82c4c1a9e170,BC-0374,M,112SNTF,,2024-05-08T21:25:55,ccarsrud_EH,2025-10-17T21:31:22,pheinstein_NRS,-106.7194817,34.9624250000001
41,381,Durand Open Space 1,20,0,35.003595,-106.688934,4921.694,RG-42763 POD1,MW,75fe5815-d844-4d5b-a76e-e0f44fa2310a,BC-0375,M,100ALVM,,2024-05-08T21:25:55,ccarsrud_EH,2025-10-17T21:44:19,pheinstein_NRS,-106.688934473797,35.0035948915616
42,408,Durand Open Space 2,20,0.875,35.00373,-106.689989,4920.91,RG-42763 POD2,MW,320d05b0-1650-4bc7-b921-8c007a9f1810,BC-0376,M,100ALVM,,2024-05-08T21:25:55,ccarsrud_EH,2025-10-20T14:12:51,pheinstein_NRS,-106.68998926123,35.0037297886792
43,345,Eagle Crest 01,500,1.8,35.0940083,-106.3616167,6674.676,S-01597 CLW2,DOM,91a1a98c-3102-4850-95fc-3b4ca4a0ccc1,BC-0336,Y,,418 - 498,2024-05-08T21:25:55,ccarsrud_EH,2025-05-30T21:15:34,pheinstein_NRS,-106.3616167,35.0940083
44,355,Eagle Crest 02,500,3,35.09345,-106.360967,6665.968,S-1653,DOM,175705cb-16c6-4c0d-9e0d-368d6eb88d83,BC-0337,Y,,,2024-05-08T21:25:55,ccarsrud_EH,2025-05-30T21:16:00,pheinstein_NRS,-106.360967,35.0934500000001
45,356,Eagle Crest 03,300,2.5,35.093497,-106.360925,6661.656,S-1653,DOM,d757940f-4575-49ef-b7ed-4f3fa045df27,BC-0338,Y,,,2024-05-08T21:25:55,ccarsrud_EH,2025-05-30T21:16:22,pheinstein_NRS,-106.360925,35.0934970000001
46,108,Echo Canyon 02,220,1.15,35.071764,-106.459859,6132.815,RG-64876,DOM,3c1058fb-3a7c-4598-819e-f69eb6e9729c,BC-0124,M,400SAND,200 - 220,2024-05-08T21:25:55,ccarsrud_EH,2025-05-30T21:17:15,pheinstein_NRS,-106.459859,35.071764
47,196,Echo Canyon 06,600,2.58,35.070375,-106.460937,6065.565,RG-73676 POD 2,DOM,e927f7ac-9a7d-42eb-bcb0-4494900a93f6,BC-0196,Y,400SAND,,2024-05-08T21:25:55,ccarsrud_EH,2025-05-30T21:18:20,pheinstein_NRS,-106.460937,35.0703750000001
48,229,Echo Canyon 07,400,1.36,35.06918,-106.460066,6025.839,RG-94390,DOM,e3ef36de-300b-44bf-92ee-8ee75bd1306b,BC-0229,Y,400SAND,,2024-05-08T21:25:55,ccarsrud_EH,2025-05-30T21:19:32,pheinstein_NRS,-106.460066,35.0691800000001
49,242,Echo Canyon 08,420,2.16,35.0681156718,-106.459316215,5991.453,RG-60925-POD2,DOM,cccfba15-3199-4076-b4d1-dae3e8ccd5fa,BC-0242,M,400SAND,,2024-05-08T21:25:55,ccarsrud_EH,2025-05-30T21:20:26,pheinstein_NRS,-106.459316215,35.068115672
50,259,Echo Canyon 09,285,1.2,35.0672848266,-106.459516467,5946.033,RG-74114,DOM,0b7af338-c3f6-4b41-ba5f-51137874de4a,BC-0258,Y,400SAND,,2024-05-08T21:25:55,ccarsrud_EH,2025-05-30T21:20:58,pheinstein_NRS,-106.459516467,35.067284827
51,260,Echo Canyon 10,305,1.43,35.0713281966,-106.460754794,6111.284,RG-82383,DOM,9731cba6-12c7-4234-89b9-5850310d07c9,BC-0256,Y,400SAND,,2024-05-08T21:25:55,ccarsrud_EH,2025-05-30T21:23:52,pheinstein_NRS,-106.460754794,35.0713281970001
52,6,EGC 01,306,2.76,35.06898,-106.44325,6101.655,RG-92869 POD 2,DOM,ff8838c7-4819-4f03-a4b8-8547a8d01fc4,BC-0014,M,400SAND,,2024-05-08T21:25:55,ccarsrud_EH,2025-05-30T21:25:03,pheinstein_NRS,-106.44325,35.0689800000001
53,10,Z - EGC 02,85,0.38,35.068989,-106.44319,6104.454,RG-92869 POD 1,DOM,725252f8-e801-4ef1-99c7-d269e35818eb,BC-0019,Z,,,2024-05-08T21:25:55,ccarsrud_EH,2025-06-03T14:17:01,pheinstein_NRS,-106.44319,35.068989
54,11,EGC 03,0,1.15,35.067211,-106.442266,6042.247,RG-54787,DOM,607cd724-88c6-47d9-83a4-37ac1d1075b4,BC-0020,Y,,,2024-05-08T21:25:55,ccarsrud_EH,2025-05-30T21:25:32,pheinstein_NRS,-106.442266,35.067211
55,13,EGC 05,185,1.35,35.059237,-106.46539,5790.533,RG-36085,DOM,15101fab-bbd5-4101-ad94-456daa5710a5,BC-0022,Y,400SAND,,2024-05-08T21:25:55,ccarsrud_EH,2025-05-30T21:26:40,pheinstein_NRS,-106.46539,35.0592370000001
56,14,EGC 06,85,2.3,35.065884,-106.441591,6003.66,RG-35205,DOM,a2281308-b22f-475b-91a8-72323b3ccb80,BC-0023,Y,050QUAL,,2024-05-08T21:25:55,ccarsrud_EH,2025-05-30T21:27:32,pheinstein_NRS,-106.441591,35.065884
57,17,EGC 09,125,1,35.066556,-106.441414,6024.047,RG-33327,DOM,e3a17a97-9732-4067-a975-d184013cdb55,BC-0026,Y,050QUAL,,2024-05-08T21:25:55,ccarsrud_EH,2025-05-30T21:28:17,pheinstein_NRS,-106.441414,35.066556
58,7,EGC 10,267,1.26,35.056431,-106.466587,5844.933,RG-91966,DOM,ab0ca9f9-d334-4146-9135-49709cffc2e3,BC-0015,Y,,,2024-05-08T21:25:55,ccarsrud_EH,2025-05-30T21:33:20,pheinstein_NRS,-106.466587,35.056431
59,8,EGC 11,210,2.45,35.059129,-106.463842,5818.747,RG-91798,DOM,c31b0485-f06c-45b9-96f8-19546ea64458,BC-0016,Y,,,2024-05-08T21:25:55,ccarsrud_EH,2025-05-30T21:33:49,pheinstein_NRS,-106.463842,35.059129
60,9,EGC 12,108,1.4,35.068438,-106.443238,6086.574,RG-25214,DOM,960693db-3088-4135-a0ad-2e497240bca0,BC-0017,Y,050QUAL,,2024-05-08T21:25:55,ccarsrud_EH,2025-05-30T21:34:48,pheinstein_NRS,-106.443238,35.0684380000001
61,193,EGC 13,145,1.55,35.073719,-106.44293,6243.036,RG-30171,DOM,4557262a-63cd-4b8c-8f94-49267da560e1,BC-0018,M,400SAND,,2024-05-08T21:25:55,ccarsrud_EH,2025-05-30T21:35:34,pheinstein_NRS,-106.44293,35.073719
62,357,EGC 14,130,-2.2,35.06775,-106.444492,6064.559,RG-38149,DOM,22de36b1-287c-4062-9ae5-389904e18522,BC-0339,Y,400SAND,,2024-05-08T21:25:55,ccarsrud_EH,2025-05-30T21:35:58,pheinstein_NRS,-106.444492,35.06775
63,243,EGC 15,320,1.25,35.0679489776,-106.443570209,6075.479,RG-38149-POD2,DOM,9ad68ff0-e65b-4026-b401-b7c6cfd261cf,BC-0243,M,400SAND,,2024-05-08T21:25:55,ccarsrud_EH,2025-05-30T21:36:47,pheinstein_NRS,-106.443570209,35.0679489780001
64,258,EGC 16,510,0.88,35.052854316,-106.469277679,5961.214,RG-87064,DOM,643314ac-428c-4e23-b67d-cf2ca7c30b47,BC-0257,Y,400SAND,,2024-05-08T21:25:55,ccarsrud_EH,2025-05-30T21:38:01,pheinstein_NRS,-106.469277679,35.052854316
65,274,EGC 24,140,1.4,35.0637444,-106.4454861,5964.808,RG-46270-POD1,DOM,0fb6554a-753f-4043-af76-ec9b8c6db154,BC-0281,Y,400SAND,,2024-05-08T21:25:55,ccarsrud_EH,2025-05-30T21:38:33,pheinstein_NRS,-106.4454861,35.0637444000001
66,285,EGC 25,0,-1.1,35.0707889,-106.44335,6158.174,RG-93579-POD1,DOM,e4957ac2-bf9d-482f-8837-cb06149b1fa1,BC-0282,Y,,,2024-05-08T21:25:55,ccarsrud_EH,2025-05-30T21:39:11,pheinstein_NRS,-106.44335,35.0707889
67,340,EGC 26,120,1.79,35.0591472,-106.4671722,5767.416,RG-57340,DOM,9a1e84eb-2569-4a07-9b01-eeb69d054daf,BC-0340,Y,050QUAL,,2024-05-08T21:25:55,ccarsrud_EH,2025-05-30T21:40:47,pheinstein_NRS,-106.4671722,35.0591472
68,18,Z - EMC NE 01,790,1.13,35.136284,-106.348362,7124.498,S-02676 POD 1,DOM,b148e942-debf-4250-a053-c677fb636399,BC-0027,Z,211MVRD,,2024-05-08T21:25:55,ccarsrud_EH,2025-06-03T14:27:43,pheinstein_NRS,-106.348362,35.136284
69,29,EMC NE 02,300,1.58,35.122116,-106.324505,6751.931,S-979,DOM,fbbdfbcf-d1ae-45de-b38b-54f4b4467252,BC-0038,M,318ABO,240 - 300,2024-05-08T21:25:55,ccarsrud_EH,2025-05-30T22:01:40,pheinstein_NRS,-106.324505,35.1221160000001
70,40,EMC NE 03,190,1.19,35.168842,-106.329829,6688.364,S-1900,DOM,5a6b4d1f-3e1e-4a20-8aa1-c92df2acf3a5,BC-0049,M,,,2024-05-08T21:25:55,ccarsrud_EH,2025-10-20T14:14:58,pheinstein_NRS,-106.329829,35.168842
71,52,EMC NE 05,360,1.67,35.167161,-106.331747,6702.908,S-2659 POD2,DOM,be1a27c0-4346-4726-a855-317d7578384d,BC-0068,Y,,,2024-05-08T21:25:55,ccarsrud_EH,2025-05-30T22:03:47,pheinstein_NRS,-106.331747,35.1671610000001
72,53,EMC NE 06,100,1.37,35.169641,-106.331406,6701.248,S-1455,DOM,6961d384-608b-4bde-a290-c7089bb18efb,BC-0069,Y,,,2024-05-08T21:25:55,ccarsrud_EH,2025-05-30T22:04:21,pheinstein_NRS,-106.331406,35.1696410000001
73,55,EMC NE 08,0,1.27,35.151189,-106.341208,6972.316,S-2546,DOM,1b6233ce-d6e8-4215-a7c5-a1c35191aab0,BC-0071,Y,,,2024-05-08T21:25:55,ccarsrud_EH,2025-06-02T14:18:38,pheinstein_NRS,-106.341208,35.151189
74,19,EMC NE 10,175,0.53,35.148022,-106.304186,6703.054,S-2066,DOM,76abdd92-3de0-4a7b-bd14-253840b4ab7b,BC-0028,Y,,,2024-05-08T21:25:55,ccarsrud_EH,2025-06-02T14:20:02,pheinstein_NRS,-106.304186,35.148022
75,22,EMC NE 13,320,1.78,35.151845,-106.306986,6708.788,S-1458,DOM,57889708-9b35-4ffc-b7b9-688a109bfcbe,BC-0031,Y,,,2024-05-08T21:25:55,ccarsrud_EH,2025-06-02T14:21:05,pheinstein_NRS,-106.306986,35.151845
76,23,EMC NE 14,220,1.1,35.150443,-106.282379,6869.408,S-1931,DOM,81301568-450c-4ab2-9cd5-b3cb7f1b6f8d,BC-0032,Y,325MDER,,2024-05-08T21:25:55,ccarsrud_EH,2025-06-02T14:22:54,pheinstein_NRS,-106.282379,35.1504430000001
77,24,EMC NE 15,225,0.81,35.148685,-106.282192,6850.227,S-2159,DOM,f9757ba6-49c2-4590-8abc-a3a96542aaea,BC-0033,Y,325MDER,,2024-05-08T21:25:55,ccarsrud_EH,2025-06-02T14:23:19,pheinstein_NRS,-106.282192,35.1486850000001
78,25,Z-EMC NE 16,160,1.5,35.091843,-106.379097,6476.12,S-624,DOM,ed27153d-43ad-42a1-a5a7-37bce6dcd03a,BC-0034,Z,,,2024-05-08T21:25:55,ccarsrud_EH,2025-05-30T20:29:48,pheinstein_NRS,-106.379097,35.091843
79,26,EMC NE 17,320,1.8,35.1455457475,-106.286498195,6811.27,S-0312,DOM,7f0b37a3-0d4e-4627-84c9-e69f28a474f9,BC-0035,Y,325MDER,,2024-05-08T21:25:55,ccarsrud_EH,2025-06-02T14:26:46,pheinstein_NRS,-106.286498195,35.1455457480001
80,27,EMC NE 18,350,0.8,35.109483,-106.340647,6776.558,S-569,DOM,a9c866c0-41fc-49ff-9bdf-ff540bb34e51,BC-0036,Y,318ABO,250 - 350,2024-05-08T21:25:55,ccarsrud_EH,2025-06-02T14:35:15,pheinstein_NRS,-106.340647,35.1094830000001
81,30,EMC NE 20,425,1.6,35.147862,-106.317594,6881.697,S-1368,DOM,bf4e0916-8ddd-4cf1-87e4-4c01d09190c2,BC-0039,Y,,,2024-05-08T21:25:55,ccarsrud_EH,2025-06-02T14:35:49,pheinstein_NRS,-106.317594,35.147862
82,31,EMC NE 21,500,0.92,35.136879,-106.288384,6849.19,S-0252,DOM,4f968d32-bdeb-49bb-bcec-681e8d876b64,BC-0040,Y,325MDER,,2024-05-08T21:25:55,ccarsrud_EH,2025-06-02T14:36:46,pheinstein_NRS,-106.288384,35.1368790000001
83,33,EMC NE 23,340,1.37,35.140589,-106.300129,6795.832,S-1283,DOM,2a5c70f7-621c-4f0e-801c-812d42afe4de,BC-0042,Y,325MDER,,2024-05-08T21:25:55,ccarsrud_EH,2025-06-02T14:38:38,pheinstein_NRS,-106.300129,35.140589
84,34,EMC NE 24,580,1.78,35.144818,-106.348565,6989.752,S-1042,DOM,81a6020e-1dd5-4f27-b5d6-faac2dd6f8cc,BC-0043,Y,,,2024-05-08T21:25:55,ccarsrud_EH,2025-05-21T18:49:13,pheinstein_NRS,-106.348565,35.144818
85,35,EMC NE 25,240,1.72,35.114646,-106.30596,6862.176,S-507,DOM,44c3307c-151e-4b5f-bf0d-671d0eb4d11a,BC-0044,Y,325MDER,200 - 240,2024-05-08T21:25:55,ccarsrud_EH,2025-06-02T14:39:44,pheinstein_NRS,-106.30596,35.1146460000001
86,36,Z - EMC NE 26,0,1.02,35.118899,-106.30272,6905.135,S-03004-POD1,DOM,6f075030-5501-4fff-91c0-197f752001f3,BC-0045,Z,325MDER,,2024-05-08T21:25:55,ccarsrud_EH,2025-06-03T14:45:24,pheinstein_NRS,-106.30272,35.1188990000001
87,37,EMC NE 27,392,0.46,35.113436,-106.336346,6812.35,02738,DOM,62ae99c1-0505-4384-adea-74fe5b6208fc,BC-0046,M,,,2024-05-08T21:25:55,ccarsrud_EH,2025-06-02T14:41:33,pheinstein_NRS,-106.336346,35.113436
88,38,EMC NE 28,245,1.68,35.147246,-106.286927,6837.441,S-1866,DOM,f5a5805a-3f32-45ce-b895-3b459b2dc326,BC-0047,Y,325MDER,,2024-05-08T21:25:55,ccarsrud_EH,2025-06-02T14:43:08,pheinstein_NRS,-106.286927,35.1472460000001
89,39,EMC NE 29,485,0.46,35.151758,-106.347886,6973.198,S-0410,DOM,832140c2-1ac1-4c11-ba80-f6b16eb3ae04,BC-0048,Y,,,2024-05-08T21:25:55,ccarsrud_EH,2025-06-02T14:45:32,pheinstein_NRS,-106.347886,35.151758
90,41,Z - EMC NE 30,325,1.9,35.145914,-106.340873,6904.315,S-1698,DOM,0edea54e-f3a0-4373-b72a-57862ecc18a1,BC-0050,Z,,,2024-05-08T21:25:55,ccarsrud_EH,2025-06-03T14:38:18,pheinstein_NRS,-106.340873,35.1459140000001
91,42,Z - EMC NE 31,245,1.95,35.135516,-106.34223,6944.08,S-379,DOM,8f6c99b4-e071-40f7-b11f-7f5d98a00587,BC-0051,Z,211MVRD,,2024-05-08T21:25:55,ccarsrud_EH,2025-06-03T14:29:19,pheinstein_NRS,-106.34223,35.1355160000001
92,44,EMC NE 33,240,2.07,35.115748,-106.305948,6850.781,S-1302,DOM,7acd6990-8a5d-47fe-bfb7-080862d5d080,BC-0053,Y,325MDER,200 - 240,2024-05-08T21:25:55,ccarsrud_EH,2025-06-02T16:03:42,pheinstein_NRS,-106.305948,35.1157480000001
93,45,EMC NE 34,460,0.78,35.12949,-106.304402,6875.759,S-1439,DOM,38372767-73ee-4d3f-8237-8a32100ffe73,BC-0054,Y,325MDER,,2024-05-08T21:25:55,ccarsrud_EH,2025-06-02T16:04:08,pheinstein_NRS,-106.304402,35.12949
94,46,EMC NE 35,160,1.15,35.103306,-106.355899,6558.479,S-1173,DOM,fa9900ce-4a02-4643-8425-d99b84f79554,BC-0055,Y,310GLOR,120 - 160,2024-05-08T21:25:55,ccarsrud_EH,2025-06-02T16:06:16,pheinstein_NRS,-106.355899,35.103306
95,47,EMC NE 36,245,1.68,35.136449,-106.335825,6959.096,S-01936,DOM,21b13425-b362-4ca2-8eb3-f1ddf1843e5b,BC-0056,Y,211MVRD,,2024-05-08T21:25:55,ccarsrud_EH,2025-06-02T16:04:49,pheinstein_NRS,-106.335825,35.136449
96,48,EMC NE 37,425,2.18,35.134622,-106.340179,6908.833,S-0858,DOM,7b17c80e-da21-4fd8-895a-45e152d6a845,BC-0057,M,211MVRD,,2024-05-08T21:25:55,ccarsrud_EH,2025-06-02T16:05:22,pheinstein_NRS,-106.340179,35.134622
97,49,EMC NE 38,216,1.34,35.111586,-106.340714,6669.654,S-363,DOM,2fce9ef4-b90f-44f1-afb5-cd8bb7db9948,BC-0058,Y,318YESO,,2024-05-08T21:25:55,ccarsrud_EH,2025-06-02T18:47:33,pheinstein_NRS,-106.340714,35.111586
98,50,EMC NE 39,343,1.16,35.14805,-106.303518,6706.269,S-2730,DOM,e23f37ea-d99a-4c0d-8dc1-c6567c9abef6,BC-0059,Y,,,2024-05-08T21:25:55,ccarsrud_EH,2025-06-02T18:49:26,pheinstein_NRS,-106.303518,35.1480500000001
99,177,EMC NE 40,245,1.23,35.135823,-106.338077,6920.579,S-1936,DOM,35348c74-8cdb-4ac7-874a-052fc72485f3,BC-0061,Y,211MVRD,,2024-05-08T21:25:55,ccarsrud_EH,2025-06-02T18:50:21,pheinstein_NRS,-106.338077,35.1358230000001
100,182,EMC NE 42,385,1.75,35.131388,-106.328991,6853.778,S-2071,DOM,68479d65-81c9-4a1b-a4f6-c3f4478489fb,BC-0063,Y,210MNCS,345 - 385,2024-05-08T21:25:55,ccarsrud_EH,2025-06-02T18:51:06,pheinstein_NRS,-106.328991,35.1313880000001
101,184,EMC NE 44,400,1.4,35.127765,-106.322788,6821.144,S-2153,DOM,659c5e81-cf55-4fd8-991c-705b387b13e2,BC-0065,Y,318ABO,360 - 400,2024-05-08T21:25:55,ccarsrud_EH,2025-06-02T18:51:28,pheinstein_NRS,-106.322788,35.1277650000001
102,185,EMC NE 45,130,1.9,35.103009,-106.352831,6562.724,S-1629,DOM,f7b74782-bfcc-467e-b79c-57d273b280cd,BC-0066,Y,318ABO,80 - 130,2024-05-08T21:25:55,ccarsrud_EH,2025-06-02T19:05:11,pheinstein_NRS,-106.352831,35.103009
103,192,EMC NE 46,300,1.58,35.144467,-106.291638,6777.277,S-1436,DOM,3c05e196-eb67-4378-bde2-d04b929e086a,BC-0067,M,325MDER,,2024-05-08T21:25:55,ccarsrud_EH,2025-06-02T19:06:49,pheinstein_NRS,-106.291638,35.1444670000001
104,197,EMC NE 47,605,0.62,35.116342,-106.308719,6890.607,S-1093,DOM,9da847b3-0117-48ca-a6f4-a34d9cb67688,BC-0197,Y,325MDER,,2024-05-08T21:25:55,ccarsrud_EH,2025-06-02T19:27:57,pheinstein_NRS,-106.308719,35.116342
105,227,EMC NE 48,260,0,35.151487,-106.30782,6695.93,S-1362,DOM,9b64f2db-d44c-4274-b9da-8a3bb2474af5,BC-0227,Y,,,2024-05-08T21:25:55,ccarsrud_EH,2025-06-02T19:29:04,pheinstein_NRS,-106.30782,35.151487
106,232,EMC NE 50,160,0.71,35.11594,-106.307476,6845.058,NA,DOM,3c5dfb69-848a-4a24-9c8a-6931c2586d32,BC-0232,Y,325MDER,,2024-05-08T21:25:55,ccarsrud_EH,2025-06-02T19:31:56,pheinstein_NRS,-106.307476,35.1159400000001
107,234,EMC NE 51,0,0.96,35.110667,-106.368483,6779.049,S02906pod1,DOM,4b9ed0a4-77bc-45ec-8551-742c5415599a,BC-0234,Y,,,2024-05-08T21:25:55,ccarsrud_EH,2025-06-02T19:30:17,pheinstein_NRS,-106.368483,35.110667
108,235,EMC NE 52,0,-2.91,35.109868,-106.373182,6606.127,S-02983 POD1,DOM,42abaefc-27f3-4164-88ba-0325c5a0f139,BC-0235,Y,,,2024-05-08T21:25:55,ccarsrud_EH,2025-06-02T20:08:43,pheinstein_NRS,-106.373182,35.1098680000001
109,257,EMC NE 53,340,0.86,35.1514874527,-106.333423122,6788.784,S-02954-POD1,DOM,326e5856-37c2-4b35-be03-a50cb5f25d5e,BC-0256,M,,,2024-05-08T21:25:55,ccarsrud_EH,2025-06-02T20:10:14,pheinstein_NRS,-106.333423122,35.1514874530001
110,261,EMC NE 54,385,1.7,35.1200506699,-106.320193212,6906.991,S-1872,DOM,fd7a5e48-1e64-4b24-8627-32ca4cbeb3e4,BC-0260,Y,325MDER,,2024-05-08T21:25:55,ccarsrud_EH,2025-06-02T20:16:41,pheinstein_NRS,-106.320193212,35.1200506700001
111,262,EMC NE 55,500,1.65,35.1135221511,-106.360831074,6686.433,S-2630,DOM,30b95537-f992-4218-86e4-fcdad9351759,BC-0261,Y,,,2024-05-08T21:25:55,ccarsrud_EH,2025-06-02T20:17:34,pheinstein_NRS,-106.360831074,35.113522151
112,279,EMC NE 56,160,1.75,35.1443417,-106.2870694,6792.298,S-01444-POD2,DOM,347769a6-beed-46dd-be48-b1a6a15a00aa,BC-0283,Y,325MDER,,2024-05-08T21:25:55,ccarsrud_EH,2025-06-02T20:14:06,pheinstein_NRS,-106.2870694,35.1443417
113,280,EMC NE 57,305,2.05,35.1162528,-106.3418,6654.696,S-01882,DOM,e6d7f872-c05c-499a-940f-045905eb5571,BC-0284,M,210MNCS,240 - 280,2024-05-08T21:25:55,ccarsrud_EH,2025-06-02T20:15:37,pheinstein_NRS,-106.3418,35.1162528
114,325,EMC NE 58,342,0.67,35.1299861,-106.3062361,6864.598,S-196,DOM,329349dd-47c2-4ffa-9e60-921d6c16c885,BC-0285,Y,325MDER,,2024-05-08T21:25:55,ccarsrud_EH,2025-06-02T20:12:39,pheinstein_NRS,-106.3062361,35.1299861000001
115,297,Z - EMC NE 59,220,0,35.1049139,-106.3527194,6622.742,,DOM,a190997d-2866-4c78-82a0-e44fb350def9,BC-0286,Z,,,2024-05-08T21:25:55,ccarsrud_EH,2025-06-03T14:39:20,pheinstein_NRS,-106.3527194,35.1049139
116,298,Z - EMC NE 60,0,2.19,35.1342278,-106.3365583,6995.611,,DOM,7167a4dc-4b7c-4b4d-9962-45396e840176,BC-0287,Z,211MVRD,,2024-05-08T21:25:55,ccarsrud_EH,2025-06-03T14:30:38,pheinstein_NRS,-106.3365583,35.1342278000001
117,299,EMC NE 61,400,1.57,35.1144667,-106.334375,6849.583,S-2824,DOM,d86837fb-746a-4329-9d8c-595e75ab6fbf,BC-0288,Y,,,2024-05-08T21:25:55,ccarsrud_EH,2025-06-02T20:21:07,pheinstein_NRS,-106.334375,35.1144667
118,300,EMC NE 62,140,1.73,35.0910361,-106.3788,6456.813,S-1446,DOM,6d1f4a4f-e025-452a-96d6-bce01e594370,BC-0289,M,318ABO,,2024-05-08T21:25:55,ccarsrud_EH,2025-06-02T20:21:55,pheinstein_NRS,-106.3788,35.0910361000001
119,359,Z - EMC NE 63,0,0,35.14275,-106.361139,6996.928,,DOM,c879dd87-5d96-4964-8dbf-064e61e50525,BC-0341,Z,,,2024-05-08T21:25:55,ccarsrud_EH,2025-06-03T14:50:36,pheinstein_NRS,-106.361139,35.14275
120,301,EMC NE 64,228,1.74,35.1396361,-106.3043472,6794.482,S-0441,DOM,52ea5da4-87b2-4976-a2fb-9d386a8ce9f8,BC-0290,Y,325MDER,,2024-05-08T21:25:55,ccarsrud_EH,2025-06-02T20:11:57,pheinstein_NRS,-106.3043472,35.1396361000001
121,303,EMC NE 68,300,0.9,35.1228278,-106.3290556,6767.363,S-0374,DOM,16862c08-23df-4ece-b71f-f3f0bb0d7aed,BC-0292,Y,318ABO,,2024-05-08T21:25:55,ccarsrud_EH,2025-06-02T20:23:52,pheinstein_NRS,-106.3290556,35.1228278
122,304,EMC NE 69,240,1.81,35.1046972,-106.3688778,6559.891,S-02493,DOM,7bb84ec6-d64f-4429-b5b3-69b358440d66,BC-0293,Y,,,2024-05-08T21:25:55,ccarsrud_EH,2025-06-02T20:25:07,pheinstein_NRS,-106.3688778,35.1046972
123,305,EMC NE 70,320,2.15,35.1530806,-106.3565278,6927.883,S-2798,DOM,962fd330-218b-4306-b960-8bbcbc784c7b,BC-0294,Y,,,2024-05-08T21:25:55,ccarsrud_EH,2025-06-02T20:25:54,pheinstein_NRS,-106.3565278,35.1530806000001
124,328,EMC NE 71,427,1.5,35.1489722,-106.3170778,6876.223,,DOM,f10bc77b-f9d3-4213-a65c-8ae3b962654a,BC-0295,Y,,,2024-05-08T21:25:55,ccarsrud_EH,2025-06-02T20:11:22,pheinstein_NRS,-106.3170778,35.1489722000001
125,341,EMC NE 72,330,1.65,35.12487,-106.332594,6735794,S-1863,DOM,102d0156-c9eb-41c0-9a47-150083e6d557,BC-0342,Y,,,2024-05-08T21:25:55,ccarsrud_EH,2025-06-02T20:26:45,pheinstein_NRS,-106.332593566043,35.1243873173202
126,68,EMC NW 02,300,1.5,35.150252,-106.362798,6987.906,S-0609,DOM,254f81cb-61be-4a06-be95-9bbfa5192d8a,BC-0083,Z,,,2024-05-08T21:25:55,ccarsrud_EH,2025-05-30T22:21:46,pheinstein_NRS,-106.362798,35.1502520000001
127,79,EMC NW 03,100,1.69,35.096094,-106.382342,6559.529,S-2013,DOM,39bcf4e6-6eaa-4bcf-bb5c-932c350ad4ec,BC-0092,M,221MRSN,,2024-05-08T21:25:55,ccarsrud_EH,2025-06-02T16:28:55,pheinstein_NRS,-106.382342,35.0960940000001
128,84,EMC NW 06,180,1.37,35.158293,-106.352572,6877.979,S-2614,DOM,896bb82f-ffe5-4136-9de0-b2747ed9dc40,BC-0098,Y,,,2024-05-08T21:25:55,ccarsrud_EH,2025-06-02T16:29:52,pheinstein_NRS,-106.352572,35.1582930000001
130,87,EMC NW 09,280,1.26,35.165702,-106.347948,6852.766,S-131 Pod 2,DOM,601c0d68-168c-45c7-8778-82c59db2c9f1,BC-0101,M,231CHNL,,2024-05-08T21:25:55,ccarsrud_EH,2025-06-02T16:30:40,pheinstein_NRS,-106.347948,35.1657020000001
131,62,EMC NW 14,420,1.14,35.142167,-106.373533,7118.455,S-1663,DOM,e6fc40b7-1329-451d-aabf-ac3320e0bb05,BC-0077,M,313SADR,,2024-05-08T21:25:55,ccarsrud_EH,2025-06-02T18:08:10,pheinstein_NRS,-106.373533,35.142167
132,63,Z - EMC NW 15,205,1.23,35.144836,-106.370371,7023.423,S-1674,DOM,eec978ed-fe2a-49be-bfe3-066bbb8ecf46,BC-0078,Z,,,2024-05-08T21:25:55,ccarsrud_EH,2025-06-03T15:07:10,pheinstein_NRS,-106.370371,35.1448360000001
133,64,EMC NW 16,400,1.32,35.144807,-106.370421,7023.557,S-1674,DOM,8432360b-e178-40aa-a647-4d17027e2caf,BC-0079,Y,,,2024-05-08T21:25:55,ccarsrud_EH,2025-06-02T18:09:33,pheinstein_NRS,-106.370421,35.1448070000001
134,67,EMC NW 19,40,0.35,35.168952,-106.367498,7098.691,RG-84584,DOM,2c67423b-983b-4bb9-b1cc-ad2310c9622f,BC-0082,Y,,,2024-05-08T21:25:55,ccarsrud_EH,2025-06-02T19:47:22,pheinstein_NRS,-106.367498,35.168952
135,69,Z - EMC NW 20 ,210,1.1,35.168045,-106.347473,6850.034,S-1810,DOM,153f1b17-1e37-4cf4-92c1-a35eb80eaa32,BC-0084,Z,,,2024-05-08T21:25:55,ccarsrud_EH,2025-06-03T14:55:05,pheinstein_NRS,-106.347473,35.1680450000001
136,70,EMC NW 21,97,1.35,35.166717,-106.347739,6840.231,S-963,DOM,090271e0-e018-4df8-bd47-badc7dd1c78f,BC-0085,Y,,,2024-05-08T21:25:55,ccarsrud_EH,2025-06-02T19:48:05,pheinstein_NRS,-106.347739,35.1667170000001
137,74,EMC NW 25,340,1.48,35.138128,-106.368026,6901.512,S-1469 POD 2,DOM,7cfc19ca-811d-41aa-9550-4ded75ea1c2f,BC-0087,Y,,,2024-05-08T21:25:55,ccarsrud_EH,2025-06-02T18:26:34,pheinstein_NRS,-106.368026,35.1381280000001
138,77,EMC NW 28,300,1.55,35.13525,-106.372868,6947.372,S-428 POD 3,DOM,86e9a004-74ba-429a-87f6-7286a32c9ef0,BC-0090,Y,,,2024-05-08T21:25:55,ccarsrud_EH,2025-06-02T18:27:06,pheinstein_NRS,-106.372868,35.13525
139,78,EMC NW 29,0,1.66,35.130819,-106.370928,6985.191,,DOM,1e657873-90af-463d-ba84-550a1fdb7d5e,BC-0091,Y,,,2024-05-08T21:25:55,ccarsrud_EH,2025-06-02T18:29:01,pheinstein_NRS,-106.370928,35.130819
140,80,EMC NW 30,300,1.1,35.133411,-106.370973,6905.431,S-1058 RPR X POD 2,DOM,47763681-80d8-45a7-9d41-c6a258b7eff5,BC-0093,Y,,,2024-05-08T21:25:55,ccarsrud_EH,2025-06-02T18:28:19,pheinstein_NRS,-106.370973,35.133411
141,81,EMC NW 31,125,1.46,35.1695,-106.368964,7128.619,S-735 POD 1,DOM,d90c47f2-486b-49e7-a52d-eb07c36b2ce1,BC-0094,Y,,,2024-05-08T21:25:55,ccarsrud_EH,2025-06-02T20:28:45,pheinstein_NRS,-106.368964,35.1695
142,180,EMC NW 32,80,0.4,35.170242,-106.370226,7164.436,S-00042-POD1,DOM,08fd2929-91ad-464d-ab64-7f0046b926ad,BC-0095,Y,,,2024-05-08T21:25:55,ccarsrud_EH,2025-06-02T20:29:09,pheinstein_NRS,-106.370226,35.170242
143,191,Z - EMC NW 33,280,0,35.168883,-106.34849,6866.76,S-2346,DOM,92160cc5-fa58-4454-93f7-ce763a39a146,BC-0096,Z,,,2024-05-08T21:25:55,ccarsrud_EH,2025-06-03T14:55:46,pheinstein_NRS,-106.34849,35.1688830000001
144,223,EMC NW 35,320,1.62,35.15107,-106.365416,7052.605,S-2321,DOM,18dfd4d6-b188-491d-9335-85600b7a0df1,BC-0223,Y,,,2024-05-08T21:25:55,ccarsrud_EH,2025-06-02T18:30:08,pheinstein_NRS,-106.365416,35.1510700000001
145,225,EMC NW 36,100,1.65,35.169665,-106.36826,7125.892,S-1486,DOM,c8f77d7e-5ad6-42d5-a192-8c6b729f592f,BC-0225,Y,,,2024-05-08T21:25:55,ccarsrud_EH,2025-06-02T20:31:14,pheinstein_NRS,-106.36826,35.1696650000001
146,226,EMC NW 37,500,-0.35,35.207788,-106.359911,7015.742,S-1088,DOM,c67831b0-3b2a-432a-b1d1-f90a39f69607,BC-0226,Y,325MDER,,2024-05-08T21:25:55,ccarsrud_EH,2025-06-02T20:33:40,pheinstein_NRS,-106.359911,35.2077880000001
147,246,EMC NW 38,250,1.72,35.165123,-106.348175,6860.13,S-2639,DOM,7fa534c9-7c7d-44dd-a38f-b1b2a75f8ac6,BC-0246,Y,,,2024-05-08T21:25:55,ccarsrud_EH,2025-06-02T18:16:51,pheinstein_NRS,-106.348175,35.1651230000001
149,255,EMC NW 40,450,1.79,35.149526726,-106.363944548,7001.533,S-2208 POD 2,DOM,1b3d6630-9f23-4f8e-8736-055581167a1f,BC-0255,Y,,,2024-05-08T21:25:55,ccarsrud_EH,2025-06-02T20:34:16,pheinstein_NRS,-106.363944548,35.149526726
150,306,EMC NW 41,400,1.2,35.1679667,-106.3468306,6842.737,S-01807 pod2,DOM,0632517d-8535-4fff-ba32-aa0e47b2af53,BC-0296,Y,,,2024-05-08T21:25:55,ccarsrud_EH,2025-06-02T18:17:43,pheinstein_NRS,-106.3468306,35.1679667000001
151,307,EMC NW 42,385,0.95,35.1637306,-106.3609389,7094.032,,DOM,3e8b6e62-ded9-458c-a5ef-05c3803cec75,BC-0297,Y,,,2024-05-08T21:25:55,ccarsrud_EH,2025-06-02T18:31:05,pheinstein_NRS,-106.3609389,35.1637306000001
152,309,EMC NW 44,380,1.85,35.1558139,-106.3600861,7024.136,S-2718,DOM,b8215a8d-70b5-43c2-8966-738c926172a5,BC-0299,Y,,,2024-05-08T21:25:55,ccarsrud_EH,2025-06-02T18:16:03,pheinstein_NRS,-106.3600861,35.1558139000001
153,310,EMC NW 45,200,1.8,35.1665528,-106.3595528,6990.595,S-02176,DOM,73b93590-6f0e-4599-a9b3-39b5a60c0667,BC-0300,Y,,,2024-05-08T21:25:55,ccarsrud_EH,2025-06-02T20:35:01,pheinstein_NRS,-106.3595528,35.1665528
154,329,EMC NW 48,480,2.13,35.1082222,-106.3772028,6673.612,S-0768,DOM,257f8c5a-52c9-457f-8d70-03f27bdce387,BC-0303,Y,,,2024-05-08T21:25:55,ccarsrud_EH,2025-06-02T16:25:37,pheinstein_NRS,-106.3772028,35.1082222000001
155,330,Z - EMC NW 49,0,1.01,35.1082389,-106.3771611,6673.612,,DOM,391fb9fb-6dc6-4687-bf63-6d6fb3f64b09,BC-0304,Z,,,2024-05-08T21:25:55,ccarsrud_EH,2025-06-02T16:26:26,pheinstein_NRS,-106.3771611,35.1082389000001
156,342,EMC NW 50,265,0.97,35.169876,-106.35988,7074.835,S-2202,DOM,ab9650bd-97c6-477d-860c-bb19df7d6254,BC-0343,M,318ABO,,2024-05-08T21:25:55,ccarsrud_EH,2025-06-02T18:21:14,pheinstein_NRS,-106.359880064376,35.1698759563559
157,343,EMC NW 51,415,1.37,35.1699722,-106.3599972,7081.205,S-2202,DOM,531e0a94-593e-4231-b8df-9b517c889741,BC-0344,Y,,,2024-05-08T21:25:55,ccarsrud_EH,2025-06-02T18:21:34,pheinstein_NRS,-106.3599972,35.1699722000001
158,360,EMC NW 52,225,1.4,35.136983,-106.369314,6910.773,S-0673,DOM,32e2e59d-83ba-47ef-99a0-211a228fd941,BC-0345,Y,,,2024-05-08T21:25:55,ccarsrud_EH,2025-06-02T18:22:01,pheinstein_NRS,-106.369314,35.136983
159,344,EMC NW 53,0,1.5,35.1668028,-106.3490833,6861.182,S-2969,DOM,588c00f1-2c0e-46a3-840c-4edcb7748dd3,BC-0346,Y,,,2024-05-08T21:25:55,ccarsrud_EH,2025-06-02T18:20:14,pheinstein_NRS,-106.3490833,35.1668028
160,409,EMC NW 54,500,2,35.1305639,-106.3707944,6987.177,,DOM,c3e2623e-59ed-43cd-bbaa-849d537a4a90,BC-0379,Y,,,2024-05-08T21:25:55,ccarsrud_EH,2025-06-02T18:12:18,pheinstein_NRS,-106.3707944,35.1305639
161,88,EMC SE 01,600,0.86,34.985373,-106.324903,7561.178,RG-44390,DOM,5ea4aba2-5172-4e51-a1fc-bd0c3aa76072,BC-0102,M,325MDER,,2024-05-08T21:25:55,ccarsrud_EH,2025-06-02T20:35:35,pheinstein_NRS,-106.324903,34.985373
162,94,Z - EMC SE 05,320,2.4,34.956741,-106.286868,7263.34,E-4761,DOM,526547b8-a4d8-47f1-a1e9-cdd8adf7c590,BC-0109,Z,325MDER,260 - 320,2024-05-08T21:25:55,ccarsrud_EH,2025-06-03T15:44:11,pheinstein_NRS,-106.286868,34.9567410000001
163,95,EMC SE 06,320,2.5,35.031982,-106.291134,7091.402,E-5771,DOM,babb0c0b-45c4-4dc6-9935-8df42fc3b5b5,BC-0110,M,325MDER,,2024-05-08T21:25:55,ccarsrud_EH,2025-06-02T20:39:43,pheinstein_NRS,-106.291134,35.031982
164,96,EMC SE 07,85,1.13,35.101937,-106.34698,6533.048,S-0577,DOM,fe8415bd-c0e4-4644-adf9-6e90be0ff2da,BC-0111,M,318ABO,60 - 70,2024-05-08T21:25:55,ccarsrud_EH,2025-06-02T20:41:03,pheinstein_NRS,-106.34698,35.1019370000001
165,98,EMC SE 09,0,1.18,35.078834,-106.384564,6321.734,,DOM,fb3bc497-b07b-4a20-a472-91df3ec9fd84,BC-0113,Y,,,2024-05-08T21:25:55,ccarsrud_EH,2025-06-02T20:42:29,pheinstein_NRS,-106.384564,35.078834
166,89,EMC SE 10,180,1.47,35.011315,-106.256732,7057.874,E-4672,DOM,3cef2c3b-d52e-4bb5-9c69-3d41a4cf7515,BC-0103,Y,325MDER,140 - 180,2024-05-08T21:25:55,ccarsrud_EH,2025-06-02T20:43:23,pheinstein_NRS,-106.256732,35.011315
167,90,EMC SE 11,200,0.64,34.991798,-106.26024,7232.595,E-7265,DOM,af3dda5e-2fb6-4cb4-9412-6916dffa82c5,BC-0104,Y,325MDER,160 - 200,2024-05-08T21:25:55,ccarsrud_EH,2025-06-02T20:43:50,pheinstein_NRS,-106.26024,34.9917980000001
168,188,EMC SE 12,275,1.8,35.079905,-106.373266,6443.136,RG-94325-POD1,DOM,a3562e1a-49ce-4795-b8a3-791e922b2aa3,BC-0105,Y,,,2024-05-08T21:25:55,ccarsrud_EH,2025-06-02T20:44:34,pheinstein_NRS,-106.373266,35.0799050000001
169,263,EMC SE 14,247,0.94,34.9525543699,-106.242536373,7091.484,E-05897-POD1?,DOM,e4e5fa70-0cab-4ac7-8c4d-922a2278e527,BC-0262,Y,325MDER,,2024-05-08T21:25:55,ccarsrud_EH,2025-06-02T20:45:20,pheinstein_NRS,-106.242536373,34.95255437
170,331,EMC SE 15,400,1.15,34.9921667,-106.255075,7152.688,E-08076-POD1,DOM,908216f4-b2b9-4139-b72b-0b22cd0743ab,BC-0305,Y,325MDER,,2024-05-08T21:25:55,ccarsrud_EH,2025-06-02T20:47:16,pheinstein_NRS,-106.255075,34.9921667
171,339,EMC SE 17,300,1.02,35.0788306,-106.3748722,6430.058,RG-96282,DOM,9cbd31d8-503a-40ff-8615-33a05bb30786,BC-0347,M,318ABO,,2024-05-08T21:25:55,ccarsrud_EH,2025-06-03T17:14:32,pheinstein_NRS,-106.3748722,35.0788306000001
172,99,Z - EMC SW 01,260,1.37,34.977021,-106.344183,7497.784,RG-54674,DOM,42fd5863-bb1d-4e41-9f81-84b9e08a2cf4,BC-0114,Z,325MDER,,2024-05-08T21:25:55,ccarsrud_EH,2025-06-03T15:29:26,pheinstein_NRS,-106.344183,34.977021
173,100,Z - EMC SW 02,260,1.55,34.97728,-106.344645,7513.329,RG-70108,DOM,08026f4d-4385-49c7-817a-a5a5f9634904,BC-0115,Z,325MDER,,2024-05-08T21:25:55,ccarsrud_EH,2025-06-03T15:30:10,pheinstein_NRS,-106.344645,34.9772800000001
174,101,EMC SW 03,40,2.29,34.934311,-106.30641,7443.251,E-4783 and E-4784,DOM,2d4dbbae-b2f5-4d0d-9d5d-e641834351cb,BC-0116,M,050QUAL,,2024-05-08T21:25:55,ccarsrud_EH,2025-10-17T20:59:13,pheinstein_NRS,-106.30641,34.934311
175,102,EMC SW 04,400,1.03,34.951964,-106.335453,7397.424,RG-59119,DOM,fd869a11-f666-41e9-8f1d-c33610c03cd2,BC-0117,Y,325MDER,,2024-05-08T21:25:55,ccarsrud_EH,2025-06-02T21:13:30,pheinstein_NRS,-106.335453,34.951964
176,103,EMC SW 05,0,0.9,35.022115,-106.353031,7078.012,RG-35206-POD1,DOM,cb082b05-6a23-46ec-987c-bf6142e20f52,BC-0118,Y,325MDER,,2024-05-08T21:25:55,ccarsrud_EH,2025-06-02T21:14:16,pheinstein_NRS,-106.353031,35.022115
177,187,Z - EMC SW 09,260,0.55,34.952775,-106.297819,7361.205,E-834,DOM,bf0d4a17-70aa-4a5d-8c5e-ec4ff063c0a2,BC-0122,Z,325MDER,220 - 260,2024-05-08T21:25:55,ccarsrud_EH,2025-06-03T15:22:33,pheinstein_NRS,-106.297819,34.952775
178,264,EMC SW 10,260,1.81,34.9669820487,-106.306576186,7349.925,E-7047,DOM,40539028-9f00-4d37-8eb4-71cc1451985e,BC-0263,Y,325MDER,,2024-05-08T21:25:55,ccarsrud_EH,2025-06-02T21:21:31,pheinstein_NRS,-106.306576186,34.9669820490001
179,265,EMC SW 11,282,0.65,34.9774806,-106.3292972,7444.76,RG-63197,DOM,59fce9a5-d946-4b70-9373-0018c7c2cfa1,BC-0306,Y,325MDER,,2024-05-08T21:25:55,ccarsrud_EH,2025-06-02T21:23:42,pheinstein_NRS,-106.3292972,34.9774806
180,289,EMC SW 12,464,1.85,34.9493028,-106.291922,7357.105,E-09826,DOM,8bfbf15b-239a-40bf-90b5-1b6567d5c93c,BC-0307,Y,325MDER,,2024-05-08T21:25:55,ccarsrud_EH,2025-06-02T21:25:00,pheinstein_NRS,-106.291922,34.9493028000001
181,332,EMC SW 13,225,1.61,34.9719583,-106.33455,7450.56,RG-58610,DOM,9194a8d7-e927-439d-b887-0207fa723f73,BC-0308,Y,325MDER,,2024-05-08T21:25:55,ccarsrud_EH,2025-06-02T21:25:48,pheinstein_NRS,-106.33455,34.9719583
182,368,EMC SW 15,350,1,34.973056,-106.329825,7416.322,RG-60188,DOM,6aed6388-218e-4d2b-9748-ec4dd268496d,BC-0382,Y,325MDER,,2024-05-08T21:25:55,ccarsrud_EH,2025-06-02T21:26:21,pheinstein_NRS,-106.329825,34.973056
183,410,EMC SW 16,530,1.8,34.9861778,-106.3383306,7651.913,RG-43190,DOM,326ab879-bc69-4d09-952d-ecbdbc15d7db,BC-0452,Y,325MDER,,2024-05-08T21:25:55,ccarsrud_EH,2025-06-02T21:27:10,pheinstein_NRS,-106.3383306,34.9861778000001
184,358,Erickson 01,300,0,35.159661,-106.324261,6691.813,S-0548 CLW POD 2,DOM,7021820c-7d83-4ee9-96f9-b50977ea7702,BC-0349,Y,,,2024-05-08T21:25:55,ccarsrud_EH,2025-06-02T21:43:03,pheinstein_NRS,-106.324261,35.159661
185,386,Fire Training,167,2.94,35.014465,-106.649195,4979.685,RG-91114,MW,b0761077-28e0-41bf-b5aa-865e6f0f2a21,BC-0385,Z,112SNTF,,2024-05-08T21:25:55,ccarsrud_EH,2025-06-02T21:39:42,pheinstein_NRS,-106.649195,35.014465
186,112,Z - Five Hills 1,740,1.95,35.090668,-106.308916,7113.077,S-1632,DOM,8007802a-e1af-4e71-9eb2-fd2968c5e82f,BC-0128,Z,325MDER,,2024-05-08T21:25:55,ccarsrud_EH,2025-06-03T15:18:29,pheinstein_NRS,-106.308916,35.0906680000001
187,312,Z - Five Hills 2,460,2.54,35.09643,-106.308285,7011.467,S-02174,DOM,cc747fa9-e365-4790-b21d-c4fee4b9bfda,BC-0309,Z,325MDER,,2024-05-08T21:25:55,ccarsrud_EH,2025-06-03T15:19:23,pheinstein_NRS,-106.308285113132,35.0964296500466
188,361,Five Hills 3,300,0,35.092958,-106.3004806,7002.633,S-01253,DOM,edbc3cd6-5f6b-4ded-81f4-3ddc7183a308,BC-0350,Y,325MDER,,2024-05-08T21:25:55,ccarsrud_EH,2025-06-02T21:42:12,pheinstein_NRS,-106.3004806,35.0929580000001
189,113,Foothills 1,95,0.3,35.166462,-106.471415,6429.124,RG-39434 POD 1,MW,fcf5e498-1546-47a6-9023-812b7246a155,BC-0129,M,112QTBFppm,,2024-05-08T21:25:55,ccarsrud_EH,2025-10-20T14:08:31,pheinstein_NRS,-106.471415,35.166462
190,251,Forest Park 1,310,1.44,35.1172219329,-106.377849724,6800.264,"S-11,S-11enlarged-S-2",DOM,1a1a52c6-31fc-43d7-83f0-ca54e7ed4678,BC-0251,Y,,,2024-05-08T21:25:55,ccarsrud_EH,2025-05-30T22:05:37,pheinstein_NRS,-106.377849724,35.1172219330001
191,252,Forest Park 2,165,1,35.1166540698,-106.380699066,6868.333,"S-11,S-11enlarged-S-2",DOM,0516c154-a09a-45d8-8c8f-7f7bdac62656,BC-0252,Y,,,2024-05-08T21:25:55,ccarsrud_EH,2025-05-30T22:06:20,pheinstein_NRS,-106.380699066,35.11665407
192,253,Forest Park 3,310,0.77,35.1163859809,-106.382982282,6994.689,"S-11,S-11enlarged-S-2",DOM,f5575d11-a0d3-4c4b-a48a-e88b2be247b8,BC-0253,Y,,,2024-05-08T21:25:55,ccarsrud_EH,2025-05-30T22:06:59,pheinstein_NRS,-106.382982282,35.1163859810001
193,382,FS-3,317,2.5,35.03098333,-106.7167417,4955.74,RG-91114,MW,abfba8c0-d641-4755-9d74-a85d59b1134d,BC-0387,M,112SNTF,,2024-05-08T21:25:55,ccarsrud_EH,2025-10-20T14:04:27,pheinstein_NRS,-106.7167417,35.03098333
194,383,FS-4,250,4.1,34.998965,-106.715818,4918.112,RG-64102,MW,ca945103-34f1-4c24-8d43-08c13c36bf5e,BC-0388,Z,112SNTF,,2024-05-08T21:25:55,ccarsrud_EH,2025-10-17T21:35:05,pheinstein_NRS,-106.715818053471,34.9989653533039
195,384,FS-4 Sub,115,1.66,34.98364667,-106.6985767,4913.678,RG-42763 POD1,MW,26e355d2-9f7a-41a4-91f8-155cfbb305f4,BC-0389,M,112SNTF,,2024-05-08T21:25:55,ccarsrud_EH,2025-10-17T21:35:36,pheinstein_NRS,-106.6985767,34.98364667
196,385,FS-5,609,1.5,35.17384,-106.5090283,5913.247,RG-90963,MW,0b5aa7de-a7e2-4876-8ada-cd0204328469,BC-0390,M,112QTBFppm,,2024-05-08T21:25:55,ccarsrud_EH,2025-10-20T14:10:07,pheinstein_NRS,-106.5090283,35.17384
197,266,Granny Canyon 01,590,2.14,34.9928556,-106.3174528,7568.938,RG-80555,DOM,a8deb1bd-7b20-4b7b-81a3-bd939f56d2fb,BC-0310,M,325MDER,,2024-05-08T21:25:55,ccarsrud_EH,2025-05-30T22:27:15,pheinstein_NRS,-106.3174528,34.9928556
198,267,Granny Canyon 02,520,2.85,34.995175,-106.3140722,7571.081,RG-76762,DOM,2d1c0639-412c-4f33-a641-b51b03341640,BC-0311,M,325MDER,,2024-05-08T21:25:55,ccarsrud_EH,2025-05-30T22:28:08,pheinstein_NRS,-106.3140722,34.9951750000001
199,268,Granny Canyon 03,440,1.5,34.9918177503,-106.31481622,7525.791,RG-85539,DOM,6a84bbb8-f6e7-4364-9f1b-9a15b33bbd69,BC-0264,Y,325MDER,,2024-05-08T21:25:55,ccarsrud_EH,2025-05-30T22:29:00,pheinstein_NRS,-106.31481622,34.9918177500001
200,281,Granny Canyon 04,480,1.84,34.9942306,-106.3175028,7583.164,RG-89393,DOM,308c6d19-3588-4128-ae44-76c2e10ecce6,BC-0312,Y,325MDER,100 - 475,2024-05-08T21:25:55,ccarsrud_EH,2025-05-30T22:29:54,pheinstein_NRS,-106.3175028,34.9942306
201,283,Z - Granny Canyon 05,240,1.82,34.9914139,-106.316725,7567.034,RG-69910,DOM,7e44c654-b36a-46fe-9288-b306441c4710,BC-0313,Z,325MDER,,2024-05-08T21:25:55,ccarsrud_EH,2025-06-03T15:17:12,pheinstein_NRS,-106.316725,34.9914139000001
202,284,Z - Granny Canyon 06,700,1.39,34.994239,-106.317444,7583.164,RG-89393 POD 2,DOM,989989c4-0e97-4baf-a7ce-ea502d4888cd,BC-0314,Z,325MDER,,2024-05-08T21:25:55,ccarsrud_EH,2025-06-03T15:16:30,pheinstein_NRS,-106.317444,34.9942390000001
203,411,Z - Granny Canyon 07,220,1.6,34.9897556,-106.3168083,7532.181,RG-69909,DOM,2aa60fed-d7b9-4cab-9af2-bb0afeba87ad,BC-0391,Z,325MDER,,2024-05-08T21:25:55,ccarsrud_EH,2025-06-03T15:15:30,pheinstein_NRS,-106.3168083,34.9897556
204,114,Heatherland Hills 01,360,0.85,35.020816,-106.335352,7306.411,RG-66386,DOM,479f9e35-f928-474c-a9db-b2a7238a5bc1,BC-0131,Y,325MDER,,2024-05-08T21:25:55,ccarsrud_EH,2025-05-30T22:09:21,pheinstein_NRS,-106.335352,35.020816
205,338,Heatherland Hills 02,350,2.5,35.0202278,-106.3380639,7290.441,RG-46714-POD1,DOM,2cd80b24-7cbb-4020-ab0c-cec10b1a1d47,BC-0351,Y,325MDER,300 - 350,2024-05-08T21:25:55,ccarsrud_EH,2025-06-03T16:54:17,pheinstein_NRS,-106.3380639,35.0202278
206,369,Heatherland Hills 03,325,2,35.023969,-106.331914,7386.97,RG-52371-POD1,DOM,a3b523a9-7141-4a57-b3fa-c3488e868f98,BC-0392,Y,325MDER,,2024-05-08T21:25:55,ccarsrud_EH,2025-06-03T16:53:46,pheinstein_NRS,-106.331914,35.0239690000001
207,370,Heatherland Hills 04,500,0.26,35.023925,-106.333317,7386.418,RG-83590,DOM,55db2442-4241-4599-931f-be9cd6e3cef9,BC-0393,Y,325MDER,,2024-05-08T21:25:55,ccarsrud_EH,2025-05-30T22:11:49,pheinstein_NRS,-106.333317,35.0239250000001
208,412,Z - Heatherland Hills 05,450,2.2,35.0239944,-106.3367667,7358.864,RG-45939,DOM,84cd123a-89ab-4fa4-a56d-d45c590fb42f,BC-0394,Z,325MDER,,2024-05-08T21:25:55,ccarsrud_EH,2025-06-03T15:12:09,pheinstein_NRS,-106.3367667,35.0239944
209,387,Hubble House,195,1.5,34.989422,-106.69603,4916.643,RG-91006,DOM,d4412b81-5791-4a2f-86ee-04422b9978bb,BC-0397,M,100ALVM,,2024-05-08T21:25:55,ccarsrud_EH,2025-10-17T21:42:30,pheinstein_NRS,-106.696029681423,34.9894219829524
210,388,Isleta 1,1320,2.5,34.947269,-106.69998,4910.169,,DOM,40049aaa-b3fd-498f-9b56-4ff9d1c96703,BC-0398,M,112SNTF,,2024-05-08T21:25:55,ccarsrud_EH,2025-10-17T21:28:22,pheinstein_NRS,-106.699980183683,34.9472691138943
211,389,Isleta 2,810,2.5,34.947277,-106.69998,4910.169,,DOM,ad6fda41-25c4-4dd8-8f55-6420d6a797c8,BC-0399,M,112SNTF,,2024-05-08T21:25:55,ccarsrud_EH,2025-10-17T21:28:53,pheinstein_NRS,-106.699979846815,34.9472772901099
212,390,Isleta 3,180,2.5,34.947277,-106.69998,4910.169,,DOM,70dcd078-03f5-41f7-85ea-87d7ca9aaaca,BC-0400,M,112SNTF,,2024-05-08T21:25:55,ccarsrud_EH,2025-10-17T21:29:24,pheinstein_NRS,-106.699979846815,34.9472772901099
213,407,Isleta 4,50,2.5,34.947269,-106.69998,4910.169,,DOM,b93a11bc-cd3e-4c1b-865d-98ff6dc38105,BC-0401,M,100ALVM,,2024-05-08T21:25:55,ccarsrud_EH,2025-10-17T21:30:13,pheinstein_NRS,-106.699980183683,34.9472691138943
214,405,Live Oak,645,0,35.17766944,-106.4885444,6174.287,RG93207 pod15,MW,812b7624-f5af-4352-83c0-35bee069ff97,BC-0404,M,112QTBFppm,,2024-05-08T21:25:55,ccarsrud_EH,2025-06-02T22:02:32,pheinstein_NRS,-106.4885444,35.17766944
215,391,Los Padillas CC,200,1.63,34.956868,-106.697609,4902.834,RG-29901,MW,5cbc6f2e-09cd-422d-9d05-3f80be2f96b0,BC-0405,M,112SNTF,,2024-05-08T21:25:55,ccarsrud_EH,2025-10-17T21:30:46,pheinstein_NRS,-106.697609270035,34.9568676040274
216,116,Los Suenos 1,425,1.56,35.153461,-106.294222,6972.104,S-2021,DOM,aef0501d-f606-4a3e-8ed5-21dc649759a2,BC-0133,M,325MDER,,2024-05-08T21:25:55,ccarsrud_EH,2025-06-02T18:34:00,pheinstein_NRS,-106.294222,35.153461
217,118,Los Suenos 3,400,1.11,35.152372,-106.299691,6809.157,S-2116,DOM,9ce36c3d-f7c7-4932-a60f-e78714267509,BC-0135,M,318ABO,,2024-05-08T21:25:55,ccarsrud_EH,2025-06-02T18:36:26,pheinstein_NRS,-106.299691,35.1523720000001
218,119,Los Suenos 4,402,1.56,35.156182,-106.296728,6824.73,S-2723,DOM,be545a78-ab37-4f1a-bb6f-0044dfd765b7,BC-0136,M,325MDER,,2024-05-08T21:25:55,ccarsrud_EH,2025-06-02T18:36:59,pheinstein_NRS,-106.296728,35.1561820000001
219,214,Martinez ,205,1.5,34.960614,-106.252039,7071.233,E-02271POD1,MW,42254e90-80cd-4e69-9582-ee1460d40532,BC-0214,Z,325MDER,,2024-05-08T21:25:55,ccarsrud_EH,2025-06-02T22:06:19,pheinstein_NRS,-106.252039,34.9606140000001
221,218,McGrane MW-A,37.8,2,35.076975,-106.38924,6275.974,RG-4785,MW,7ac219b1-f414-469b-927c-9bc8a480449e,BC-0218,M,050QUAL,,2024-05-08T21:25:55,ccarsrud_EH,2025-06-02T18:37:44,pheinstein_NRS,-106.38924,35.0769750000001
222,219,McGrane MW-B,100,2,35.076878,-106.389454,6279.868,RG-47805,MW,6c3de5c1-b3c4-49db-ab20-a3aa1901f27b,BC-0219,M,050QUAL,,2024-05-08T21:25:55,ccarsrud_EH,2025-06-02T18:38:15,pheinstein_NRS,-106.389454,35.0768780000001
223,347,NAA 12,0,1.5,35.187853,-106.512028,5898.237,RG-97147,DOM,8904199f-1c37-454e-a4f1-e74d9f1dd42b,BC-0352,M,112QTBFppm,,2024-05-08T21:25:55,ccarsrud_EH,2025-10-20T14:10:33,pheinstein_NRS,-106.512028,35.1878530000001
224,395,Nick Vitale Park,20,0,35.01833,-106.6886383,4926.49,RG-86375,MW,b3025a99-c529-4971-aed5-1fca1a91ea57,BC-0409,M,100ALVM,,2024-05-08T21:25:55,ccarsrud_EH,2025-10-17T21:53:38,pheinstein_NRS,-106.6886383,35.01833
225,392,Niese Rd 1,1455,0,34.978495,-106.741522,5141.919,,MW,e053430b-f9d4-4f9f-b6c8-79cea68eecd4,BC-0410,M,,,2024-05-08T21:25:55,ccarsrud_EH,2025-10-17T21:31:43,pheinstein_NRS,-106.741521668171,34.9784951343046
226,393,Niese Rd 2,960,0,34.978495,-106.741522,5141.919,,MW,94223be7-6e4d-4167-9a39-d0cbcc3b8063,BC-0411,M,,,2024-05-08T21:25:55,ccarsrud_EH,2025-10-17T21:32:02,pheinstein_NRS,-106.741521668171,34.9784951343046
227,394,Niese Rd 3,297,0,34.978495,-106.741522,5141.919,,MW,8d839d52-6598-4c4c-989d-e977cc959846,BC-0412,M,,,2024-05-08T21:25:55,ccarsrud_EH,2025-10-17T21:34:03,pheinstein_NRS,-106.741521668171,34.9784951343046
228,269,North Valley 1,42,1.68,35.1859638963,-106.618758673,4998.935,RG-7569,DOM,9ace7f20-3fcd-4744-9add-2df239f4fcbb,BC-0265,M,100ALVM,,2024-05-08T21:25:55,ccarsrud_EH,2025-10-20T14:07:08,pheinstein_NRS,-106.618758673,35.185963896
229,290,North Valley 2,252,0.42,35.2014222,-106.6277306,5000.213,RG-36062,DOM,9edd5fcb-971c-4fc0-9d67-0e4d93f5f758,BC-0315,M,112SNTF,,2024-05-08T21:25:55,ccarsrud_EH,2025-10-20T14:06:45,pheinstein_NRS,-106.6277306,35.2014222
230,217,Ojito,125,1.6,35.104501,-106.382962,6723.614,S-2039,MW,173addbf-cfe9-450c-b3ce-61c2a6c6244b,BC-0217,M,231CHNL,,2024-05-08T21:25:55,ccarsrud_EH,2025-06-02T19:53:49,pheinstein_NRS,-106.382962,35.104501
231,396,Pajarito Sr,250,1.25,34.98705,-106.6962133,4914.694,RG-61911,MW,6e6ff3a1-3843-482a-a587-c99b96cf6344,BC-0413,M,112SNTF,,2024-05-08T21:25:55,ccarsrud_EH,2025-10-17T21:42:01,pheinstein_NRS,-106.6962133,34.9870500000001
232,397,Paradise,1740,-0.6,35.177722,-106.807666,5843.206,,MW,e8033963-2806-4eff-8413-0636b9cf13ea,BC-0414,M,112SNTF,,2024-05-08T21:25:55,ccarsrud_EH,2025-10-20T14:06:15,pheinstein_NRS,-106.80766609488,35.1777221642825
233,398,PBJ,58,1,35.053223,-106.670164,4940.355,RG-4937,MW,d0a628bf-4de9-4a32-9a94-d1ad21489d8a,BC-0415,M,100ALVM,,2024-05-08T21:25:55,ccarsrud_EH,2025-10-20T14:05:26,pheinstein_NRS,-106.670163676472,35.0532227282025
234,362,Pinon Cove 01,400,2.69,35.157686,-106.354239,6911.023,S 2647,DOM,dca1bcad-bbd3-4703-9222-54d1e51db155,BC-0353,Y,,,2024-05-08T21:25:55,ccarsrud_EH,2025-06-02T16:10:07,pheinstein_NRS,-106.354239,35.1576860000001
235,363,Pinon Cove 02,200,1.38,35.157125,-106.35585,6962.129,S-1537,DOM,bac19494-a11e-457b-9763-6193e2e314e2,BC-0354,Y,,,2024-05-08T21:25:55,ccarsrud_EH,2025-06-02T16:10:41,pheinstein_NRS,-106.35585,35.1571250000001
236,364,Pinon Cove 03,0,0.94,35.159319,-106.354642,6914.184,,DOM,e43c6f06-1ed4-491e-a31c-eae5f6a53e95,BC-0355,Y,,,2024-05-08T21:25:55,ccarsrud_EH,2025-06-02T16:11:30,pheinstein_NRS,-106.354642,35.159319
237,413,Pinon Cove 04,360,2,35.1574889,-106.35506,6965.01,S-0040,DOM,93cab505-3424-4d04-a256-bfab228d005d,BC-0416,Y,,,2024-05-08T21:25:55,ccarsrud_EH,2025-06-02T16:15:17,pheinstein_NRS,-106.3557056,35.1574889
238,414,Pinon Cove 05,400,1.5,35.1589194,-106.3555028,6934.177,S-2830,DOM,9168df00-aa55-4f82-b308-b465e873b52f,BC-0417,Y,,,2024-05-08T21:25:55,ccarsrud_EH,2025-06-02T16:16:57,pheinstein_NRS,-106.3555028,35.1589194000001
239,415,Pinon Cove 06,400,1,35.1589056,-106.3554611,6937.914,S-2803,DOM,50da07e6-356c-4f63-a7a0-eb85a761e17e,BC-0418,Y,,,2024-05-08T21:25:55,ccarsrud_EH,2025-06-02T16:17:47,pheinstein_NRS,-106.3554611,35.1589056
240,208,Pinon Ridge,220,-0.3,35.148297,-106.349897,6964.329,,MM,e7ee5fcd-4d7e-4e32-9e45-f2af30777fb8,BC-0208,M,211DKOT,,2024-05-08T21:25:55,ccarsrud_EH,2025-05-30T21:58:15,pheinstein_NRS,-106.349897,35.1482970000001
241,130,Pinon Ridge Estates 01,680,0.78,35.149662,-106.355131,7081.632,S-1511,DOM,22f013b1-8fab-42b5-9148-df81f073fff0,BC-0147,Y,,,2024-05-08T21:25:55,ccarsrud_EH,2025-05-30T21:46:22,pheinstein_NRS,-106.355131,35.149662
242,131,Pinon Ridge Estates 02,450,1.87,35.148794,-106.350183,6969.521,S-907,DOM,390684ea-388c-4e89-956f-4661663b7277,BC-0148,Y,,,2024-05-08T21:25:55,ccarsrud_EH,2025-05-30T21:47:52,pheinstein_NRS,-106.350183,35.1487940000001
243,254,Pinon Ridge Estates 04,630,1.54,35.1486630419,-106.356382669,7115.89,S-1588,DOM,c0759ca2-8de8-4eef-9fd8-11fdd5095f92,BC-0254,Y,,,2024-05-08T21:25:55,ccarsrud_EH,2025-05-30T21:48:34,pheinstein_NRS,-106.356382669,35.1486630420001
244,333,Pinon Ridge Estates 05,565,0,35.1469444,-106.3585861,7091.283,S-1765,DOM,6b247082-d70e-42a6-8366-d4da2ba4fa7f,BC-0316,Y,,,2024-05-08T21:25:55,ccarsrud_EH,2025-05-30T21:49:10,pheinstein_NRS,-106.3585861,35.1469444000001
245,416,Pinon Ridge Estates 06,415,0.7,35.1486139,-106.3525528,7013.603,S-1119,DOM,e16b7171-8e6d-4570-8273-90b012caf6e9,BC-0420,Y,,,2024-05-08T21:25:55,ccarsrud_EH,2025-05-30T21:49:56,pheinstein_NRS,-106.3525528,35.1486139
246,417,Pinon Ridge Estates 07,500,1.5,35.1474333,-106.3528667,7012.777,S-01451,DOM,aed9e1ff-0fa1-4611-90ad-f11ce2f746e9,BC-0421,Y,,,2024-05-08T21:25:55,ccarsrud_EH,2025-05-30T21:50:33,pheinstein_NRS,-106.3528667,35.1474333
247,418,Pinon Ridge Estates 08,0,1.6,35.1474333,-106.3529028,7014.952,,DOM,71dc1009-7b03-4801-bf96-2ba981a12da0,BC-0422,Y,,,2024-05-08T21:25:55,ccarsrud_EH,2025-05-30T21:51:40,pheinstein_NRS,-106.3529028,35.1474333
248,419,Pinon Ridge Estates 09,450,2.2,35.1471972,-106.3510472,6988.874,S-2508,DOM,823fb14a-0c15-47a1-ac89-59ed2b9d3954,BC-0423,Y,,,2024-05-08T21:25:55,ccarsrud_EH,2025-06-03T16:43:50,pheinstein_NRS,-106.3510472,35.1471972000001
249,334,Z - Pinon Trail 01,220,2.24,35.1346556,-106.3405194,6912.575,S-2103,DOM,68cfb276-55ea-461f-9975-7597c9c976b7,BC-0317,Z,211MVRD,,2024-05-08T21:25:55,ccarsrud_EH,2025-06-02T18:58:21,pheinstein_NRS,-106.3405194,35.1346556
250,326,Pinon Trail 02,580,1.06,35.1366083,-106.3452417,7077.547,S-2389,DOM,20cb007d-9cf5-470f-945c-85fb88a8fdae,BC-0267,Y,211MVRD,,2024-05-08T21:25:55,ccarsrud_EH,2025-06-02T19:20:24,pheinstein_NRS,-106.3452417,35.1366083
251,348,Pinon Trail 03,505,1.02,35.140478,-106.352589,6951.254,S-1627,DOM,82e14603-e2e9-4045-aa74-d3c9e199c19a,BC-0356,M,211MVRD,,2024-05-08T21:25:55,ccarsrud_EH,2025-06-02T19:21:00,pheinstein_NRS,-106.352589,35.140478
252,349,Pinon Trail 04,440,1.54,35.140639,-106.353775,6923.846,S-1627 POD1,DOM,9912ad4b-d2c3-44bd-a758-38b572af488d,BC-0357,M,210MNCS,,2024-05-08T21:25:55,ccarsrud_EH,2025-06-02T19:22:04,pheinstein_NRS,-106.353775,35.1406390000001
253,178,Z - Ponderosa Estates 1,290,1.44,35.159395,-106.364028,7090.788,S-2408,DOM,848915bd-7a5b-4da0-9447-7ff114ba8988,BC-0149,Z,,,2024-05-08T21:25:55,ccarsrud_EH,2025-06-02T19:03:16,pheinstein_NRS,-106.364028,35.1593950000001
254,236,Ponderosa Estates 3,310,1.65,35.159283,-106.365012,7099.342,S-2312,DOM,9303dfcf-bfeb-45c3-8d82-94a5f29f97b1,BC-0236,M,318ABO,,2024-05-08T21:25:55,ccarsrud_EH,2025-06-02T19:23:23,pheinstein_NRS,-106.365012,35.1592830000001
255,371,Quail Run 05,500,2,35.114875,-106.318003,6844.435,S-02188-POD2,DOM,82571128-e12b-4aa8-b2e4-dbe7b8c08740,BC-0427,Y,325MDER,,2024-05-08T21:25:55,ccarsrud_EH,2025-06-02T19:25:16,pheinstein_NRS,-106.318003,35.114875
256,372,Quail Run 06,505,1,35.114931,-106.317972,6849.792,S-02188-POD1,DOM,f16fe8e9-021e-4c6b-ae81-f9603b1120c8,BC-0428,Y,325MDER,,2024-05-08T21:25:55,ccarsrud_EH,2025-06-02T19:26:07,pheinstein_NRS,-106.317972,35.1149310000001
257,420,Rael 01,300,0.8,35.1470861,-106.2854278,6823.236,S-2069,DOM,288c8790-15c5-4d7c-97e2-58c1c7c22117,BC-0429,Y,325MDER,,2024-05-08T21:25:55,ccarsrud_EH,2025-06-02T22:01:26,pheinstein_NRS,-106.2854278,35.1470861
258,249,Ramble Wood 1,370,1.66,35.010364,-106.344871,7267.541,RG-90868,DOM,8b021c8c-42fb-4cbc-8aee-39fa359c580d,BC-0249,Y,325MDER,,2024-05-08T21:25:55,ccarsrud_EH,2025-06-02T21:59:06,pheinstein_NRS,-106.344871,35.010364
259,399,Raymac Park,230,1.05,34.9823,-106.7150083,4912.792,RG-21713,MW,c90b86e1-2af1-415e-9de0-3c219aaee590,BC-0431,M,112SNTF,,2024-05-08T21:25:55,ccarsrud_EH,2025-10-17T21:34:25,pheinstein_NRS,-106.7150083,34.9823000000001
260,216,Richy Place,250,0.9,35.112131,-106.308549,6836.146,RG-67900,DOM,b4731c50-98f6-413f-b153-07326172a702,BC-0216,M,325MDER,210 - 240,2024-05-08T21:25:55,ccarsrud_EH,2025-07-29T22:05:45,pheinstein_NRS,-106.308549,35.112131
261,132,Rider Road 1,290,1.45,35.158262,-106.324276,6674.88,S-00063 POD 2,DOM,083ccb00-2323-43f9-a660-79944ec258dd,BC-0151,Y,,,2024-05-08T21:25:55,ccarsrud_EH,2025-06-02T21:55:40,pheinstein_NRS,-106.324276,35.158262
262,352,Rider Road 5,300,1.8,35.1547361,-106.3290194,6735.76,S-00514,DOM,5fac87ea-880c-4130-a83c-97357e013dbd,BC-0358,Y,,,2024-05-08T21:25:55,ccarsrud_EH,2025-06-02T21:57:12,pheinstein_NRS,-106.3290194,35.1547361
263,401,Rinconada&Perry,20,0,35.04264,-106.675799,4935.289,,MW,03bebad8-af48-4ed4-9b8d-d2bd05dbfbbb,BC-0432,M,100ALVM,,2024-05-08T21:25:55,ccarsrud_EH,2025-10-20T14:04:50,pheinstein_NRS,-106.67579891964,35.0426398022443
264,400,Rinconado&Elena,20,0,35.043991,-106.67319,4936.28,,MW,6b40402b-4164-445e-a3b4-2bd66d2afff1,BC-0433,M,100ALVM,,2024-05-08T21:25:55,ccarsrud_EH,2025-10-20T14:05:09,pheinstein_NRS,-106.673189847339,35.0439905507578
265,402,Rio Bravo Park 1,590,1.64,35.01666667,-106.6825,4924.34,,MW,8c18fcfc-6fce-4a5c-81bd-9077e86cce1a,BC-0434,M,112SNTF,,2024-05-08T21:25:55,ccarsrud_EH,2025-10-17T21:53:25,pheinstein_NRS,-106.6825,35.0166666700001
266,403,Rio Bravo Park 2,205,1.51,35.01666667,-106.6825,4924.34,,MW,fc204985-905f-4adb-aa28-8f9f6f5f968d,BC-0435,M,112SNTF,,2024-05-08T21:25:55,ccarsrud_EH,2025-10-17T21:54:00,pheinstein_NRS,-106.6825,35.0166666700001
267,207,Sabino North,250,2.57,35.039106,-106.341099,7166.952,Rg69572x?,DOM,d03ada38-7ddb-45d9-a452-4a0b4a241c57,BC-0207,M,325MDER,70 - 250,2024-05-08T21:25:55,ccarsrud_EH,2025-06-02T21:00:17,pheinstein_NRS,-106.341099,35.0391060000001
268,206,Sabino South,305,1.1,35.035198,-106.341763,7155.901,RG-69572,DOM,341d1577-c462-446f-8417-0ae42d08ef13,BC-0206,M,325MDER,,2024-05-08T21:25:55,ccarsrud_EH,2025-06-02T21:00:52,pheinstein_NRS,-106.341763,35.035198
269,404,San Raphael,490,0,35.163936,-106.49687,6056.182,RG-93207 POD 14,MW,1ffa5d52-87fb-4312-b131-aa312c0f6179,BC-0436,M,112QTBFppm,,2024-05-08T21:25:55,ccarsrud_EH,2025-10-20T14:08:49,pheinstein_NRS,-106.496869919354,35.1639362031369
270,365,Sandia Haven,210,0.88,35.152025,-106.358222,6952.192,S-125 or S-2337,DOM,780dbed3-5537-4943-b4da-8775eaba69b7,BC-0359,Y,,,2024-05-08T21:25:55,ccarsrud_EH,2025-06-02T21:07:45,pheinstein_NRS,-106.358222,35.152025
271,136,Sandia Knolls 1,490,1.68,35.159179,-106.297456,6961.52,S-1992,DOM,8b8209dd-1899-4dc2-8456-784c5b88d912,BC-0155,Y,,,2024-05-08T21:25:55,ccarsrud_EH,2025-06-02T21:10:40,pheinstein_NRS,-106.297456,35.1591790000001
272,137,Z - Sandia Knolls 2,260,1,35.162517,-106.312218,6704.265,S-0798,DOM,69f5ee0d-7315-4cdc-ae14-a09a849af9a1,BC-0156,Z,,,2024-05-08T21:25:55,ccarsrud_EH,2025-06-02T15:48:16,pheinstein_NRS,-106.312218,35.162517
273,138,Sandia Knolls 3,300,1.43,35.157017,-106.30679,6748.168,S-01716,DOM,feb4ce32-66cb-4b8b-a7c9-c6acdaf6d6ea,BC-0157,Y,,,2024-05-08T21:25:55,ccarsrud_EH,2025-06-02T21:09:45,pheinstein_NRS,-106.30679,35.1570170000001
274,139,Z - Sandia Knolls 4,340,1.43,35.158089,-106.309962,6762.057,S-1019,DOM,4dcbc4c8-ac81-4d37-a418-5394f8c86bd4,BC-0158,Z,,,2024-05-08T21:25:55,ccarsrud_EH,2025-06-02T15:47:18,pheinstein_NRS,-106.309962,35.1580890000001
275,313,Sandia Knolls 5,300,0,35.1652189,-106.3152472,6684.359,S-0383,DOM,f3758bf3-28ec-4d93-87be-186bf2991ba5,BC-0320,Y,,,2024-05-08T21:25:55,ccarsrud_EH,2025-06-02T21:08:53,pheinstein_NRS,-106.3152472,35.1652189000001
276,221,Sandia Park 3,1275,2.31,35.163942,-106.341462,6799.279,S-2775,DOM,c03a7e89-2180-4bf5-bb4d-22392deaac0f,BC-0221,M,310GLOR,,2024-05-08T21:25:55,ccarsrud_EH,2025-06-02T19:14:55,pheinstein_NRS,-106.341462,35.1639420000001
277,238,Sandia Park 4,740,2.16,35.164368,-106.341149,6800.491,S-2775 POD 2,DOM,df31e40a-3a0d-4f5d-a7ba-aff1846bf87a,BC-0238,M,231CHNL,,2024-05-08T21:25:55,ccarsrud_EH,2025-06-02T19:13:42,pheinstein_NRS,-106.341149,35.164368
278,247,Sandia Park 5,434,1.94,35.163644,-106.341309,6798.165,S-2775 POD 3,DOM,f523451b-6566-446d-8b47-76ffb772e4d7,BC-0247,M,231AGZC,,2024-05-08T21:25:55,ccarsrud_EH,2025-06-02T19:16:06,pheinstein_NRS,-106.341309,35.163644
279,248,Sandia Park 6,268.25,2.21,35.164151,-106.341245,6797.384,S-2775 POD 4,DOM,669603b7-db1d-4179-9727-51be4a842d46,BC-0248,M,231CHNL,,2024-05-08T21:25:55,ccarsrud_EH,2025-06-02T19:14:19,pheinstein_NRS,-106.341245,35.1641510000001
280,144,Sandoval County 1,290,2.2,35.238448,-106.322921,6427.727,RG-66342,DOM,c51e5253-4d9b-45c9-9ded-b622c5a5fff6,BC-0164,Y,325MDER,,2024-05-08T21:25:55,ccarsrud_EH,2025-06-02T14:47:04,pheinstein_NRS,-106.322921,35.2384480000001
281,145,Z - Sandoval County 2,410,1.87,35.220109,-106.335251,6652.562,RG-65849,DOM,4dfc48a8-10f8-4cf7-b080-093f8c23f187,BC-0165,Z,325MDER,,2024-05-08T21:25:55,ccarsrud_EH,2025-06-02T14:59:52,pheinstein_NRS,-106.335251,35.220109
282,146,Sandoval County 3,383,1.86,35.232913,-106.34129,6569.164,RG-76082,DOM,13f2ea72-5a67-4dce-a7b2-afe00a00a8cc,BC-0166,Y,325MDER,,2024-05-08T21:25:55,ccarsrud_EH,2025-06-02T14:48:37,pheinstein_NRS,-106.34129,35.2329130000001
283,256,Sandoval County 4,440,2.25,35.232185,-106.362267,6756.369,RG-78955,DOM,a884e9b3-c064-473b-9ab6-67ae9aef7f43,BC-0321,Y,325MDER,,2024-05-08T21:25:55,ccarsrud_EH,2025-06-02T14:49:36,pheinstein_NRS,-106.362267,35.2321850000001
284,291,Sandoval County 5,240,1.73,35.2433056,-106.3300528,6453.209,RG-75945-POD1-2,DOM,e2a561b8-722e-47d2-b023-716a9969113c,BC-0333,Y,325MDER,,2024-05-08T21:25:55,ccarsrud_EH,2025-06-02T14:50:20,pheinstein_NRS,-106.3300528,35.2433056
285,350,Sandoval County 7,374,1.54,35.241617,-106.360892,6705.768,RG-91537,DOM,2f51cfe1-1a5f-4dbd-970e-b3cffc55bf0d,BC-0360,Y,325MDER,,2024-05-08T21:25:55,ccarsrud_EH,2025-06-02T14:52:21,pheinstein_NRS,-106.360892,35.2416170000001
286,215,Sedillo Ridge,500,1.59,35.055392,-106.294236,7192.409,E-9673,MW,d5a16d11-f087-4bf7-9a75-02fee588cccc,BC-0215,M,325MDER,,2024-05-08T21:25:55,ccarsrud_EH,2025-06-02T20:38:23,pheinstein_NRS,-106.294236,35.055392
287,209,Sierra Vista,340,-0.2,35.12281,-106.353383,6971.757,,MW,b2b2ca47-3919-4301-96e8-356a9eed4ad6,BC-0209,M,211MVRD,,2024-05-08T21:25:55,ccarsrud_EH,2025-06-02T20:36:45,pheinstein_NRS,-106.353383,35.1228100000001
288,75,Skyline 01,245,1.15,35.170021,-106.351962,6934.809,S-2548,DOM,51998890-a292-441a-8647-3336871b285e,BC-0088,M,318ABO,,2024-05-08T21:25:55,ccarsrud_EH,2025-06-02T21:03:21,pheinstein_NRS,-106.351962,35.1700210000001
289,308,Skyline 02,177,1.43,35.1700306,-106.350425,6901.716,S-02083,DOM,58096647-c34d-4061-8bce-cfdc14e6007c,BC-0298,Y,,,2024-05-08T21:25:55,ccarsrud_EH,2025-06-02T21:04:05,pheinstein_NRS,-106.350425,35.1700306000001
290,311,Skyline 03,350,1.5,35.1698639,-106.3530167,6967.537,S-02356,DOM,f06c16f9-f825-490d-b23b-ac9f72b1daed,BC-0301,Y,,,2024-05-08T21:25:55,ccarsrud_EH,2025-06-02T21:05:55,pheinstein_NRS,-106.3530167,35.1698639000001
291,323,Skyline 04,260,0.7,35.1702639,-106.3533417,6975.723,S-02311,DOM,491edd7a-a593-41a4-a17d-d5ba53693877,BC-0302,Y,,,2024-05-08T21:25:55,ccarsrud_EH,2025-06-02T21:06:32,pheinstein_NRS,-106.3533417,35.1702639000001
292,140,SPSB 1,304,1.95,35.162734,-106.364783,7137.536,S-2229,DOM,6d1d95f2-c2fe-4e3f-9d4c-f4c5415c4d96,BC-0159,M,318ABO,,2024-05-08T21:25:55,ccarsrud_EH,2025-06-02T19:39:38,pheinstein_NRS,-106.364783,35.1627340000001
293,141,SPSB 2,260,0.8,35.162865,-106.356017,6967.827,S-660,DOM,93d4f6cd-30c4-4a09-8cd8-329fa5e4ee7d,BC-0160,Y,,,2024-05-08T21:25:55,ccarsrud_EH,2025-06-02T19:41:02,pheinstein_NRS,-106.356017,35.1628650000001
294,142,SPSB 3,385,1.4,35.17006,-106.366599,7141.056,S-2359,DOM,949e0e5f-4bc9-4ee9-987a-8bcf455c421f,BC-0161,Y,,,2024-05-08T21:25:55,ccarsrud_EH,2025-06-02T19:41:47,pheinstein_NRS,-106.366599,35.17006
295,143,SPSB 4,325,1.6,35.161829,-106.355282,6974.119,RG-32896,DOM,d20f9736-f465-451a-a736-b8c8dd8310b1,BC-0162,Y,,,2024-05-08T21:25:55,ccarsrud_EH,2025-06-02T19:43:02,pheinstein_NRS,-106.355282,35.1618290000001
296,179,SPSB 5,85,1.13,35.168483,-106.365757,7072.211,S-1295,DOM,87bca48f-e0a7-4e19-ae10-236fbcc9fe35,BC-0163,Y,,,2024-05-08T21:25:55,ccarsrud_EH,2025-06-02T19:43:47,pheinstein_NRS,-106.365757,35.168483
297,233,SPSB 7,76,0,35.166838,-106.364621,7066.696,S-2545,DOM,6d6cb2c4-852d-4a3f-880d-46eef300ee22,BC-0233,Y,,,2024-05-08T21:25:55,ccarsrud_EH,2025-06-02T19:44:13,pheinstein_NRS,-106.364621,35.166838
298,351,SPSB 8,0,1.3,35.162347,-106.365139,7138.214,,DOM,3f6118ba-8329-4324-ad31-a15680674312,BC-0361,Y,,,2024-05-08T21:25:55,ccarsrud_EH,2025-06-02T19:40:24,pheinstein_NRS,-106.365139,35.1623470000001
299,366,SPSB 9,0,0,35.163714,-106.356481,6948.89,,DOM,48178134-abd7-474b-93d3-d273eb47e6b0,BC-0362,Y,,,2024-05-08T21:25:55,ccarsrud_EH,2025-06-02T19:45:06,pheinstein_NRS,-106.356481,35.163714
300,302,Stagecoach 01,300,2.38,35.1654222,-106.3217472,6647.585,S-2753,DOM,d763e5e8-6ae4-415f-97e4-bdea1dd87c5c,BC-0438,M,231CHNL,,2024-05-08T21:25:55,ccarsrud_EH,2025-08-07T15:32:52,pheinstein_NRS,-106.3217472,35.1654222000001
301,421,Stagecoach 02,200,1.8,35.1644722,-106.3219028,6654.699,S-00647-POD 1 or2,DOM,12e26a43-8833-4c74-927e-d40fc54e3e43,BC-0439,Y,,,2024-05-08T21:25:55,ccarsrud_EH,2025-06-02T19:17:44,pheinstein_NRS,-106.3219028,35.1644722
302,422,Stagecoach 03,0,1,35.1641889,-106.3223333,6660.216,S-00647-POD 1or2,DOM,025fbae6-fb5b-47bd-b349-db536fe30dc7,BC-0440,Y,,,2024-05-08T21:25:55,ccarsrud_EH,2025-06-02T19:18:15,pheinstein_NRS,-106.3223333,35.1641889000001
303,213,Sumption,190,1.3,35.142096,-106.267695,6864.775,S-342,MW,7bde3e11-b827-42da-8924-3395ebff62c8,BC-0213,M,325MDER,,2024-05-08T21:25:55,ccarsrud_EH,2025-06-02T19:35:54,pheinstein_NRS,-106.267695,35.142096
304,147,Tablazon 01,380,0.65,35.106344,-106.329669,6885.881,S-0923,DOM,02aaf2ab-55e3-49f1-8010-c302b596b45a,BC-0167,Y,325MDER,,2024-05-08T21:25:55,ccarsrud_EH,2025-05-30T20:47:49,pheinstein_NRS,-106.329669,35.106344
305,158,Tablazon 02,475,1.1,35.10446,-106.326408,6951.912,S-1596,DOM,fd2bd470-e9e4-425c-abb6-389c7b1e2c6c,BC-0178,Y,325MDER,,2024-05-08T21:25:55,ccarsrud_EH,2025-05-30T20:49:06,pheinstein_NRS,-106.326408,35.1044600000001
306,162,Tablazon 04,600,1.04,35.105787,-106.322504,6934.576,S-1275,DOM,c461aa77-b2fb-4c31-b533-a61addc55b96,BC-0182,Y,325MDER,,2024-05-08T21:25:55,ccarsrud_EH,2025-05-30T20:50:02,pheinstein_NRS,-106.322504,35.1057870000001
307,165,Tablazon 07,475,0.6,35.103649,-106.3255,6989.446,S-1111,DOM,77b60d86-a348-415e-adb2-59a513bec928,BC-0185,Y,325MDER,400 - 475,2024-05-08T21:25:55,ccarsrud_EH,2025-05-30T20:50:56,pheinstein_NRS,-106.3255,35.1036490000001
308,166,Tablazon 08,650,2.33,35.103047,-106.324287,7015.343,S-1183,DOM,42b92340-69a3-4c41-8e16-3223dbb0c01c,BC-0186,M,325MDER,,2024-05-08T21:25:55,ccarsrud_EH,2025-05-30T20:51:29,pheinstein_NRS,-106.324287,35.1030470000001
309,148,Tablazon 10,440,2.5,35.099356,-106.327908,6807.115,S-1484,DOM,a1d9952b-ca95-4436-a3e5-fc0291b484b8,BC-0168,Y,325MDER,420 - 440,2024-05-08T21:25:55,ccarsrud_EH,2025-05-30T20:52:03,pheinstein_NRS,-106.327908,35.0993560000001
310,150,Tablazon 12,396,0.82,35.107828,-106.327495,6855.196,S-908,DOM,19ee9123-684b-4167-bd60-6cd0367e01b3,BC-0170,Y,325MDER,,2024-05-08T21:25:55,ccarsrud_EH,2025-05-30T20:52:59,pheinstein_NRS,-106.327495,35.107828
311,152,Tablazon 14,400,1.18,35.109529,-106.327542,6828.786,S-1466,DOM,4596a14b-20ed-4d04-812d-cdd1c7fe855b,BC-0172,M,325MDER,370 - 390,2024-05-08T21:25:55,ccarsrud_EH,2025-05-30T20:53:49,pheinstein_NRS,-106.327542,35.1095290000001
312,153,Tablazon 15,450,0.32,35.104474,-106.322757,6966.427,S-02700-POD1,DOM,903cbcd7-005d-4c6f-8fd4-4f5783fd161c,BC-0173,Y,325MDER,,2024-05-08T21:25:55,ccarsrud_EH,2025-05-30T20:54:26,pheinstein_NRS,-106.322757,35.104474
313,154,Tablazon 16,430,1.37,35.102984,-106.333259,6854.455,S-1585,DOM,e40983f8-ba72-4114-ab1b-06c3c73af2a9,BC-0174,Y,325MDER,390 - 430,2024-05-08T21:25:55,ccarsrud_EH,2025-05-30T20:55:43,pheinstein_NRS,-106.333259,35.102984
314,156,Tablazon 18,400,1.27,35.106561,-106.32968,6878.755,S-1779,DOM,7ddec4cd-6c75-4fba-8ad4-d82c31ea0468,BC-0176,Y,325MDER,320 - 380,2024-05-08T21:25:55,ccarsrud_EH,2025-05-30T20:56:50,pheinstein_NRS,-106.32968,35.1065610000001
315,231,Tablazon 22,405,0.85,35.105768,-106.327854,6895.029,S-2106,DOM,b3653524-c91a-4321-962e-1ea27946df4d,BC-0231,Y,325MDER,365 - 405,2024-05-08T21:25:55,ccarsrud_EH,2025-05-30T20:58:21,pheinstein_NRS,-106.327854,35.1057680000001
316,244,Tablazon 23,375,1.81,35.102084,-106.328618,6773.905,S-1782,DOM,8e651ef1-0219-42f5-8417-5094b3d84fab,BC-0244,Y,325MDER,300 - 375,2024-05-08T21:25:55,ccarsrud_EH,2025-05-30T20:59:30,pheinstein_NRS,-106.328618,35.102084
317,320,Tablazon 24,375,1.71,35.1022,-106.328332,6783.375,S-1782,DOM,c291c4b6-7e9f-4386-afa0-bedb49576e54,BC-0323,Y,325MDER,300 - 375,2024-05-08T21:25:55,ccarsrud_EH,2025-05-30T20:59:05,pheinstein_NRS,-106.328332,35.1022
318,321,Tablazon 25,375,1,35.102376,-106.328026,6794.745,S-1780,DOM,ae59f176-d441-4cf1-82b8-4a07fd0d413a,BC-0324,Y,325MDER,300 - 375,2024-05-08T21:25:55,ccarsrud_EH,2025-05-30T21:00:32,pheinstein_NRS,-106.328026,35.102376
319,322,Tablazon 26,360,1,35.1069222,-106.3291278,6834.588,S-974,DOM,fe3a2ae7-ccd1-4fc1-aa60-3a0c4ac27722,BC-0325,Y,325MDER,,2024-05-08T21:25:55,ccarsrud_EH,2025-05-30T21:01:31,pheinstein_NRS,-106.3291278,35.1069222
320,337,Tablazon 27,380,1.64,35.1042,-106.3320472,6869.116,S-1246,DOM,74a22c80-6f93-48dd-a903-08c51fba553f,BC-0326,Y,325MDER,320 - 380,2024-05-08T21:25:55,ccarsrud_EH,2025-05-30T21:01:59,pheinstein_NRS,-106.3320472,35.1042
321,319,Tablazon 28,0,0.96,35.1048194,-106.3278278,6895.528,,DOM,87e099d3-5c65-4389-b370-298612928f88,BC-0327,Y,325MDER,,2024-05-08T21:25:55,ccarsrud_EH,2025-05-30T21:02:55,pheinstein_NRS,-106.3278278,35.1048194000001
322,318,Tablazon 29,400,1.6,35.10535,-106.3339167,6797.72,S-02022,DOM,94a124f3-136c-4103-8c83-a20e61cc6f73,BC-0328,Y,325MDER,,2024-05-08T21:25:55,ccarsrud_EH,2025-07-17T17:37:26,pheinstein_NRS,-106.3339167,35.10535
323,317,Tablazon 30,360,1.77,35.1074694,-106.3309444,6825.026,S-935,DOM,d9a62466-6f6c-46da-8c06-e0e321c11bf8,BC-0329,Y,325MDER,,2024-05-08T21:25:55,ccarsrud_EH,2025-05-30T21:05:55,pheinstein_NRS,-106.3309444,35.1074694000001
324,316,Tablazon 31,275,1.1,35.0997444,-106.3373694,6659.26,S-01885,DOM,bf60181f-82ca-488e-ac54-c1325afc738c,BC-0330,Y,325MDER,200 - 275,2024-05-08T21:25:55,ccarsrud_EH,2025-05-30T21:08:18,pheinstein_NRS,-106.3373694,35.0997444000001
325,239,Z - Tablazon Meadows 1,460,2.38,35.1065350797,-106.324054807,6864.422,S-2382,DOM,1bb23bb1-f3a1-40aa-a4e7-103959e74d3f,BC-0239,Z,325MDER,400 - 460,2024-05-08T21:25:55,ccarsrud_EH,2025-06-03T16:11:02,pheinstein_NRS,-106.324054807,35.1065350800001
326,367,Tumbleweed 3,260,1.45,35.1537,-106.280489,6902.599,,DOM,300455e1-ec42-45ba-aead-28bd79f98b08,BC-0363,Y,325MDER,,2024-05-08T21:25:55,ccarsrud_EH,2025-06-02T22:28:14,pheinstein_NRS,-106.280489,35.1537000000001
327,170,Ventana del Sol 1,400,1.76,35.143653,-106.363784,6977.091,S-1508,DOM,bbdb7d95-9441-41c9-91dd-9a3f27d29516,BC-0190,M,318ABO,,2024-05-08T21:25:55,ccarsrud_EH,2025-06-03T16:35:33,pheinstein_NRS,-106.363784,35.143653
328,171,Ventana del Sol 2,317,0.77,35.14441,-106.363231,6978.816,S-1060,DOM,78d3cece-3bef-4521-9b0b-42c61bc9b46a,BC-0191,Y,,,2024-05-08T21:25:55,ccarsrud_EH,2025-06-03T16:34:25,pheinstein_NRS,-106.363231,35.1444100000001
329,172,Vista Bonita 1,300,1.1,35.214827,-106.365831,6919.892,S-943,DOM,e5cd90c2-d844-494a-9ad4-13efb8daea02,BC-0192,Y,325MDER,,2024-05-08T21:25:55,ccarsrud_EH,2025-06-03T14:13:15,pheinstein_NRS,-106.365831,35.2148270000001
330,324,Vista Grande,570,2.28,35.1748111,-106.3393222,6792.56,S-2873,MW,ff2e825f-2e0d-4788-8a10-f0a688b1b471,BC-0331,M,231CHNL,,2024-05-08T21:25:55,ccarsrud_EH,2025-06-02T19:52:45,pheinstein_NRS,-106.3393222,35.1748111000001
331,203,Whispering Pines,595,1.5,34.939171,-106.29371,7485.564,E-7980,DOM,556ada43-4e9a-4ea0-ac9c-a38f568016bd,BC-0203,M,325MDER,,2024-05-08T21:25:55,ccarsrud_EH,2025-06-02T19:51:58,pheinstein_NRS,-106.29371,34.939171
332,173,Wildflower 1,260,1.5,35.156452,-106.344044,6876.113,S-843,DOM,5050c71a-8d0c-48a3-8763-195c1dbf5bd6,BC-0193,Y,,,2024-05-08T21:25:55,ccarsrud_EH,2025-06-02T19:33:00,pheinstein_NRS,-106.344044,35.1564520000001
333,174,Wildflower 2,380,1.82,35.156417,-106.343938,6873.208,S-843 POD 2,DOM,8482a77f-10ed-4185-a861-3838e4117c61,BC-0194,Y,,,2024-05-08T21:25:55,ccarsrud_EH,2025-06-02T19:33:57,pheinstein_NRS,-106.343938,35.156417
334,237,Wildflower 3,0,1.18,35.161531,-106.343119,6794.506,,DOM,81405d74-83ed-4894-bd79-060a22f6594f,BC-0237,Y,,,2024-05-08T21:25:55,ccarsrud_EH,2025-06-02T19:34:32,pheinstein_NRS,-106.343119,35.161531
335,315,Z - Wildflower 4,340,1.86,35.1586194,-106.3430056,6830.652,,DOM,9d56f740-332e-4612-a043-d44fe317955d,BC-0332,Z,,,2024-05-08T21:25:55,ccarsrud_EH,2025-05-30T20:30:44,pheinstein_NRS,-106.3430056,35.1586194000001
336,1,Z - Buckboard 1,364,1.1,34.9629417,-106.3099778,7439.071,E-6373,DOM,406e8acc-de00-453f-8802-c9aa586848e8,BC-0001,Z,325MDER,,2024-05-08T21:25:55,ccarsrud_EH,2025-06-03T14:14:20,pheinstein_NRS,-106.3099778,34.9629417
337,189,Z - Columbine Thompson 08,140,1.82,35.124407,-106.373529,6824.062,S-0081,DOM,8d5923e5-2b7c-4e1a-84e9-77157ebf063a,BC-0013,Z,,,2024-05-08T21:25:55,ccarsrud_EH,2025-06-02T21:52:25,pheinstein_NRS,-106.373529,35.1244070000001
338,107,Z - Echo Canyon 01,0,1.4,35.068188,-106.459323,5990.742,RG-80844,DOM,31e6ca85-0ea2-4de8-a9e1-813b45d715db,BC-0123,Z,,,2024-05-08T21:25:55,ccarsrud_EH,2025-06-03T16:02:00,pheinstein_NRS,-106.459323,35.0681880000001
339,109,Z - Echo Canyon 03,300,0.95,35.071375,-106.461167,6115.169,RG-34834,DOM,cad8bad6-ba12-4cf8-8d5d-5388a6ede8cc,BC-0125,Z,,,2024-05-08T21:25:55,ccarsrud_EH,2025-06-03T16:02:21,pheinstein_NRS,-106.461167,35.071375
340,110,Z - Echo Canyon 04,365,1.5,35.069785,-106.461661,6055.784,RG-52935,DOM,d398ab89-354b-4665-917c-b1299f55371b,BC-0126,Z,400SAND,,2024-05-08T21:25:55,ccarsrud_EH,2025-06-03T15:58:28,pheinstein_NRS,-106.461661,35.069785
341,111,Z - Echo Canyon 05,240,2.55,35.070362,-106.460914,6067.185,RG-73676,DOM,7b0c4c6f-6fd7-4c51-87f0-07e89ecf5000,BC-0127,Z,400SAND,,2024-05-08T21:25:55,ccarsrud_EH,2025-06-03T15:59:13,pheinstein_NRS,-106.460914,35.070362
343,270,Z - EGC 17,0,-1.6,35.059972,-106.443025,5877.085,,DOM,57760b7c-c467-44b2-b90a-26a5c75d88b4,BC-0274,Z,,,2024-05-08T21:25:55,ccarsrud_EH,2025-06-03T14:25:43,pheinstein_NRS,-106.443025,35.0599720000001
344,271,Z - EGC 18,0,0,35.0684972,-106.4477556,6072.477,,DOM,ef2c632c-b57c-4da4-bb5c-25ab2cb19064,BC-0275,Z,,,2024-05-08T21:25:55,ccarsrud_EH,2025-06-03T15:57:26,pheinstein_NRS,-106.4477556,35.0684972
345,273,Z - EGC 19,0,0.9,35.0591722,-106.4459694,5866.542,,DOM,52cc63ce-c70c-4a08-9b5c-fff72219ef2c,BC-0276,Z,,,2024-05-08T21:25:55,ccarsrud_EH,2025-06-03T15:56:22,pheinstein_NRS,-106.4459694,35.0591722
346,275,Z - EGC 20,50,1.8,35.0586,-106.4593722,5881.484,,DOM,45ca7eb9-0898-4d39-842d-f917a390b408,BC-0277,Z,,,2024-05-08T21:25:55,ccarsrud_EH,2025-06-03T15:55:15,pheinstein_NRS,-106.4593722,35.0586000000001
347,276,Z - EGC 21,0,0,35.0599861,-106.4582944,5834.652,,DOM,529ad290-018f-405f-b561-f466c5feeb96,BC-0278,Z,,,2024-05-08T21:25:55,ccarsrud_EH,2025-06-03T15:53:48,pheinstein_NRS,-106.4582944,35.0599861000001
348,277,Z - EGC 22,0,1.05,35.0594389,-106.4591778,5849.963,,DOM,004b2d3c-0a85-4756-a6b2-a5c8fd165796,BC-0279,Z,,,2024-05-08T21:25:55,ccarsrud_EH,2025-06-03T15:53:17,pheinstein_NRS,-106.4591778,35.0594389
349,278,Z - EGC 23,0,2,35.0571806,-106.4595806,5927.95,,DOM,718ea7de-1266-4904-b2bd-9b090e7b293e,BC-0280,Z,,,2024-05-08T21:25:55,ccarsrud_EH,2025-06-03T15:52:24,pheinstein_NRS,-106.4595806,35.0571806
350,15,Z - EGC 7,125,1,35.067893,-106.443525,6074.708,RG-38149,DOM,def411e6-8ffd-42ac-a9d7-e989263f361f,BC-0024,Z,,,2024-05-08T21:25:55,ccarsrud_EH,2025-06-03T14:18:03,pheinstein_NRS,-106.443525,35.067893
351,16,Z - EGC 8,180,0.25,35.07469,-106.44463,6264.826,RG-36005,DOM,1a0692a4-4d67-4b6b-93e6-f59d41d210ab,BC-0025,Z,,,2024-05-08T21:25:55,ccarsrud_EH,2025-06-03T14:19:49,pheinstein_NRS,-106.44463,35.07469
352,51,Z - EMC NE 04,0,1.52,35.166964,-106.330959,6695.506,,DOM,4c146ff1-ba84-488b-bcdf-abbeee62d29c,BC-0060,Z,,,2024-05-08T21:25:55,ccarsrud_EH,2025-06-03T14:40:40,pheinstein_NRS,-106.330959,35.1669640000001
353,54,Z - EMC NE 07,240,2.06,35.15074,-106.334158,6796.452,S-1197,DOM,d22daf4b-6cc3-4f8c-84aa-c9d9b21c9d90,BC-0070,Z,,,2024-05-08T21:25:55,ccarsrud_EH,2025-06-03T14:42:15,pheinstein_NRS,-106.334158,35.15074
354,56,Z - EMC NE 09,0,0,35.14805,-106.303518,6706.269,S-2066,DOM,cb524506-341a-4c76-9112-88cb4b440209,BC-0072,Z,,,2024-05-08T21:25:55,ccarsrud_EH,2025-06-03T14:32:38,pheinstein_NRS,-106.303518,35.1480500000001
355,20,Z - EMC NE 11,240,1.93,35.145559,-106.305635,6748.857,S-1679 POD 2,DOM,330ad903-16c9-467b-98b4-00742ae23736,BC-0029,Z,,,2024-05-08T21:25:55,ccarsrud_EH,2025-06-03T14:33:41,pheinstein_NRS,-106.305635,35.145559
356,21,Z - EMC NE 12,0,0.4,35.145562,-106.305637,6749.18,S-1679,DOM,e0cc7049-ab91-4a94-aa1e-a87b0839e38b,BC-0030,Z,,,2024-05-08T21:25:55,ccarsrud_EH,2025-06-03T14:34:52,pheinstein_NRS,-106.305637,35.145562
357,28,Z - EMC NE 19,420,0,35.1366333,-106.3465694,7107.848,S-02348,DOM,a2c64899-6bab-437b-bb7b-4386d05652a8,BC-0037,Z,211MVRD,,2024-05-08T21:25:55,ccarsrud_EH,2025-06-03T14:28:38,pheinstein_NRS,-106.3465694,35.1366333
358,32,Z - EMC NE 22,260,1.4,35.151242,-106.334845,6827.368,S-1225,DOM,0eb9d206-09e6-4fb0-b02a-da246736fad8,BC-0041,Z,,,2024-05-08T21:25:55,ccarsrud_EH,2025-06-03T14:43:30,pheinstein_NRS,-106.334845,35.151242
359,43,Z - EMC NE 32,0,1.11,35.150946,-106.319994,6857.926,,DOM,f3fab7b2-8595-492f-a183-fa9d53ffc540,BC-0052,Z,,,2024-05-08T21:25:55,ccarsrud_EH,2025-06-03T14:36:49,pheinstein_NRS,-106.319994,35.150946
360,181,Z - EMC NE 41,325,1.49,35.140305,-106.300977,6786.072,S-1814,DOM,af359632-d8a9-4426-8f1c-bfa147300e4e,BC-0062,Z,325MDER,,2024-05-08T21:25:55,ccarsrud_EH,2025-06-03T14:46:57,pheinstein_NRS,-106.300977,35.1403050000001
361,183,Z - EMC NE 43,400,1.17,35.130279,-106.322841,6781.109,S-2120,DOM,71a10704-7739-43ca-a09c-0640de516698,BC-0064,Z,,,2024-05-08T21:25:55,ccarsrud_EH,2025-06-02T18:52:37,pheinstein_NRS,-106.322841,35.130279
362,228,Z - EMC NE 49,170,0,35.143102,-106.270355,6845.103,S-2558,DOM,f847a148-939f-4e0b-9e3d-03b4d48e4910,BC-0228,Z,325MDER,,2024-05-08T21:25:55,ccarsrud_EH,2025-06-03T14:48:45,pheinstein_NRS,-106.270355,35.1431020000001
363,57,Z - EMC NW 01,280,0,35.149527,-106.363945,7001.533,S-2208,DOM,29f1ad30-052d-45a7-911f-8883afbc847b,BC-0073,Z,,,2024-05-08T21:25:55,ccarsrud_EH,2025-06-03T14:51:53,pheinstein_NRS,-106.363945,35.149527
364,85,Z - EMC NW 07,33,0.8,35.1697222,-106.3690694,7135.024,S-735,DOM,b4eda37d-9a12-4e9f-a684-a0e37a360b4e,BC-0099,Z,,,2024-05-08T21:25:55,ccarsrud_EH,2025-06-03T14:52:50,pheinstein_NRS,-106.3690694,35.1697222
365,58,Z - EMC NW 10,305,1.26,35.169569,-106.34792,6865.455,S-2552,DOM,2845c203-c62e-4cf1-b6d2-80df5e1dd2d2,BC-0074,Z,,,2024-05-08T21:25:55,ccarsrud_EH,2025-06-03T14:54:26,pheinstein_NRS,-106.34792,35.169569
366,60,Z - EMC NW 12,170,1.28,35.13343333,-106.3709972,6900.81,S-1058-X,DOM,1322a7c8-d0c0-448c-8432-6aee5cfbd434,BC-0075,Z,,,2024-05-08T21:25:55,ccarsrud_EH,2025-06-02T19:49:58,pheinstein_NRS,-106.3709972,35.1334333300001
367,65,Z - EMC NW 17,500,1.85,35.151154,-106.365918,7064.505,S-1531 POD 2,DOM,84a19b6f-415c-4ee7-81be-1ad05a4ff4a7,BC-0080,Z,,,2024-05-08T21:25:55,ccarsrud_EH,2025-06-03T14:59:48,pheinstein_NRS,-106.365918,35.1511540000001
368,66,Z - EMC NW 18,320,0.8,35.151148,-106.365915,7064.505,S-1531,DOM,4e3a7d77-460c-4565-b164-f274be5d6b95,BC-0081,Z,,,2024-05-08T21:25:55,ccarsrud_EH,2025-06-03T15:00:25,pheinstein_NRS,-106.365915,35.151148
369,71,Z - EMC NW 22,422,1.3,35.145229,-106.369819,7025.284,S-1659 RPR POD 2,DOM,1ccb9964-4b34-473f-8e78-25ffc3642527,BC-0086,Z,,,2024-05-08T21:25:55,ccarsrud_EH,2025-06-03T15:03:37,pheinstein_NRS,-106.369819,35.145229
370,76,Z - EMC NW 27,0,0.9,35.131005,-106.369666,6901.883,,DOM,e5edf491-53d1-48ea-959b-9302573b9fc9,BC-0089,Z,,,2024-05-08T21:25:55,ccarsrud_EH,2025-06-03T15:05:39,pheinstein_NRS,-106.369666,35.1310050000001
371,190,Z - EMC NW 34,245,1.81,35.168679,-106.347288,6853.24,S-2510,DOM,1541a2f9-4f59-47bc-9091-e243d8366735,BC-0097,Z,,,2024-05-08T21:25:55,ccarsrud_EH,2025-06-03T14:56:55,pheinstein_NRS,-106.347288,35.1686790000001
372,91,Z - EMC SE 02,0,0,34.9857056,-106.3084167,7455.618,,DOM,e790338c-627d-4515-830d-d6bc43dcb297,BC-0106,Z,325MDER,,2024-05-08T21:25:55,ccarsrud_EH,2025-06-03T15:50:44,pheinstein_NRS,-106.3084167,34.9857056000001
373,92,Z - EMC SE 03,780,2.1,34.996202,-106.257734,7158.104,E-9352,DOM,e346e2a4-0e31-4c71-ad41-1a9a09f7d932,BC-0107,Z,325MDER,,2024-05-08T21:25:55,ccarsrud_EH,2025-06-03T15:48:17,pheinstein_NRS,-106.257734,34.996202
374,93,Z - EMC SE 04,0,-4,34.888608,-106.231451,6796.835,,DOM,d8bd1d0b-cd6d-46ea-b973-f0707db98ca7,BC-0108,Z,325MDER,,2024-05-08T21:25:55,ccarsrud_EH,2025-06-03T15:49:20,pheinstein_NRS,-106.231451,34.888608
375,97,Z - EMC SE 08,200,1.35,34.9699139,-106.3002611,7284.247,E-4500,DOM,edbedcaf-d013-48d6-acde-31d35d92d8b6,BC-0112,Z,325MDER,,2024-05-08T21:25:55,ccarsrud_EH,2025-06-03T15:43:31,pheinstein_NRS,-106.3002611,34.9699139000001
376,240,Z - EMC SE 13,170,1.08,35.099992,-106.34698,6613.087,S-1407,DOM,07edbf8c-e9d5-4288-a794-933696ba954a,BC-0240,Z,,,2024-05-08T21:25:55,ccarsrud_EH,2025-06-03T15:39:31,pheinstein_NRS,-106.34698,35.099992
377,104,Z - EMC SW 06,800,1.17,34.9444889,-106.3195556,7679.772,E-9520,DOM,0adb7eda-54ae-492c-b36d-960a80c67ca3,BC-0119,Z,325MDER,,2024-05-08T21:25:55,ccarsrud_EH,2025-06-03T15:23:31,pheinstein_NRS,-106.3195556,34.9444889000001
378,105,Z - EMC SW 07,925,0.95,34.9860833,-106.3444861,7714.037,RG-87502,DOM,f96e1bca-c8f9-4bfb-9134-46868d0bb317,BC-0120,Z,325MDER,,2024-05-08T21:25:55,ccarsrud_EH,2025-06-03T15:26:14,pheinstein_NRS,-106.3444861,34.9860833000001
379,106,Z - EMC SW 08,275,1.28,34.953715,-106.344462,7323.3,RG-34275,DOM,9085e6d1-63c6-4fc8-bf96-c9bebb7a3a79,BC-0121,Z,325MDER,,2024-05-08T21:25:55,ccarsrud_EH,2025-06-03T15:26:51,pheinstein_NRS,-106.344462,34.953715
380,346,Z - EMC SW 14,278,1.6,34.9773,-106.3294,7439.836,,DOM,9edf218e-0516-4c45-84da-5abc3bd77292,BC-0348,Z,325MDER,,2024-05-08T21:25:55,ccarsrud_EH,2025-06-03T15:20:34,pheinstein_NRS,-106.3294,34.9773000000001
381,186,Z - Green Ridge 1,385,1.9,34.994374,-106.269391,7263.309,E-8248-S-5,DOM,adc57a2b-07b8-4fdd-a2d4-0a9ed6a76ee7,BC-0130,Z,325MDER,,2024-05-08T21:25:55,ccarsrud_EH,2025-06-03T15:14:14,pheinstein_NRS,-106.269391,34.9943740000001
382,115,Z - Lois Lane 1,200,1.97,35.1659389,-106.3350083,6740.526,S-1151,DOM,c1edb604-bb70-419c-8918-851b5239d816,BC-0132,Z,,,2024-05-08T21:25:55,ccarsrud_EH,2025-06-02T21:49:37,pheinstein_NRS,-106.3350083,35.1659389000001
383,117,Los Suenos 2,440,1.11,35.153242,-106.298617,6857.966,S-2246,DOM,9de31009-683d-43f0-bac6-91f9722dbfdf,BC-0134,M,318ABO,,2024-05-08T21:25:55,ccarsrud_EH,2025-06-02T18:34:49,pheinstein_NRS,-106.298617,35.153242
384,120,Z - NAA 01,1080,0,35.1853222,-106.5397444,5598.806,RG-57328,DOM,c4b94f95-3975-438e-9f96-3209448df97b,BC-0137,Z,112SNTF,,2024-05-08T21:25:55,ccarsrud_EH,2025-06-02T15:49:59,pheinstein_NRS,-106.5397444,35.1853222
385,122,Z - NAA 02,0,0,35.1601333,-106.4987556,6027.674,,DOM,73ff6351-0a53-456e-9983-0958bb7d832a,BC-0139,Z,112QTBFppm,,2024-05-08T21:25:55,ccarsrud_EH,2025-06-02T15:52:09,pheinstein_NRS,-106.4987556,35.1601333
386,123,Z - NAA 03,625,0,35.1651861,-106.5099667,5886.622,RG-72020,DOM,d9f0a63f-fbd8-490e-ae5e-72f6f8d340d6,BC-0461,Z,112QTBFppm,,2024-05-08T21:25:55,ccarsrud_EH,2025-06-02T15:53:00,pheinstein_NRS,-106.5099667,35.1651861
387,124,Z - NAA 04,700,1.01,35.1947361,-106.5531861,5442.851,RG-60931,DOM,4b24039a-f2ac-4af6-b8ca-7a4f5df1861a,BC-0141,Z,112SNTF,,2024-05-08T21:25:55,ccarsrud_EH,2025-06-02T15:53:42,pheinstein_NRS,-106.5531861,35.1947361000001
388,125,Z - NAA 05,720,1.05,35.1952083,-106.5566944,5405.449,RG-61095,DOM,c4ca89fc-a8de-489c-8369-71cc99b0da5e,BC-0142,Z,112SNTF,,2024-05-08T21:25:55,ccarsrud_EH,2025-06-02T15:54:17,pheinstein_NRS,-106.5566944,35.1952083
389,126,Z - NAA 06,711,0,35.1961472,-106.5561389,5405.449,RG-60929,DOM,02b02f6a-e55f-4b17-8997-d47aeabd7b28,BC-0143,Z,112SNTF,,2024-05-08T21:25:55,ccarsrud_EH,2025-06-02T15:55:17,pheinstein_NRS,-106.5561389,35.1961472
390,127,Z - NAA 07,720,0.99,35.1932333,-106.5554194,5422.93,RG-60930,DOM,3f39968e-a2ff-45be-8e7a-9e21f28998ac,BC-0144,Z,112SNTF,,2024-05-08T21:25:55,ccarsrud_EH,2025-06-02T15:55:55,pheinstein_NRS,-106.5554194,35.1932333
391,128,Z - NAA 08,659,1.3,35.1968528,-106.56375,5329.941,RG-60928,DOM,4c92f8a1-1d67-4aec-94e9-053b051e3380,BC-0145,Z,112SNTF,,2024-05-08T21:25:55,ccarsrud_EH,2025-06-02T15:57:06,pheinstein_NRS,-106.56375,35.1968528
392,129,Z - NAA 09,758,1.34,35.196834,-106.560923,5360.588,RG-60927,DOM,72d38371-bfbf-4432-902f-6dcf3aab28e2,BC-0146,Z,112SNTF,,2024-05-08T21:25:55,ccarsrud_EH,2025-06-03T16:17:03,pheinstein_NRS,-106.560923,35.196834
393,121,Z - NAA 10,651,0.72,35.1968222,-106.5609222,5360.588,RG-60932,DOM,5c8b5d4a-f6a8-4996-8d57-fb62d193b4c1,BC-0138,Z,112SNTF,,2024-05-08T21:25:55,ccarsrud_EH,2025-06-02T15:58:41,pheinstein_NRS,-106.5609222,35.1968222
394,241,Z - NAA 11,560,1.35,35.169092,-106.499834,6031.042,RG-51611 POD 1,DOM,6fbd901f-799d-4efe-8c0d-36cc7f11c8ad,BC-0241,Z,112QTBFppm,,2024-05-08T21:25:55,ccarsrud_EH,2025-06-03T16:14:33,pheinstein_NRS,-106.499834,35.169092
395,195,Z - Pinon Ridge Estates 3,420,1.88,35.151509,-106.350208,7029.858,S-1711,DOM,84cd56dd-604c-4c61-a219-b373fbafc84e,BC-0195,Z,,,2024-05-08T21:25:55,ccarsrud_EH,2025-06-02T18:54:06,pheinstein_NRS,-106.350208,35.151509
396,194,Z - Ponderosa Estates 2,335,1.93,35.153848,-106.363456,7064.196,S-2078,DOM,5b6a0070-b0cd-4079-9a57-341835d1ec4b,BC-0150,Z,,,2024-05-08T21:25:55,ccarsrud_EH,2025-06-02T19:02:24,pheinstein_NRS,-106.363456,35.153848
397,133,Z - Rider Road 2,125,1,35.158096,-106.324421,6676.675,S-0063,DOM,5e4e6970-e60f-4f33-bb66-0ec33a3728db,BC-0152,Z,,,2024-05-08T21:25:55,ccarsrud_EH,2025-06-02T18:56:23,pheinstein_NRS,-106.324421,35.1580960000001
398,134,Z - Rider Road 3,283,1.8,35.154049,-106.329155,6738.006,S-2609,DOM,591988be-2fe9-44ac-845e-09dcf811b9cc,BC-0153,Z,,,2024-05-08T21:25:55,ccarsrud_EH,2025-06-02T19:01:31,pheinstein_NRS,-106.329155,35.154049
399,135,Z - Rider Road Area 4,265,1.83,35.156408,-106.319667,6694.187,S-00367 POD 2,DOM,f883a1aa-2f6f-48d3-848b-31be85acd553,BC-0154,Z,,,2024-05-08T21:25:55,ccarsrud_EH,2025-06-02T18:57:03,pheinstein_NRS,-106.319667,35.1564080000001
400,335,Z - S. Hills Water Co 1,246,1.94,34.9985806,-106.7243833,4959.956,RG-25500,DOM,dca365ea-deae-4ed0-9dd3-1ecb5d6574fe,BC-0318,Z,112SNTF,,2024-05-08T21:25:55,ccarsrud_EH,2025-06-02T18:59:57,pheinstein_NRS,-106.7243833,34.9985806
401,336,Z - S. Hills Water Co 2,350,1.15,34.9984444,-106.7242639,4957.883,RG-25500S,DOM,abfec4df-7e6d-4940-b23e-c8e6cd6460b5,BC-0319,Z,112SNTF,,2024-05-08T21:25:55,ccarsrud_EH,2025-06-02T19:00:27,pheinstein_NRS,-106.7242639,34.9984444
402,211,Z - Sandia Park 1,112.5,0,35.163021,-106.349152,6880.322,,DOM,c272b879-1e1b-431e-a9e6-74cc2917e1ef,BC-0211,Z,,,2024-05-08T21:25:55,ccarsrud_EH,2025-06-02T15:44:21,pheinstein_NRS,-106.349152,35.1630210000001
403,210,Z - Sandia Park 2,180,-0.2,35.165219,-106.357416,6943.366,,DOM,e97e50fc-182f-4abe-908d-fab7b04a7594,BC-0210,Z,,,2024-05-08T21:25:55,ccarsrud_EH,2025-06-02T15:46:01,pheinstein_NRS,-106.357416,35.165219
404,314,Sandoval County 6,480,1.68,35.24075,-106.3621639,6727.482,RG-89958,DOM,8ca4092f-2de3-4026-99d2-574f914c9f36,BC-0322,Y,325MDER,,2024-05-08T21:25:55,ccarsrud_EH,2025-06-02T14:51:33,pheinstein_NRS,-106.3621639,35.24075
405,224,Z - SPSB 6,0,0.8,35.162766,-106.366889,7119.77,,DOM,d7763738-fddd-43af-9f93-46176caec315,BC-0224,Z,,,2024-05-08T21:25:55,ccarsrud_EH,2025-06-02T15:01:00,pheinstein_NRS,-106.366889,35.162766
406,161,Z - Tablazon 03,420,0.34,35.104596,-106.322737,6965.053,S-1204,DOM,c6f76cbb-0f30-42df-99b6-3b4221003674,BC-0181,Z,325MDER,,2024-05-08T21:25:55,ccarsrud_EH,2025-05-30T20:46:43,pheinstein_NRS,-106.322737,35.1045960000001
407,163,Z - Tablazon 05,520,1.87,35.103101,-106.324895,7011.192,S-1465,DOM,29ba5867-1a18-4a29-86c0-548568e9b1e6,BC-0183,Z,325MDER,,2024-05-08T21:25:55,ccarsrud_EH,2025-05-30T20:45:39,pheinstein_NRS,-106.324895,35.103101
408,164,Z - Tablazon 06,400,1.78,35.105232,-106.323217,6935.092,S-1129,DOM,1af45321-1248-429d-949a-a9c35e407fe2,BC-0184,Z,325MDER,,2024-05-08T21:25:55,ccarsrud_EH,2025-05-30T20:45:03,pheinstein_NRS,-106.323217,35.1052320000001
409,167,Z - Tablazon 09,505,0,35.1034889,-106.3248333,7002.878,S-1079,DOM,304a25d2-3f44-4515-8e1c-d9c89d8c0a0d,BC-0187,Z,325MDER,,2024-05-08T21:25:55,ccarsrud_EH,2025-05-30T20:41:55,pheinstein_NRS,-106.3248333,35.1034889000001
410,149,Z - Tablazon 11,0,1.41,35.1040028,-106.3226583,6976.427,,DOM,a7ded912-5bcf-4d9a-8a97-4d52c3da85e2,BC-0169,Z,325MDER,,2024-05-08T21:25:55,ccarsrud_EH,2025-05-30T20:40:33,pheinstein_NRS,-106.3226583,35.1040028
411,151,Z - Tablazon 13,640,1.63,35.1057083,-106.32625,6943.632,S-0991,DOM,866f0e5c-8cdb-4219-9f88-2f627bb8dd13,BC-0171,Z,325MDER,,2024-05-08T21:25:55,ccarsrud_EH,2025-05-30T20:39:40,pheinstein_NRS,-106.32625,35.1057083000001
412,155,Z - Tablazon 17,325,1,35.109996,-106.329165,6805.033,S-1424,DOM,809dda3d-9279-45d9-a83d-45ed4fa6f658,BC-0175,Z,325MDER,,2024-05-08T21:25:55,ccarsrud_EH,2025-05-30T20:38:49,pheinstein_NRS,-106.329165,35.109996
413,157,Z - Tablazon 19,480,1.54,35.1054889,-106.3266778,6932.786,S-2662,DOM,34524675-5a10-4bd1-a893-e809976b07d8,BC-0177,Z,325MDER,,2024-05-08T21:25:55,ccarsrud_EH,2025-05-30T20:36:11,pheinstein_NRS,-106.3266778,35.1054889000001
414,159,Z - Tablazon 20,600,1.64,35.1036806,-106.3251944,6997.386,S-1269,DOM,b5258953-4b7f-4a9d-a487-5409dd39b9b8,BC-0179,Z,325MDER,,2024-05-08T21:25:55,ccarsrud_EH,2025-05-30T20:35:19,pheinstein_NRS,-106.3251944,35.1036806000001
415,160,Z - Tablazon 21,0,1.76,35.10401,-106.324503,6976.632,S-1114,DOM,854f5f3f-b262-4446-b02e-fd54aad2f43c,BC-0180,Z,325MDER,,2024-05-08T21:25:55,ccarsrud_EH,2025-05-30T20:33:19,pheinstein_NRS,-106.324503,35.1040100000001
419,423,Monticello 01,185,1.8,35.069007,-106.441846,6100.865,RG-57386-POD1,DOM,18dacc00-1e1a-4f61-92b6-7fd2f0e0b283,BC-0406,Y,400SAND,,2024-05-08T21:25:55,ccarsrud_EH,2025-06-02T22:12:39,pheinstein_NRS,-106.441845883,35.069006577
420,424,Monticello 02,270,1.9,35.070465,-106.443325,6145.27,RG-72960-POD1,DOM,215eef11-2758-40d3-8a20-b8460c2323cc,BC-0407,Y,400SAND,,2024-05-08T21:25:55,ccarsrud_EH,2025-06-02T22:13:16,pheinstein_NRS,-106.443324583,35.0704651120001
421,425,Canyon Estates 5,165,0.4,35.087824,-106.384675,6438.647,S-01335,DOM,aeae7ec0-d9a1-45ff-b688-32f4b7088659,BC-0371,Y,,155 - 165,2024-05-08T21:25:55,ccarsrud_EH,2025-05-21T17:21:01,pheinstein_NRS,-106.384674535,35.087824271
422,426,Pinon Ridge Estates 10,490,1,35.150242,-106.353364,7077.096,S-1473,DOM,b87209b8-067f-4e79-9ad8-53377f838210,BC-0424,Y,,,2024-05-08T21:25:55,ccarsrud_EH,2025-05-30T21:53:09,pheinstein_NRS,-106.35336386,35.1502422610001
423,427,Stagecoach 04,449,1.6,35.168995,-106.317367,6602.132,S-01631-POD2 CLW,DOM,2bb06468-bda4-42f0-8bb6-c9876d2f98df,BC-0441,Y,,,2024-05-08T21:25:55,ccarsrud_EH,2025-06-02T19:19:01,pheinstein_NRS,-106.317367423,35.1689951170001
424,428,Heatherland Hills 06,425,1.2,35.021807,-106.336276,7324.505,RG-58078,DOM,ff0320cd-781c-4715-a06d-a3cbbdac7132,BC-0395,M,325MDER,375 - 425,2024-05-08T21:25:55,ccarsrud_EH,2025-05-30T22:12:20,pheinstein_NRS,-106.336275835,35.021806521
425,429,EMC SE 19,300,1.6,35.073629,-106.372294,6508.163,RG-98954,DOM,cd78b293-83c1-43d6-9b4e-455d1dc3f676,BC-0381,Y,,,2024-05-08T21:25:55,ccarsrud_EH,2025-06-02T20:50:05,pheinstein_NRS,-106.372293728,35.0736287280001
426,430,EMC SE 18,350,1.1,35.084388,-106.367566,6535.563,RG-78752,DOM,26df795b-887e-4223-9de6-3d37047d9e92,BC-0380,Y,,,2024-05-08T21:25:55,ccarsrud_EH,2025-06-02T20:49:07,pheinstein_NRS,-106.367565559,35.084387705
427,431,Three Guns,180,2.6,35.082037,-106.444605,6509.016,,MM,66dcf426-5561-49b9-a32c-6a901c3299c9,BC-0442,M,400SAND,,2024-05-08T21:25:55,ccarsrud_EH,2025-06-02T19:36:54,pheinstein_NRS,-106.444605114,35.082036735
430,432,Bank Well 2,400,1.82,35.056504,-106.464048,5916.714,RG-91228,DOM,71013e07-6f4c-4379-8dae-5cbc94d57067,BC-0369,Y,400SAND,,2024-05-08T21:25:55,ccarsrud_EH,2025-05-30T20:05:03,pheinstein_NRS,-106.464048009427,35.0565041330147
431,433,Echo Canyon 11,380,1.3,35.065944,-106.460018,5893.094,RG-83103,DOM,87c395ff-3b8d-4ccc-b7b7-87dee8b3940c,BC-0377,M,400SAND,,2024-05-08T21:25:55,ccarsrud_EH,2025-05-30T21:23:08,pheinstein_NRS,-106.460018379963,35.0659444998935
432,434,Tijeras 01,42,0.7,35.078782,-106.394094,6248.062,RG-97531,DOM,11221d8c-14d4-45fe-ac22-8ecd6d8e5953,BC-0443,Y,,,2024-05-08T21:25:55,ccarsrud_EH,2025-06-02T22:23:52,pheinstein_NRS,-106.394093880599,35.0787818930241
433,435,Casa Loma 1,75,1.4,35.111489,-106.382405,6825.175,S-1809,,7cf68e1b-021f-434c-af4d-2fa02b85e0d7,BC-0372,Y,,,2024-05-08T21:25:55,ccarsrud_EH,2025-05-30T21:11:32,pheinstein_NRS,-106.3824051737,35.1114885933065
434,436,Piñon Cove 07,360,1.7,35.1576606,-106.3570568,6967.706,S-02378,DOM,0edd0f3d-8eb5-4d16-a80e-24f0f109d57e,BC-0419,Y,,,2024-05-08T21:25:55,ccarsrud_EH,2025-06-02T16:18:38,pheinstein_NRS,-106.35703907312,35.1576418562239
435,437,Sierra Vista 2,320,2,35.117588,-106.351124,6784.638,S-2402,DOM,da83258c-5838-4da9-9fdc-f1e5718080a5,BC-0437,Y,,,2024-05-08T21:25:55,ccarsrud_EH,2025-06-02T20:37:41,pheinstein_NRS,-106.351123510667,35.1175881657932
436,438,Pinon Ridge Estates 11,525,1.8,35.152702,-106.351484,7071.505,S-2221,DOM,28855743-0154-4ef5-9222-1073b0da222c,BC-0425,M,,,2024-05-08T21:25:55,ccarsrud_EH,2025-05-30T21:53:51,pheinstein_NRS,-106.351483652451,35.1527021354889
437,439,Legends 1,375,1.6,35.141629,-106.29266187,6784.766,S-1452,DOM,271d30b3-ebfb-477a-89ea-351a4de9cda1,BC-0403,Y,325MDER,,2024-05-08T21:25:55,ccarsrud_EH,2025-06-02T22:05:06,pheinstein_NRS,-106.292687403444,35.1416287422724
438,440,Enchantment 1,117,0.7,35.163721,-106.329809,6692.257,S-1402,DOM,757dfa6b-da22-48d5-acc5-d7f8108bbb8e,BC-0383,Y,,,2024-05-08T21:25:55,ccarsrud_EH,2025-06-02T21:28:43,pheinstein_NRS,-106.329808758119,35.1637207050513
439,441,Erickson 2,225,1.5,35.159501,-106.325309,6700.281,S-0932,DOM,21716c93-5e2b-43f9-9872-a8a55e500926,BC-0384,Y,,,2024-05-08T21:25:55,ccarsrud_EH,2025-06-02T21:43:34,pheinstein_NRS,-106.325309007928,35.1595014006796
440,442,Quail Run 04,400,1,35.113222,-106.304968,6934.223,S-2685,DOM,89101374-8f7a-427d-9228-daa0a56f60d2,BC-0426,Y,325MDER,,2024-05-08T21:25:55,ccarsrud_EH,2025-06-02T19:24:30,pheinstein_NRS,-106.304967913265,35.1132215040384
441,443,Yrisarri 01,305,0.8,34.967679,-106.28603,7284.388,E-03199-POD1,DOM,ce873b2a-1252-4204-84fe-e7695d7bce41,BC-0445,Y,325MDER,260 - 305,2024-05-08T21:25:55,ccarsrud_EH,2025-06-02T19:51:13,pheinstein_NRS,-106.286029772379,34.9676792048829
442,444,Z-Anaya 03,400,1.6,34.962985976,-106.304527136,7377.341,E-3308-POD2,DOM,d90a84c6-1748-4c1f-9e4a-3ec2f44c0c9f,BC-0365,Z,325MDER,300 - 400,2024-05-08T21:25:55,ccarsrud_EH,2025-06-03T17:37:45,pheinstein_NRS,-106.304527136,34.962985976
443,445,Z - Tranquillo 01,255,1.5,34.982009,-106.331331,7480.241,,DOM,0719dac3-8424-4190-b35a-05eef22554fa,BC-0444,Z,325MDER,,2024-05-08T21:25:55,ccarsrud_EH,2025-05-30T20:31:39,pheinstein_NRS,-106.33133086713,34.9820090748922
449,446,Heatherland Hills 07,425,2,35.022091,-106.334345,7352.552,RG-50711-POD1,DOM,69f6b4c4-b28a-4f16-95b0-406daefd19ab,BC-0396,Y,325MDER,400 - 450,2024-05-08T21:25:55,ccarsrud_EH,2025-05-30T22:13:23,pheinstein_NRS,-106.334345159574,35.0220913743722
450,447,Ramblewood 02,500,1.8,35.01765,-106.349333,7272.848,RG-70701,DOM,c0b4473c-cad5-4465-9378-52c9fe076974,BC-0430,Y,325MDER,,2024-05-08T21:25:55,ccarsrud_EH,2025-06-02T21:59:49,pheinstein_NRS,-106.349333256341,35.0176497989882
451,448,El Cedro 01,165,2.3,35.025474,-106.355355,7077.808,RG-31220,DOM,1b59bb32-f801-42de-baeb-127a4fcbf040,BC-0378,Y,325MDER,,2024-05-08T21:25:55,ccarsrud_EH,2025-05-30T22:00:33,pheinstein_NRS,-106.355355262866,35.0254743715232
452,449,NAA 13,600,,35.173403,-106.500418,6013.75,RG-61872-POD1,DOM,341e5ef6-3013-4071-840b-440f083a0931,BC-0408,M,112QTBFppm,,2024-05-08T21:25:55,ccarsrud_EH,2025-10-20T14:09:43,pheinstein_NRS,-106.500417864976,35.173402843489
454,450,Z - Juan Tomas 01,320,1.5,35.033332,-106.298104,7127.328,E-02278-POD2,DOM,1a21c66c-0bb7-4403-b7e6-569c9029cea4,BC-0402,Z,325MDER,,2024-05-08T21:25:55,ccarsrud_EH,2025-06-03T15:10:58,pheinstein_NRS,-106.298104421575,35.0333318668049
462,,EMC NW 55,273,,35.149313,-106.362262,6999.271,S-01004-POD1,DOM,f4ea95ae-b4ec-4add-bd45-90290f649a69,BC-0450,Y,,,2024-05-08T21:25:55,ccarsrud_EH,2025-06-02T18:14:42,pheinstein_NRS,-106.362262088387,35.14931331519
463,,Tijeras water coop,225,1.01,35.100882,-106.360514,6494.902,S-816,MM,b2ab707c-0c28-4d2c-ab6b-d9f1f804f318,BC-0457,Y,,,2024-05-08T21:25:55,ccarsrud_EH,2025-06-02T22:26:34,pheinstein_NRS,-106.3605136174,35.1008819503929
464,,Harms 01,260,1.7,35.165718,-106.348541,6855.787,S-1147,DOM,35a95ee1-97ca-47fb-a89d-937134430dad,BC-0455,Y,,,2024-05-08T21:25:55,ccarsrud_EH,2025-06-02T18:32:17,pheinstein_NRS,-106.348540624256,35.1657184074489
465,,Buckboard 04,600,1.63,34.955839,-106.308136,7410.497,E-04316,DOM,dddab57f-c330-4491-b7a1-29ba653961ec,BC-0507,Y,325MDER,,2024-05-08T21:25:55,ccarsrud_EH,2025-05-30T20:06:46,pheinstein_NRS,-106.308135743962,34.9558390301728
466,,EMC NE 73,0,1.46,35.141558,-106.290867,6793.239,S-3001-POD1,DOM,6cd477da-b56d-4d6b-868a-df4002495921,BC-0449,Y,325MDER,,2024-05-08T21:25:55,ccarsrud_EH,2025-06-02T20:27:49,pheinstein_NRS,-106.290866880384,35.1415581343249
467,,EMC SE 20,303,2.17,35.084026,-106.370867,6445.978,RG-82722,DOM,4b4b7ea5-83ab-42c0-946d-5254f7ce2ec4,BC-0472,Y,,,2024-05-08T21:25:55,ccarsrud_EH,2025-06-02T20:51:15,pheinstein_NRS,-106.370867192428,35.084025977301
468,,Tijeras Biozone,120,1.2,35.061965,-106.478137,5675.696,RG-60483,DOM,5f722d05-176c-441e-bf92-44e8e3df7b3c,BC-0469,M,400SAND,,2024-05-08T21:25:55,ccarsrud_EH,2025-06-02T19:38:07,pheinstein_NRS,-106.478136666218,35.0619647374129
469,,McGrane Rd,32,-0.5,35.077143,-106.389302,6267.176,RG-47805,MM,43da47a6-74ee-491e-8721-a21f572ab8fa,BC-0465,M,050QUAL,,2024-05-08T21:25:55,ccarsrud_EH,2025-06-02T18:38:58,pheinstein_NRS,-106.389302071041,35.0771434839223
470,,EMC NW 56,300,1.33,35.160833,-106.353003,6889.886,S-01431,DOM,b56fec44-4047-41e4-8f78-24c44d58a160,BC-0451,Y,,,2024-05-08T21:25:55,ccarsrud_EH,2025-06-02T18:15:24,pheinstein_NRS,-106.353003484232,35.1608328601656
471,,3 Kraemer ,400,0.917,34.978287,-106.326764,7525.396,RG42424 POD 1,DOM,8063e312-a83d-45dc-abec-cedb610eda0c,BC-0463,Y,325MDER,,2024-05-08T21:25:55,ccarsrud_EH,2025-05-30T20:03:26,pheinstein_NRS,-106.326763937328,34.9782872337345
474,,Heatherland Hills 09,500,1.25,35.02126,-106.336424,7329.065,RG-79290,DOM,f9704fd0-70c5-4272-a167-fb05c3321cca,BC-0468,Y,325MDER,,2024-05-08T21:25:55,ccarsrud_EH,2025-05-30T22:15:40,pheinstein_NRS,-106.336423738971,35.0212601964267
475,,Fox Hills 1,602.5,0.55,35.159987,-106.292384,6954.626,S-00433,DOM,30d8b5bd-4bb5-41d9-8f49-ea1d91c6d749,BC-0474,M,,,2024-05-08T21:25:55,ccarsrud_EH,2025-10-21T17:29:06,pheinstein_NRS,-106.292383801624,35.1599865685576
476,,Holli Loop 1,345,0.91,34.952575,-106.242004,7077.74,E-041333,DOM,cd07179a-db6c-4c57-8bc1-f0d93b300074,BC-0456,Y,325MDER,,2024-05-08T21:25:55,ccarsrud_EH,2025-06-02T18:40:00,pheinstein_NRS,-106.242004272756,34.9525754064841
477,,Tablazon 32,380,1.66,35.105681,-106.329342,6873.916,,DOM,af09c520-6feb-469b-a4bd-e3c77d132308,BC-0475,Y,325MDER,,2024-05-08T21:25:55,ccarsrud_EH,2025-05-30T21:07:33,pheinstein_NRS,-106.329342462418,35.1056810143834
480,,Buckboard 5,350,1.18,34.959739,-106.306575,7301.136,E-09157,DOM,0e0c7241-73f7-4579-89ad-1a72fae7f8e4,BC-0476,Y,325MDER,,2024-05-08T21:25:55,ccarsrud_EH,2025-05-30T20:09:21,pheinstein_NRS,-106.306574803476,34.9597387496348
481,,EMC SE 21,500,1.26,35.069349,-106.269279,7022.818,"E-3006,E-02950",DOM,e4056371-a0c7-4bb2-8c51-e279073d5afb,BC-0487,Y,325MDER,,2024-05-08T21:25:55,ccarsrud_EH,2025-06-02T20:52:31,pheinstein_NRS,-106.269278749834,35.0693493199207
483,,Five Hills 4,360,1.31,35.096505,-106.297088,7009.785,S-02572,DOM,34a9bed9-36dc-4b4a-9e44-20f39e36438f,BC-0478,Y,325MDER,,2024-05-15T17:40:48,pheinstein_NRS,2025-06-02T21:41:38,pheinstein_NRS,-106.297087782897,35.0965047915697
484,,Juan Tomas 02,240,1,35.032244,-106.289932,7084.528,E-07422,DOM,f613cdc7-beba-4406-a329-a9d42313af21,BC-0480,Y,325MDER,,2024-05-23T22:02:06,pheinstein_NRS,2025-06-02T16:21:47,pheinstein_NRS,-106.289931896769,35.0322435295271
485,1,Juan Tomas 03,240,1.98,35.032266,-106.288941,7074.306, E-05235-POD1,DOM,9fe8afa7-43d4-45a2-9a45-cd3e47dce660,BC-0481,Y,325MDER,,2024-05-23T22:06:50,pheinstein_NRS,2025-06-02T16:23:09,pheinstein_NRS,-106.288941062197,35.0322659260596
486,,Heatherland Hills 08,375,2.12,35.021126,-106.333093,7349.238,RG-61161POD1,DOM,db0fe76d-abbb-4a7d-b8a4-9808c3fff0b1,BC-0473,M,325MDER,,2024-05-28T17:09:36,pheinstein_NRS,2025-10-20T14:13:23,pheinstein_NRS,-106.333093182054,35.0211259410299
487,,EMC NE 74,283,1.79,35.141475,-106.323559,6887.716,S02609,DOM,44b51854-117c-4e88-91b0-80335b431085,BC-0510,M,210MNCS,,2024-07-08T15:29:09,pheinstein_NRS,2025-07-15T17:11:25,pheinstein_NRS,-106.323559488606,35.1414752242674
488,,EMC NW 57,125,0.92,35.104315,-106.387646,6829.14,S-1787,DOM,fc9d7b68-f3dc-42ae-9ef8-d6ef7b33c6cb,BC-0482,Y,,,2024-07-16T18:23:05,pheinstein_NRS,2025-06-02T18:11:22,pheinstein_NRS,-106.387645893864,35.1043153110149
490,,Serenity Mesa Old,218,1.49,35.02215,-106.723524,4990.755,RG-38253 POD1,DOM,6780b5a8-fe9d-4f4c-a2d0-ea6933073336,BC-0503,M,112SNTF,,2024-08-07T16:33:55,pheinstein_NRS,2025-10-17T21:54:31,pheinstein_NRS,-106.723524090337,35.0221504454879
491,,Equestrian Park,600,1.64,35.168672,-106.507177,5935.762,RG-74639,DOM,b57748be-36da-46dc-8d5f-c96ff4083fa6,BC-0509,M,112QTBFppm,,2024-08-07T20:09:08,pheinstein_NRS,2025-10-20T14:09:05,pheinstein_NRS,-106.507177440452,35.1686722999125
492,,Columbine Thompson 11,397,0.42,35.12565,-106.37432,6887.825,S-1626,DOM,a94c4514-8315-41f5-8786-5b7eb1053c1d,BC-0486,Y,,,2024-11-04T19:55:19,pheinstein_NRS,2025-05-30T20:27:33,pheinstein_NRS,-106.374320143904,35.1256502989497
493,,EMC SE 22,500,1.5,35.069336,-106.269286,7022.818, E-06458,DOM,be073d94-ba9f-457e-8a0c-35e64c25db9c,BC-0453,Y,325MDER,,2024-11-04T19:57:29,pheinstein_NRS,2025-06-02T20:53:29,pheinstein_NRS,-106.269285744117,35.069335827666
496,,EMC NW 58,360,1.73,35.128247,-106.372525,6969.355,S-02294,DOM,fed185cd-32fa-4000-a3e6-aefe9cf0a1a0,BC-0492,Y,,,2024-11-20T22:34:35,pheinstein_NRS,2025-06-02T18:13:02,pheinstein_NRS,-106.372525150066,35.1282470338673
497,,EMC NE 75,300,0.75,35.133819,-106.340522,6883.966,S-01708,DOM,d8cbd9c0-949d-4915-b563-408ac292689a,BC-0479,Y,211MVRD,,2024-11-20T23:09:51,pheinstein_NRS,2025-06-02T19:11:05,pheinstein_NRS,-106.340521661956,35.1338190409735
498,,Juan Tomas 04,220,1.33,35.032799,-106.285901,7056.219,E-5310,DOM,30d6613a-030b-4d87-8bbf-d0cb3eb3a277,BC-0488,Y,,,2024-12-03T15:54:33,pheinstein_NRS,2025-06-02T16:23:56,pheinstein_NRS,-106.285900507505,35.0327988165227
499,,Heatherland Hills 10,275,1.9,35.020297,-106.333779,7318.384,RG-50553,DOM,9d1fce36-7fba-45c4-887b-40306456bbdc,BC-0489,Y,,,2024-12-05T17:57:03,pheinstein_NRS,2025-05-30T22:16:16,pheinstein_NRS,-106.333778873297,35.020297261919
500,,Canyon Estates 3,300,2.17,35.087094,-106.388472,6595.024,S-0458,DOM,a48d4956-40b7-4291-a5fe-17c02891c429,BC-0005,Y,,,2025-01-03T22:19:45,ccarsrud_EH,2025-05-30T20:11:30,pheinstein_NRS,-106.388471539933,35.0870939779079
501,,EMC NW 59,220,1.7,35.156627,-106.354719,6891.94,S-2232,DOM,aa9d691e-5061-4149-b4c3-27fca64a7ef9,BC-0943,Y,,,2025-01-13T18:09:03,pheinstein_NRS,2025-06-02T18:13:48,pheinstein_NRS,-106.354718925964,35.1566271437962
502,,Sandoval County 8,240,2.02,35.237488,-106.353198,6646.306,RG-74186,DOM,222870ed-292b-415d-95b7-548dc79f49df,BC-0491,Y,,,2025-02-10T21:28:41,ccarsrud_EH,2025-06-02T14:58:01,pheinstein_NRS,-106.353198310851,35.2374876124218
503,,Heatherland Hills 11,,1.72,35.020687,-106.334358,7320.598,RG-98271,DOM,93c06f15-444d-471a-a567-5b1cc96c69cf,BC-0494,Y,,,2025-02-13T16:07:52,pheinstein_NRS,2025-05-30T22:17:12,pheinstein_NRS,-106.334358164485,35.0206873956509
504,,EMC NE 76,,-5.89,35.165965,-106.335555,6749.478,S-3003 POD1,DOM,6fa5a829-6aac-41f9-bb3c-202b26d35779,BC-0490,Y,,,2025-02-20T16:23:46,pheinstein_NRS,2025-06-02T19:10:18,pheinstein_NRS,-106.33555488214,35.1659646699822
506,,EGC 27,180,1.6,35.069345,-106.44614,6107.458,RG-01993,DOM,80ff3089-8e3d-4e6d-9d10-3d08f893f37b,BC-0485,Y,,,2025-03-01T20:42:42,pheinstein_NRS,2025-05-30T21:41:29,pheinstein_NRS,-106.446139589384,35.0693449614617
507,,EGC 28,250,0,35.069611,-106.444926,6124.086,RG-A1515,DOM,7de830fe-bb53-4ecb-a699-584190ccf7c6,BC-0495,Y,,,2025-03-08T17:33:42,pheinstein_NRS,2025-05-30T21:42:23,pheinstein_NRS,-106.444925554007,35.0696108770337
508,,EMC SE 23,150,2.05,34.983595,-106.286289,7292.019,E-05803/E-6458,DOM,0441bb0e-a25e-4a8f-bbc1-85880f962257,BC-0483,Y,,,2025-03-13T21:10:27,pheinstein_NRS,2025-06-02T20:54:11,pheinstein_NRS,-106.286289370225,34.98359492265
509,,EGC 29,,-2.9,35.070443,-106.444969,6146.741,RG-97237,DOM,c55b739e-6d81-4571-92ec-82af65e972f6,BC-0496,Y,,,2025-03-14T19:28:33,ccarsrud_EH,2025-05-30T21:42:55,pheinstein_NRS,-106.444968894126,35.070443020367
510,,Pinon Ridge Estates 12,515,2.03,35.148322,-106.350043,6967.001,S-01710,DOM,3287281b-5d6e-45e1-94c8-b723b19f0cea,NM-0484,Y,,,2025-03-24T16:17:14,pheinstein_NRS,2025-05-30T21:54:49,pheinstein_NRS,-106.350042664904,35.1483215312511
511,,BCPW EMA Transfer Station 2,483,0.58,35.099459,-106.361557,6464.102,"S-01534, S-1534explore",DOM,0de9c9a1-165f-45f9-ad73-674a89d9d1df,BC-0506,M,,,2025-03-26T19:30:39,pheinstein_NRS,2025-05-30T20:05:39,pheinstein_NRS,-106.36155688933,35.0994586588587
512,,Pinon Cove 08,365,1.93,35.158454,-106.353968,3904.683,S-02378,DOM,531b5cb9-24ee-4d36-b857-a4a7bb3f7f9c,BC-0502,Y,,,2025-03-26T21:48:12,pheinstein_NRS,2025-06-02T16:19:44,pheinstein_NRS,-106.353967928098,35.1584536489274
513,,EMC SE 25,0,0.65,35.097668,-106.359535,6510.492,,DOM,51275f4d-deb3-4c2a-8764-3240fc3bf695,BC-0503,Y,,,2025-04-03T15:26:09,pheinstein_NRS,2025-06-02T20:56:16,pheinstein_NRS,-106.359535473328,35.0976684580105
514,,EMC SE 24,120,0.7,35.097687,-106.361309,6513.722,,DOM,ebe67d3e-a9ec-42bd-85f5-ce0558f53acb,BC-0499,Y,,,2025-04-03T15:27:57,pheinstein_NRS,2025-06-02T20:56:42,pheinstein_NRS,-106.361308660562,35.0976871455441
515,,EMC NE 77,700,0.99,35.136822,-106.33389,7022.292,S-01993,DOM,510ac002-d42c-41db-95f8-eaa757c2eace,BC-0497,Y,,,2025-05-02T21:47:43,pheinstein_NRS,2025-06-02T19:09:30,pheinstein_NRS,-106.333890180849,35.13682202298
516,,EMC NE 78 ,125,0.6,35.128343,-106.341939,6806.298,S-374,MM,682c3f45-043c-4b8d-9ce7-d32f134c3aa8,BC-0498,M,,,2025-05-02T21:50:33,pheinstein_NRS,2025-06-02T19:07:47,pheinstein_NRS,-106.341939271746,35.1283427309054
517,,EMC NW 02D,402,1.5,35.150252,-106.362798,6987.906,S-609,DOM,e8341c82-7aa6-4713-acca-180134d46041,BC-0505,Y,,,2025-05-16T16:41:29,pheinstein_NRS,2025-05-30T22:22:06,pheinstein_NRS,-106.36279799993,35.1502520001142
518,,Columbine Thompson 12,,1.8,35.12178,-106.37149,,,DOM,b053b9b5-ea23-4ef1-a807-08f3e391d06d,BC-0511,Y,,,2025-08-13T15:45:04,pheinstein_NRS,2025-08-13T15:45:04,pheinstein_NRS,-106.373348257496,35.1218313553326
519,,Columbine Thompson 13,225,1.78,35.12181,-106.37168,,,DOM,c5841a80-8818-494e-9476-577c077cefe6,BC-0512,Y,,,2025-08-13T15:58:05,pheinstein_NRS,2025-08-13T15:58:05,pheinstein_NRS,-106.373320786116,35.1215493445859
520,,Granny Canyon 08,596,1.63,34.992196,106.316359,,RG-7895 pod2,DOM,2b671ac4-83d1-4d03-926a-dcefca940051,BC-501,Y,,,2025-09-04T19:11:32,pheinstein_NRS,2025-09-15T14:44:36,pheinstein_NRS,-106.316358994836,34.9921964518389
521,,Stagecoach 5,300,1.3,35.166707,106.320592,6640,S-02965,DOM,e5558dfb-9d6e-4a01-8e7e-05e2614a4f01,BC-0513,Y,,,2025-09-11T19:43:45,pheinstein_NRS,2025-09-15T16:23:50,pheinstein_NRS,-106.320592090915,35.166707304063
